timestamp,level,component,line_num,raw_message,job_status,error_type,request_id,duration_ms,err,upstream
2026-07-02 00:00:21.000,ERROR,metrics-worker,3,AnalyticsUploadTimeout: failed to push metrics batch to analytics.internal:9092 (attempt 1/3),,AnalyticsUploadTimeout,,,,
2026-07-02 00:02:18.000,ERROR,metrics-worker,16,AnalyticsUploadTimeout: failed to push metrics batch to analytics.internal:9092 (attempt 1/3),,AnalyticsUploadTimeout,,,,
2026-07-02 00:03:35.000,ERROR,metrics-worker,21,AnalyticsUploadTimeout: failed to push metrics batch to analytics.internal:9092 (attempt 1/3),,AnalyticsUploadTimeout,,,,
2026-07-02 00:05:12.000,ERROR,metrics-worker,26,AnalyticsUploadTimeout: failed to push metrics batch to analytics.internal:9092 (attempt 2/3),,AnalyticsUploadTimeout,,,,
2026-07-02 00:06:58.000,ERROR,metrics-worker,34,AnalyticsUploadTimeout: failed to push metrics batch to analytics.internal:9092 (attempt 2/3),,AnalyticsUploadTimeout,,,,
2026-07-02 00:08:56.000,ERROR,metrics-worker,43,AnalyticsUploadTimeout: failed to push metrics batch to analytics.internal:9092 (attempt 3/3),,AnalyticsUploadTimeout,,,,
2026-07-02 00:10:15.000,ERROR,metrics-worker,49,AnalyticsUploadTimeout: failed to push metrics batch to analytics.internal:9092 (attempt 2/3),,AnalyticsUploadTimeout,,,,
2026-07-02 00:12:25.000,ERROR,metrics-worker,62,AnalyticsUploadTimeout: failed to push metrics batch to analytics.internal:9092 (attempt 2/3),,AnalyticsUploadTimeout,,,,
2026-07-02 00:14:03.000,ERROR,metrics-worker,70,AnalyticsUploadTimeout: failed to push metrics batch to analytics.internal:9092 (attempt 3/3),,AnalyticsUploadTimeout,,,,
2026-07-02 00:15:31.000,ERROR,metrics-worker,76,AnalyticsUploadTimeout: failed to push metrics batch to analytics.internal:9092 (attempt 3/3),,AnalyticsUploadTimeout,,,,
2026-07-02 00:17:04.000,ERROR,metrics-worker,82,AnalyticsUploadTimeout: failed to push metrics batch to analytics.internal:9092 (attempt 3/3),,AnalyticsUploadTimeout,,,,
2026-07-02 00:19:01.000,ERROR,metrics-worker,91,AnalyticsUploadTimeout: failed to push metrics batch to analytics.internal:9092 (attempt 2/3),,AnalyticsUploadTimeout,,,,
2026-07-02 00:21:16.000,ERROR,metrics-worker,98,AnalyticsUploadTimeout: failed to push metrics batch to analytics.internal:9092 (attempt 2/3),,AnalyticsUploadTimeout,,,,
2026-07-02 00:23:15.000,ERROR,metrics-worker,105,AnalyticsUploadTimeout: failed to push metrics batch to analytics.internal:9092 (attempt 1/3),,AnalyticsUploadTimeout,,,,
2026-07-02 00:25:08.000,ERROR,metrics-worker,110,AnalyticsUploadTimeout: failed to push metrics batch to analytics.internal:9092 (attempt 2/3),,AnalyticsUploadTimeout,,,,
2026-07-02 00:26:44.000,ERROR,metrics-worker,114,AnalyticsUploadTimeout: failed to push metrics batch to analytics.internal:9092 (attempt 1/3),,AnalyticsUploadTimeout,,,,
2026-07-02 00:28:58.000,ERROR,metrics-worker,129,AnalyticsUploadTimeout: failed to push metrics batch to analytics.internal:9092 (attempt 1/3),,AnalyticsUploadTimeout,,,,
2026-07-02 00:30:38.000,ERROR,metrics-worker,138,AnalyticsUploadTimeout: failed to push metrics batch to analytics.internal:9092 (attempt 2/3),,AnalyticsUploadTimeout,,,,
2026-07-02 00:32:47.000,ERROR,metrics-worker,149,AnalyticsUploadTimeout: failed to push metrics batch to analytics.internal:9092 (attempt 3/3),,AnalyticsUploadTimeout,,,,
2026-07-02 00:34:39.000,ERROR,metrics-worker,159,AnalyticsUploadTimeout: failed to push metrics batch to analytics.internal:9092 (attempt 3/3),,AnalyticsUploadTimeout,,,,
2026-07-02 00:37:05.000,ERROR,metrics-worker,169,AnalyticsUploadTimeout: failed to push metrics batch to analytics.internal:9092 (attempt 2/3),,AnalyticsUploadTimeout,,,,
2026-07-02 00:39:15.000,ERROR,metrics-worker,179,AnalyticsUploadTimeout: failed to push metrics batch to analytics.internal:9092 (attempt 3/3),,AnalyticsUploadTimeout,,,,
2026-07-02 00:40:40.000,ERROR,metrics-worker,188,AnalyticsUploadTimeout: failed to push metrics batch to analytics.internal:9092 (attempt 3/3),,AnalyticsUploadTimeout,,,,
2026-07-02 00:41:51.000,ERROR,metrics-worker,195,AnalyticsUploadTimeout: failed to push metrics batch to analytics.internal:9092 (attempt 1/3),,AnalyticsUploadTimeout,,,,
2026-07-02 00:43:57.000,ERROR,metrics-worker,210,AnalyticsUploadTimeout: failed to push metrics batch to analytics.internal:9092 (attempt 2/3),,AnalyticsUploadTimeout,,,,
2026-07-02 00:45:44.000,ERROR,metrics-worker,218,AnalyticsUploadTimeout: failed to push metrics batch to analytics.internal:9092 (attempt 3/3),,AnalyticsUploadTimeout,,,,
2026-07-02 00:47:39.000,ERROR,metrics-worker,228,AnalyticsUploadTimeout: failed to push metrics batch to analytics.internal:9092 (attempt 1/3),,AnalyticsUploadTimeout,,,,
2026-07-02 00:49:01.000,ERROR,metrics-worker,238,AnalyticsUploadTimeout: failed to push metrics batch to analytics.internal:9092 (attempt 1/3),,AnalyticsUploadTimeout,,,,
2026-07-02 00:50:40.000,ERROR,metrics-worker,246,AnalyticsUploadTimeout: failed to push metrics batch to analytics.internal:9092 (attempt 1/3),,AnalyticsUploadTimeout,,,,
2026-07-02 00:52:14.000,ERROR,metrics-worker,252,AnalyticsUploadTimeout: failed to push metrics batch to analytics.internal:9092 (attempt 2/3),,AnalyticsUploadTimeout,,,,
2026-07-02 00:54:20.000,ERROR,metrics-worker,262,AnalyticsUploadTimeout: failed to push metrics batch to analytics.internal:9092 (attempt 3/3),,AnalyticsUploadTimeout,,,,
2026-07-02 00:55:59.000,ERROR,metrics-worker,272,AnalyticsUploadTimeout: failed to push metrics batch to analytics.internal:9092 (attempt 2/3),,AnalyticsUploadTimeout,,,,
2026-07-02 00:58:28.000,ERROR,metrics-worker,284,AnalyticsUploadTimeout: failed to push metrics batch to analytics.internal:9092 (attempt 2/3),,AnalyticsUploadTimeout,,,,
2026-07-02 01:00:32.000,ERROR,metrics-worker,293,AnalyticsUploadTimeout: failed to push metrics batch to analytics.internal:9092 (attempt 1/3),,AnalyticsUploadTimeout,,,,
2026-07-02 01:02:05.000,ERROR,metrics-worker,297,AnalyticsUploadTimeout: failed to push metrics batch to analytics.internal:9092 (attempt 1/3),,AnalyticsUploadTimeout,,,,
2026-07-02 01:03:55.000,ERROR,metrics-worker,301,AnalyticsUploadTimeout: failed to push metrics batch to analytics.internal:9092 (attempt 3/3),,AnalyticsUploadTimeout,,,,
2026-07-02 01:05:32.000,ERROR,metrics-worker,303,AnalyticsUploadTimeout: failed to push metrics batch to analytics.internal:9092 (attempt 1/3),,AnalyticsUploadTimeout,,,,
2026-07-02 01:06:58.000,ERROR,metrics-worker,308,AnalyticsUploadTimeout: failed to push metrics batch to analytics.internal:9092 (attempt 2/3),,AnalyticsUploadTimeout,,,,
2026-07-02 01:09:11.000,ERROR,metrics-worker,313,AnalyticsUploadTimeout: failed to push metrics batch to analytics.internal:9092 (attempt 1/3),,AnalyticsUploadTimeout,,,,
2026-07-02 01:10:33.000,ERROR,metrics-worker,320,AnalyticsUploadTimeout: failed to push metrics batch to analytics.internal:9092 (attempt 1/3),,AnalyticsUploadTimeout,,,,
2026-07-02 01:13:03.000,ERROR,metrics-worker,327,AnalyticsUploadTimeout: failed to push metrics batch to analytics.internal:9092 (attempt 2/3),,AnalyticsUploadTimeout,,,,
2026-07-02 01:15:01.000,ERROR,metrics-worker,332,AnalyticsUploadTimeout: failed to push metrics batch to analytics.internal:9092 (attempt 2/3),,AnalyticsUploadTimeout,,,,
2026-07-02 01:16:13.000,ERROR,metrics-worker,336,AnalyticsUploadTimeout: failed to push metrics batch to analytics.internal:9092 (attempt 2/3),,AnalyticsUploadTimeout,,,,
2026-07-02 01:18:43.000,ERROR,metrics-worker,347,AnalyticsUploadTimeout: failed to push metrics batch to analytics.internal:9092 (attempt 2/3),,AnalyticsUploadTimeout,,,,
2026-07-02 01:19:59.000,ERROR,metrics-worker,355,AnalyticsUploadTimeout: failed to push metrics batch to analytics.internal:9092 (attempt 3/3),,AnalyticsUploadTimeout,,,,
2026-07-02 01:22:06.000,ERROR,metrics-worker,362,AnalyticsUploadTimeout: failed to push metrics batch to analytics.internal:9092 (attempt 3/3),,AnalyticsUploadTimeout,,,,
2026-07-02 01:24:28.000,ERROR,metrics-worker,366,AnalyticsUploadTimeout: failed to push metrics batch to analytics.internal:9092 (attempt 3/3),,AnalyticsUploadTimeout,,,,
2026-07-02 01:25:40.000,ERROR,metrics-worker,371,AnalyticsUploadTimeout: failed to push metrics batch to analytics.internal:9092 (attempt 2/3),,AnalyticsUploadTimeout,,,,
2026-07-02 01:27:11.000,ERROR,metrics-worker,377,AnalyticsUploadTimeout: failed to push metrics batch to analytics.internal:9092 (attempt 1/3),,AnalyticsUploadTimeout,,,,
2026-07-02 01:28:35.000,ERROR,metrics-worker,379,AnalyticsUploadTimeout: failed to push metrics batch to analytics.internal:9092 (attempt 2/3),,AnalyticsUploadTimeout,,,,
2026-07-02 01:31:01.000,ERROR,metrics-worker,390,AnalyticsUploadTimeout: failed to push metrics batch to analytics.internal:9092 (attempt 3/3),,AnalyticsUploadTimeout,,,,
2026-07-02 01:32:17.000,ERROR,metrics-worker,393,AnalyticsUploadTimeout: failed to push metrics batch to analytics.internal:9092 (attempt 3/3),,AnalyticsUploadTimeout,,,,
2026-07-02 01:34:22.000,ERROR,metrics-worker,402,AnalyticsUploadTimeout: failed to push metrics batch to analytics.internal:9092 (attempt 2/3),,AnalyticsUploadTimeout,,,,
2026-07-02 01:35:55.000,ERROR,metrics-worker,405,AnalyticsUploadTimeout: failed to push metrics batch to analytics.internal:9092 (attempt 1/3),,AnalyticsUploadTimeout,,,,
2026-07-02 01:38:20.000,ERROR,metrics-worker,413,AnalyticsUploadTimeout: failed to push metrics batch to analytics.internal:9092 (attempt 1/3),,AnalyticsUploadTimeout,,,,
2026-07-02 01:40:24.000,ERROR,metrics-worker,416,AnalyticsUploadTimeout: failed to push metrics batch to analytics.internal:9092 (attempt 3/3),,AnalyticsUploadTimeout,,,,
2026-07-02 01:41:40.000,ERROR,metrics-worker,422,AnalyticsUploadTimeout: failed to push metrics batch to analytics.internal:9092 (attempt 2/3),,AnalyticsUploadTimeout,,,,
2026-07-02 01:42:50.000,ERROR,metrics-worker,428,AnalyticsUploadTimeout: failed to push metrics batch to analytics.internal:9092 (attempt 3/3),,AnalyticsUploadTimeout,,,,
2026-07-02 01:44:30.000,ERROR,metrics-worker,437,AnalyticsUploadTimeout: failed to push metrics batch to analytics.internal:9092 (attempt 1/3),,AnalyticsUploadTimeout,,,,
2026-07-02 01:46:25.000,ERROR,metrics-worker,444,AnalyticsUploadTimeout: failed to push metrics batch to analytics.internal:9092 (attempt 3/3),,AnalyticsUploadTimeout,,,,
2026-07-02 01:48:08.000,ERROR,metrics-worker,449,AnalyticsUploadTimeout: failed to push metrics batch to analytics.internal:9092 (attempt 3/3),,AnalyticsUploadTimeout,,,,
2026-07-02 01:50:15.000,ERROR,metrics-worker,456,AnalyticsUploadTimeout: failed to push metrics batch to analytics.internal:9092 (attempt 1/3),,AnalyticsUploadTimeout,,,,
2026-07-02 01:52:14.000,ERROR,metrics-worker,459,AnalyticsUploadTimeout: failed to push metrics batch to analytics.internal:9092 (attempt 2/3),,AnalyticsUploadTimeout,,,,
2026-07-02 01:54:40.000,ERROR,metrics-worker,464,AnalyticsUploadTimeout: failed to push metrics batch to analytics.internal:9092 (attempt 3/3),,AnalyticsUploadTimeout,,,,
2026-07-02 01:56:31.000,ERROR,metrics-worker,473,AnalyticsUploadTimeout: failed to push metrics batch to analytics.internal:9092 (attempt 1/3),,AnalyticsUploadTimeout,,,,
2026-07-02 01:57:59.000,ERROR,metrics-worker,476,AnalyticsUploadTimeout: failed to push metrics batch to analytics.internal:9092 (attempt 3/3),,AnalyticsUploadTimeout,,,,
2026-07-02 02:00:21.000,ERROR,metrics-worker,480,AnalyticsUploadTimeout: failed to push metrics batch to analytics.internal:9092 (attempt 1/3),,AnalyticsUploadTimeout,,,,
2026-07-02 02:02:07.000,ERROR,metrics-worker,484,AnalyticsUploadTimeout: failed to push metrics batch to analytics.internal:9092 (attempt 1/3),,AnalyticsUploadTimeout,,,,
2026-07-02 02:04:11.000,ERROR,metrics-worker,490,AnalyticsUploadTimeout: failed to push metrics batch to analytics.internal:9092 (attempt 3/3),,AnalyticsUploadTimeout,,,,
2026-07-02 02:06:03.000,ERROR,metrics-worker,495,AnalyticsUploadTimeout: failed to push metrics batch to analytics.internal:9092 (attempt 1/3),,AnalyticsUploadTimeout,,,,
2026-07-02 02:07:46.000,ERROR,metrics-worker,499,AnalyticsUploadTimeout: failed to push metrics batch to analytics.internal:9092 (attempt 2/3),,AnalyticsUploadTimeout,,,,
2026-07-02 02:09:07.000,ERROR,metrics-worker,504,AnalyticsUploadTimeout: failed to push metrics batch to analytics.internal:9092 (attempt 3/3),,AnalyticsUploadTimeout,,,,
2026-07-02 02:11:28.000,ERROR,metrics-worker,509,AnalyticsUploadTimeout: failed to push metrics batch to analytics.internal:9092 (attempt 1/3),,AnalyticsUploadTimeout,,,,
2026-07-02 02:13:46.000,ERROR,metrics-worker,519,AnalyticsUploadTimeout: failed to push metrics batch to analytics.internal:9092 (attempt 3/3),,AnalyticsUploadTimeout,,,,
2026-07-02 02:15:44.000,ERROR,metrics-worker,525,AnalyticsUploadTimeout: failed to push metrics batch to analytics.internal:9092 (attempt 2/3),,AnalyticsUploadTimeout,,,,
2026-07-02 02:16:55.000,ERROR,metrics-worker,528,AnalyticsUploadTimeout: failed to push metrics batch to analytics.internal:9092 (attempt 3/3),,AnalyticsUploadTimeout,,,,
2026-07-02 02:18:25.000,ERROR,metrics-worker,532,AnalyticsUploadTimeout: failed to push metrics batch to analytics.internal:9092 (attempt 1/3),,AnalyticsUploadTimeout,,,,
2026-07-02 02:20:07.000,ERROR,metrics-worker,533,AnalyticsUploadTimeout: failed to push metrics batch to analytics.internal:9092 (attempt 1/3),,AnalyticsUploadTimeout,,,,
2026-07-02 02:22:25.000,ERROR,metrics-worker,537,AnalyticsUploadTimeout: failed to push metrics batch to analytics.internal:9092 (attempt 2/3),,AnalyticsUploadTimeout,,,,
2026-07-02 02:23:48.000,ERROR,metrics-worker,541,AnalyticsUploadTimeout: failed to push metrics batch to analytics.internal:9092 (attempt 3/3),,AnalyticsUploadTimeout,,,,
2026-07-02 02:25:26.000,ERROR,metrics-worker,547,AnalyticsUploadTimeout: failed to push metrics batch to analytics.internal:9092 (attempt 1/3),,AnalyticsUploadTimeout,,,,
2026-07-02 02:26:55.000,ERROR,metrics-worker,554,AnalyticsUploadTimeout: failed to push metrics batch to analytics.internal:9092 (attempt 1/3),,AnalyticsUploadTimeout,,,,
2026-07-02 02:28:57.000,ERROR,metrics-worker,558,AnalyticsUploadTimeout: failed to push metrics batch to analytics.internal:9092 (attempt 1/3),,AnalyticsUploadTimeout,,,,
2026-07-02 02:31:14.000,ERROR,metrics-worker,567,AnalyticsUploadTimeout: failed to push metrics batch to analytics.internal:9092 (attempt 2/3),,AnalyticsUploadTimeout,,,,
2026-07-02 02:33:13.000,ERROR,metrics-worker,572,AnalyticsUploadTimeout: failed to push metrics batch to analytics.internal:9092 (attempt 1/3),,AnalyticsUploadTimeout,,,,
2026-07-02 02:35:02.000,ERROR,metrics-worker,575,AnalyticsUploadTimeout: failed to push metrics batch to analytics.internal:9092 (attempt 3/3),,AnalyticsUploadTimeout,,,,
2026-07-02 02:36:56.000,ERROR,metrics-worker,580,AnalyticsUploadTimeout: failed to push metrics batch to analytics.internal:9092 (attempt 2/3),,AnalyticsUploadTimeout,,,,
2026-07-02 02:39:22.000,ERROR,metrics-worker,585,AnalyticsUploadTimeout: failed to push metrics batch to analytics.internal:9092 (attempt 1/3),,AnalyticsUploadTimeout,,,,
2026-07-02 02:41:40.000,ERROR,metrics-worker,591,AnalyticsUploadTimeout: failed to push metrics batch to analytics.internal:9092 (attempt 1/3),,AnalyticsUploadTimeout,,,,
2026-07-02 02:43:37.000,ERROR,metrics-worker,595,AnalyticsUploadTimeout: failed to push metrics batch to analytics.internal:9092 (attempt 3/3),,AnalyticsUploadTimeout,,,,
2026-07-02 02:45:24.000,ERROR,metrics-worker,597,AnalyticsUploadTimeout: failed to push metrics batch to analytics.internal:9092 (attempt 1/3),,AnalyticsUploadTimeout,,,,
2026-07-02 02:47:37.000,ERROR,metrics-worker,603,AnalyticsUploadTimeout: failed to push metrics batch to analytics.internal:9092 (attempt 1/3),,AnalyticsUploadTimeout,,,,
2026-07-02 02:48:58.000,ERROR,metrics-worker,606,AnalyticsUploadTimeout: failed to push metrics batch to analytics.internal:9092 (attempt 1/3),,AnalyticsUploadTimeout,,,,
2026-07-02 02:50:57.000,ERROR,metrics-worker,611,AnalyticsUploadTimeout: failed to push metrics batch to analytics.internal:9092 (attempt 1/3),,AnalyticsUploadTimeout,,,,
2026-07-02 02:52:23.000,ERROR,metrics-worker,613,AnalyticsUploadTimeout: failed to push metrics batch to analytics.internal:9092 (attempt 1/3),,AnalyticsUploadTimeout,,,,
2026-07-02 02:54:38.000,ERROR,metrics-worker,617,AnalyticsUploadTimeout: failed to push metrics batch to analytics.internal:9092 (attempt 2/3),,AnalyticsUploadTimeout,,,,
2026-07-02 02:56:50.000,ERROR,metrics-worker,620,AnalyticsUploadTimeout: failed to push metrics batch to analytics.internal:9092 (attempt 2/3),,AnalyticsUploadTimeout,,,,
2026-07-02 02:58:44.000,ERROR,metrics-worker,624,AnalyticsUploadTimeout: failed to push metrics batch to analytics.internal:9092 (attempt 1/3),,AnalyticsUploadTimeout,,,,
2026-07-02 03:00:53.000,ERROR,metrics-worker,630,AnalyticsUploadTimeout: failed to push metrics batch to analytics.internal:9092 (attempt 1/3),,AnalyticsUploadTimeout,,,,
2026-07-02 03:02:22.000,ERROR,metrics-worker,637,AnalyticsUploadTimeout: failed to push metrics batch to analytics.internal:9092 (attempt 2/3),,AnalyticsUploadTimeout,,,,
2026-07-02 03:04:20.000,ERROR,metrics-worker,640,AnalyticsUploadTimeout: failed to push metrics batch to analytics.internal:9092 (attempt 3/3),,AnalyticsUploadTimeout,,,,
2026-07-02 03:05:59.000,ERROR,metrics-worker,642,AnalyticsUploadTimeout: failed to push metrics batch to analytics.internal:9092 (attempt 2/3),,AnalyticsUploadTimeout,,,,
2026-07-02 03:07:26.000,ERROR,metrics-worker,646,AnalyticsUploadTimeout: failed to push metrics batch to analytics.internal:9092 (attempt 3/3),,AnalyticsUploadTimeout,,,,
2026-07-02 03:09:26.000,ERROR,metrics-worker,647,AnalyticsUploadTimeout: failed to push metrics batch to analytics.internal:9092 (attempt 1/3),,AnalyticsUploadTimeout,,,,
2026-07-02 03:11:17.000,ERROR,metrics-worker,648,AnalyticsUploadTimeout: failed to push metrics batch to analytics.internal:9092 (attempt 3/3),,AnalyticsUploadTimeout,,,,
2026-07-02 03:13:11.000,ERROR,metrics-worker,652,AnalyticsUploadTimeout: failed to push metrics batch to analytics.internal:9092 (attempt 3/3),,AnalyticsUploadTimeout,,,,
2026-07-02 03:14:48.000,ERROR,metrics-worker,655,AnalyticsUploadTimeout: failed to push metrics batch to analytics.internal:9092 (attempt 3/3),,AnalyticsUploadTimeout,,,,
2026-07-02 03:16:37.000,ERROR,metrics-worker,659,AnalyticsUploadTimeout: failed to push metrics batch to analytics.internal:9092 (attempt 3/3),,AnalyticsUploadTimeout,,,,
2026-07-02 03:18:33.000,ERROR,metrics-worker,662,AnalyticsUploadTimeout: failed to push metrics batch to analytics.internal:9092 (attempt 3/3),,AnalyticsUploadTimeout,,,,
2026-07-02 03:20:58.000,ERROR,metrics-worker,668,AnalyticsUploadTimeout: failed to push metrics batch to analytics.internal:9092 (attempt 3/3),,AnalyticsUploadTimeout,,,,
2026-07-02 03:22:23.000,ERROR,metrics-worker,672,AnalyticsUploadTimeout: failed to push metrics batch to analytics.internal:9092 (attempt 2/3),,AnalyticsUploadTimeout,,,,
2026-07-02 03:23:41.000,ERROR,metrics-worker,675,AnalyticsUploadTimeout: failed to push metrics batch to analytics.internal:9092 (attempt 1/3),,AnalyticsUploadTimeout,,,,
2026-07-02 03:25:17.000,ERROR,metrics-worker,678,AnalyticsUploadTimeout: failed to push metrics batch to analytics.internal:9092 (attempt 3/3),,AnalyticsUploadTimeout,,,,
2026-07-02 03:27:20.000,ERROR,metrics-worker,679,AnalyticsUploadTimeout: failed to push metrics batch to analytics.internal:9092 (attempt 2/3),,AnalyticsUploadTimeout,,,,
2026-07-02 03:29:43.000,ERROR,metrics-worker,688,AnalyticsUploadTimeout: failed to push metrics batch to analytics.internal:9092 (attempt 1/3),,AnalyticsUploadTimeout,,,,
2026-07-02 03:31:55.000,ERROR,metrics-worker,696,AnalyticsUploadTimeout: failed to push metrics batch to analytics.internal:9092 (attempt 2/3),,AnalyticsUploadTimeout,,,,
2026-07-02 03:34:07.000,ERROR,metrics-worker,700,AnalyticsUploadTimeout: failed to push metrics batch to analytics.internal:9092 (attempt 3/3),,AnalyticsUploadTimeout,,,,
2026-07-02 03:36:03.000,ERROR,metrics-worker,706,AnalyticsUploadTimeout: failed to push metrics batch to analytics.internal:9092 (attempt 1/3),,AnalyticsUploadTimeout,,,,
2026-07-02 03:38:07.000,ERROR,metrics-worker,710,AnalyticsUploadTimeout: failed to push metrics batch to analytics.internal:9092 (attempt 3/3),,AnalyticsUploadTimeout,,,,
2026-07-02 03:40:16.000,ERROR,metrics-worker,712,AnalyticsUploadTimeout: failed to push metrics batch to analytics.internal:9092 (attempt 3/3),,AnalyticsUploadTimeout,,,,
2026-07-02 03:41:51.000,ERROR,metrics-worker,716,AnalyticsUploadTimeout: failed to push metrics batch to analytics.internal:9092 (attempt 2/3),,AnalyticsUploadTimeout,,,,
2026-07-02 03:43:35.000,ERROR,metrics-worker,719,AnalyticsUploadTimeout: failed to push metrics batch to analytics.internal:9092 (attempt 2/3),,AnalyticsUploadTimeout,,,,
2026-07-02 03:45:28.000,ERROR,metrics-worker,723,AnalyticsUploadTimeout: failed to push metrics batch to analytics.internal:9092 (attempt 2/3),,AnalyticsUploadTimeout,,,,
2026-07-02 03:47:19.000,ERROR,metrics-worker,727,AnalyticsUploadTimeout: failed to push metrics batch to analytics.internal:9092 (attempt 1/3),,AnalyticsUploadTimeout,,,,
2026-07-02 03:49:08.000,ERROR,metrics-worker,733,AnalyticsUploadTimeout: failed to push metrics batch to analytics.internal:9092 (attempt 2/3),,AnalyticsUploadTimeout,,,,
2026-07-02 03:50:57.000,ERROR,metrics-worker,737,AnalyticsUploadTimeout: failed to push metrics batch to analytics.internal:9092 (attempt 3/3),,AnalyticsUploadTimeout,,,,
2026-07-02 03:52:11.000,ERROR,metrics-worker,738,AnalyticsUploadTimeout: failed to push metrics batch to analytics.internal:9092 (attempt 3/3),,AnalyticsUploadTimeout,,,,
2026-07-02 03:54:12.000,ERROR,metrics-worker,742,AnalyticsUploadTimeout: failed to push metrics batch to analytics.internal:9092 (attempt 3/3),,AnalyticsUploadTimeout,,,,
2026-07-02 03:55:35.000,ERROR,metrics-worker,747,AnalyticsUploadTimeout: failed to push metrics batch to analytics.internal:9092 (attempt 3/3),,AnalyticsUploadTimeout,,,,
2026-07-02 03:58:02.000,ERROR,metrics-worker,751,AnalyticsUploadTimeout: failed to push metrics batch to analytics.internal:9092 (attempt 2/3),,AnalyticsUploadTimeout,,,,
2026-07-02 04:00:10.000,ERROR,metrics-worker,753,AnalyticsUploadTimeout: failed to push metrics batch to analytics.internal:9092 (attempt 1/3),,AnalyticsUploadTimeout,,,,
2026-07-02 04:01:22.000,ERROR,metrics-worker,757,AnalyticsUploadTimeout: failed to push metrics batch to analytics.internal:9092 (attempt 1/3),,AnalyticsUploadTimeout,,,,
2026-07-02 04:03:47.000,ERROR,metrics-worker,763,AnalyticsUploadTimeout: failed to push metrics batch to analytics.internal:9092 (attempt 1/3),,AnalyticsUploadTimeout,,,,
2026-07-02 04:05:03.000,ERROR,metrics-worker,767,AnalyticsUploadTimeout: failed to push metrics batch to analytics.internal:9092 (attempt 1/3),,AnalyticsUploadTimeout,,,,
2026-07-02 04:06:21.000,ERROR,metrics-worker,768,AnalyticsUploadTimeout: failed to push metrics batch to analytics.internal:9092 (attempt 1/3),,AnalyticsUploadTimeout,,,,
2026-07-02 04:08:29.000,ERROR,metrics-worker,770,AnalyticsUploadTimeout: failed to push metrics batch to analytics.internal:9092 (attempt 1/3),,AnalyticsUploadTimeout,,,,
2026-07-02 04:09:51.000,ERROR,metrics-worker,772,AnalyticsUploadTimeout: failed to push metrics batch to analytics.internal:9092 (attempt 2/3),,AnalyticsUploadTimeout,,,,
2026-07-02 04:11:21.000,ERROR,metrics-worker,773,AnalyticsUploadTimeout: failed to push metrics batch to analytics.internal:9092 (attempt 3/3),,AnalyticsUploadTimeout,,,,
2026-07-02 04:13:02.000,ERROR,metrics-worker,777,AnalyticsUploadTimeout: failed to push metrics batch to analytics.internal:9092 (attempt 1/3),,AnalyticsUploadTimeout,,,,
2026-07-02 04:14:42.000,ERROR,metrics-worker,779,AnalyticsUploadTimeout: failed to push metrics batch to analytics.internal:9092 (attempt 2/3),,AnalyticsUploadTimeout,,,,
2026-07-02 04:16:05.000,ERROR,metrics-worker,780,AnalyticsUploadTimeout: failed to push metrics batch to analytics.internal:9092 (attempt 2/3),,AnalyticsUploadTimeout,,,,
2026-07-02 04:17:45.000,ERROR,metrics-worker,783,AnalyticsUploadTimeout: failed to push metrics batch to analytics.internal:9092 (attempt 3/3),,AnalyticsUploadTimeout,,,,
2026-07-02 04:20:13.000,ERROR,metrics-worker,790,AnalyticsUploadTimeout: failed to push metrics batch to analytics.internal:9092 (attempt 2/3),,AnalyticsUploadTimeout,,,,
2026-07-02 04:22:41.000,ERROR,metrics-worker,796,AnalyticsUploadTimeout: failed to push metrics batch to analytics.internal:9092 (attempt 3/3),,AnalyticsUploadTimeout,,,,
2026-07-02 04:24:45.000,ERROR,metrics-worker,800,AnalyticsUploadTimeout: failed to push metrics batch to analytics.internal:9092 (attempt 2/3),,AnalyticsUploadTimeout,,,,
2026-07-02 04:26:05.000,ERROR,metrics-worker,803,AnalyticsUploadTimeout: failed to push metrics batch to analytics.internal:9092 (attempt 2/3),,AnalyticsUploadTimeout,,,,
2026-07-02 04:27:43.000,ERROR,metrics-worker,806,AnalyticsUploadTimeout: failed to push metrics batch to analytics.internal:9092 (attempt 1/3),,AnalyticsUploadTimeout,,,,
2026-07-02 04:28:59.000,ERROR,metrics-worker,808,AnalyticsUploadTimeout: failed to push metrics batch to analytics.internal:9092 (attempt 2/3),,AnalyticsUploadTimeout,,,,
2026-07-02 04:30:33.000,ERROR,metrics-worker,812,AnalyticsUploadTimeout: failed to push metrics batch to analytics.internal:9092 (attempt 1/3),,AnalyticsUploadTimeout,,,,
2026-07-02 04:32:43.000,ERROR,metrics-worker,816,AnalyticsUploadTimeout: failed to push metrics batch to analytics.internal:9092 (attempt 3/3),,AnalyticsUploadTimeout,,,,
2026-07-02 04:33:58.000,ERROR,metrics-worker,820,AnalyticsUploadTimeout: failed to push metrics batch to analytics.internal:9092 (attempt 1/3),,AnalyticsUploadTimeout,,,,
2026-07-02 04:35:23.000,ERROR,metrics-worker,825,AnalyticsUploadTimeout: failed to push metrics batch to analytics.internal:9092 (attempt 2/3),,AnalyticsUploadTimeout,,,,
2026-07-02 04:36:35.000,ERROR,metrics-worker,828,AnalyticsUploadTimeout: failed to push metrics batch to analytics.internal:9092 (attempt 3/3),,AnalyticsUploadTimeout,,,,
2026-07-02 04:38:20.000,ERROR,metrics-worker,831,AnalyticsUploadTimeout: failed to push metrics batch to analytics.internal:9092 (attempt 1/3),,AnalyticsUploadTimeout,,,,
2026-07-02 04:39:33.000,ERROR,metrics-worker,835,AnalyticsUploadTimeout: failed to push metrics batch to analytics.internal:9092 (attempt 3/3),,AnalyticsUploadTimeout,,,,
2026-07-02 04:41:26.000,ERROR,metrics-worker,838,AnalyticsUploadTimeout: failed to push metrics batch to analytics.internal:9092 (attempt 2/3),,AnalyticsUploadTimeout,,,,
2026-07-02 04:43:16.000,ERROR,metrics-worker,842,AnalyticsUploadTimeout: failed to push metrics batch to analytics.internal:9092 (attempt 1/3),,AnalyticsUploadTimeout,,,,
2026-07-02 04:45:44.000,ERROR,metrics-worker,847,AnalyticsUploadTimeout: failed to push metrics batch to analytics.internal:9092 (attempt 2/3),,AnalyticsUploadTimeout,,,,
2026-07-02 04:46:58.000,ERROR,metrics-worker,850,AnalyticsUploadTimeout: failed to push metrics batch to analytics.internal:9092 (attempt 1/3),,AnalyticsUploadTimeout,,,,
2026-07-02 04:48:53.000,ERROR,metrics-worker,856,AnalyticsUploadTimeout: failed to push metrics batch to analytics.internal:9092 (attempt 1/3),,AnalyticsUploadTimeout,,,,
2026-07-02 04:50:25.000,ERROR,metrics-worker,860,AnalyticsUploadTimeout: failed to push metrics batch to analytics.internal:9092 (attempt 3/3),,AnalyticsUploadTimeout,,,,
2026-07-02 04:51:38.000,ERROR,metrics-worker,866,AnalyticsUploadTimeout: failed to push metrics batch to analytics.internal:9092 (attempt 2/3),,AnalyticsUploadTimeout,,,,
2026-07-02 04:53:06.000,ERROR,metrics-worker,869,AnalyticsUploadTimeout: failed to push metrics batch to analytics.internal:9092 (attempt 3/3),,AnalyticsUploadTimeout,,,,
2026-07-02 04:54:20.000,ERROR,metrics-worker,872,AnalyticsUploadTimeout: failed to push metrics batch to analytics.internal:9092 (attempt 2/3),,AnalyticsUploadTimeout,,,,
2026-07-02 04:56:09.000,ERROR,metrics-worker,877,AnalyticsUploadTimeout: failed to push metrics batch to analytics.internal:9092 (attempt 2/3),,AnalyticsUploadTimeout,,,,
2026-07-02 04:58:34.000,ERROR,metrics-worker,882,AnalyticsUploadTimeout: failed to push metrics batch to analytics.internal:9092 (attempt 3/3),,AnalyticsUploadTimeout,,,,
2026-07-02 05:00:40.000,ERROR,metrics-worker,886,AnalyticsUploadTimeout: failed to push metrics batch to analytics.internal:9092 (attempt 2/3),,AnalyticsUploadTimeout,,,,
2026-07-02 05:01:52.000,ERROR,metrics-worker,889,AnalyticsUploadTimeout: failed to push metrics batch to analytics.internal:9092 (attempt 1/3),,AnalyticsUploadTimeout,,,,
2026-07-02 05:03:18.000,ERROR,metrics-worker,897,AnalyticsUploadTimeout: failed to push metrics batch to analytics.internal:9092 (attempt 1/3),,AnalyticsUploadTimeout,,,,
2026-07-02 05:05:45.000,ERROR,metrics-worker,903,AnalyticsUploadTimeout: failed to push metrics batch to analytics.internal:9092 (attempt 2/3),,AnalyticsUploadTimeout,,,,
2026-07-02 05:06:57.000,ERROR,metrics-worker,908,AnalyticsUploadTimeout: failed to push metrics batch to analytics.internal:9092 (attempt 3/3),,AnalyticsUploadTimeout,,,,
2026-07-02 05:09:21.000,ERROR,metrics-worker,913,AnalyticsUploadTimeout: failed to push metrics batch to analytics.internal:9092 (attempt 3/3),,AnalyticsUploadTimeout,,,,
2026-07-02 05:11:08.000,ERROR,metrics-worker,919,AnalyticsUploadTimeout: failed to push metrics batch to analytics.internal:9092 (attempt 2/3),,AnalyticsUploadTimeout,,,,
2026-07-02 05:12:47.000,ERROR,metrics-worker,926,AnalyticsUploadTimeout: failed to push metrics batch to analytics.internal:9092 (attempt 3/3),,AnalyticsUploadTimeout,,,,
2026-07-02 05:14:12.000,ERROR,metrics-worker,927,AnalyticsUploadTimeout: failed to push metrics batch to analytics.internal:9092 (attempt 2/3),,AnalyticsUploadTimeout,,,,
2026-07-02 05:16:11.000,ERROR,metrics-worker,933,AnalyticsUploadTimeout: failed to push metrics batch to analytics.internal:9092 (attempt 2/3),,AnalyticsUploadTimeout,,,,
2026-07-02 05:18:10.000,ERROR,metrics-worker,937,AnalyticsUploadTimeout: failed to push metrics batch to analytics.internal:9092 (attempt 2/3),,AnalyticsUploadTimeout,,,,
2026-07-02 05:19:47.000,ERROR,metrics-worker,941,AnalyticsUploadTimeout: failed to push metrics batch to analytics.internal:9092 (attempt 3/3),,AnalyticsUploadTimeout,,,,
2026-07-02 05:21:29.000,ERROR,metrics-worker,944,AnalyticsUploadTimeout: failed to push metrics batch to analytics.internal:9092 (attempt 3/3),,AnalyticsUploadTimeout,,,,
2026-07-02 05:23:34.000,ERROR,metrics-worker,950,AnalyticsUploadTimeout: failed to push metrics batch to analytics.internal:9092 (attempt 1/3),,AnalyticsUploadTimeout,,,,
2026-07-02 05:25:03.000,ERROR,metrics-worker,957,AnalyticsUploadTimeout: failed to push metrics batch to analytics.internal:9092 (attempt 3/3),,AnalyticsUploadTimeout,,,,
2026-07-02 05:27:27.000,ERROR,metrics-worker,963,AnalyticsUploadTimeout: failed to push metrics batch to analytics.internal:9092 (attempt 2/3),,AnalyticsUploadTimeout,,,,
2026-07-02 05:29:33.000,ERROR,metrics-worker,969,AnalyticsUploadTimeout: failed to push metrics batch to analytics.internal:9092 (attempt 2/3),,AnalyticsUploadTimeout,,,,
2026-07-02 05:32:00.000,ERROR,metrics-worker,978,AnalyticsUploadTimeout: failed to push metrics batch to analytics.internal:9092 (attempt 1/3),,AnalyticsUploadTimeout,,,,
2026-07-02 05:33:16.000,ERROR,metrics-worker,984,AnalyticsUploadTimeout: failed to push metrics batch to analytics.internal:9092 (attempt 1/3),,AnalyticsUploadTimeout,,,,
2026-07-02 05:34:38.000,ERROR,metrics-worker,987,AnalyticsUploadTimeout: failed to push metrics batch to analytics.internal:9092 (attempt 3/3),,AnalyticsUploadTimeout,,,,
2026-07-02 05:36:29.000,ERROR,metrics-worker,993,AnalyticsUploadTimeout: failed to push metrics batch to analytics.internal:9092 (attempt 2/3),,AnalyticsUploadTimeout,,,,
2026-07-02 05:38:15.000,ERROR,metrics-worker,998,AnalyticsUploadTimeout: failed to push metrics batch to analytics.internal:9092 (attempt 3/3),,AnalyticsUploadTimeout,,,,
2026-07-02 05:39:57.000,ERROR,metrics-worker,1004,AnalyticsUploadTimeout: failed to push metrics batch to analytics.internal:9092 (attempt 3/3),,AnalyticsUploadTimeout,,,,
2026-07-02 05:41:29.000,ERROR,metrics-worker,1009,AnalyticsUploadTimeout: failed to push metrics batch to analytics.internal:9092 (attempt 1/3),,AnalyticsUploadTimeout,,,,
2026-07-02 05:43:56.000,ERROR,metrics-worker,1013,AnalyticsUploadTimeout: failed to push metrics batch to analytics.internal:9092 (attempt 3/3),,AnalyticsUploadTimeout,,,,
2026-07-02 05:45:12.000,ERROR,metrics-worker,1020,AnalyticsUploadTimeout: failed to push metrics batch to analytics.internal:9092 (attempt 2/3),,AnalyticsUploadTimeout,,,,
2026-07-02 05:46:59.000,ERROR,metrics-worker,1024,AnalyticsUploadTimeout: failed to push metrics batch to analytics.internal:9092 (attempt 1/3),,AnalyticsUploadTimeout,,,,
2026-07-02 05:48:44.000,ERROR,metrics-worker,1029,AnalyticsUploadTimeout: failed to push metrics batch to analytics.internal:9092 (attempt 3/3),,AnalyticsUploadTimeout,,,,
2026-07-02 05:50:18.000,ERROR,metrics-worker,1038,AnalyticsUploadTimeout: failed to push metrics batch to analytics.internal:9092 (attempt 2/3),,AnalyticsUploadTimeout,,,,
2026-07-02 05:52:04.000,ERROR,metrics-worker,1043,AnalyticsUploadTimeout: failed to push metrics batch to analytics.internal:9092 (attempt 3/3),,AnalyticsUploadTimeout,,,,
2026-07-02 05:53:47.000,ERROR,metrics-worker,1050,AnalyticsUploadTimeout: failed to push metrics batch to analytics.internal:9092 (attempt 3/3),,AnalyticsUploadTimeout,,,,
2026-07-02 05:55:02.000,ERROR,metrics-worker,1056,AnalyticsUploadTimeout: failed to push metrics batch to analytics.internal:9092 (attempt 2/3),,AnalyticsUploadTimeout,,,,
2026-07-02 05:57:29.000,ERROR,metrics-worker,1064,AnalyticsUploadTimeout: failed to push metrics batch to analytics.internal:9092 (attempt 1/3),,AnalyticsUploadTimeout,,,,
2026-07-02 05:59:13.000,ERROR,metrics-worker,1069,AnalyticsUploadTimeout: failed to push metrics batch to analytics.internal:9092 (attempt 1/3),,AnalyticsUploadTimeout,,,,
2026-07-02 06:01:08.000,ERROR,metrics-worker,1075,AnalyticsUploadTimeout: failed to push metrics batch to analytics.internal:9092 (attempt 3/3),,AnalyticsUploadTimeout,,,,
2026-07-02 06:03:06.000,ERROR,metrics-worker,1081,AnalyticsUploadTimeout: failed to push metrics batch to analytics.internal:9092 (attempt 1/3),,AnalyticsUploadTimeout,,,,
2026-07-02 06:04:38.000,ERROR,metrics-worker,1087,AnalyticsUploadTimeout: failed to push metrics batch to analytics.internal:9092 (attempt 1/3),,AnalyticsUploadTimeout,,,,
2026-07-02 06:06:57.000,ERROR,metrics-worker,1101,AnalyticsUploadTimeout: failed to push metrics batch to analytics.internal:9092 (attempt 3/3),,AnalyticsUploadTimeout,,,,
2026-07-02 06:08:17.000,ERROR,metrics-worker,1106,AnalyticsUploadTimeout: failed to push metrics batch to analytics.internal:9092 (attempt 1/3),,AnalyticsUploadTimeout,,,,
2026-07-02 06:09:54.000,ERROR,metrics-worker,1114,AnalyticsUploadTimeout: failed to push metrics batch to analytics.internal:9092 (attempt 3/3),,AnalyticsUploadTimeout,,,,
2026-07-02 06:11:52.000,ERROR,metrics-worker,1127,AnalyticsUploadTimeout: failed to push metrics batch to analytics.internal:9092 (attempt 3/3),,AnalyticsUploadTimeout,,,,
2026-07-02 06:13:58.000,ERROR,metrics-worker,1139,AnalyticsUploadTimeout: failed to push metrics batch to analytics.internal:9092 (attempt 1/3),,AnalyticsUploadTimeout,,,,
2026-07-02 06:15:26.000,ERROR,metrics-worker,1148,AnalyticsUploadTimeout: failed to push metrics batch to analytics.internal:9092 (attempt 3/3),,AnalyticsUploadTimeout,,,,
2026-07-02 06:17:02.000,ERROR,metrics-worker,1158,AnalyticsUploadTimeout: failed to push metrics batch to analytics.internal:9092 (attempt 1/3),,AnalyticsUploadTimeout,,,,
2026-07-02 06:18:53.000,ERROR,metrics-worker,1173,AnalyticsUploadTimeout: failed to push metrics batch to analytics.internal:9092 (attempt 2/3),,AnalyticsUploadTimeout,,,,
2026-07-02 06:20:19.000,ERROR,metrics-worker,1177,AnalyticsUploadTimeout: failed to push metrics batch to analytics.internal:9092 (attempt 3/3),,AnalyticsUploadTimeout,,,,
2026-07-02 06:22:45.000,ERROR,metrics-worker,1192,AnalyticsUploadTimeout: failed to push metrics batch to analytics.internal:9092 (attempt 2/3),,AnalyticsUploadTimeout,,,,
2026-07-02 06:23:58.000,ERROR,metrics-worker,1196,AnalyticsUploadTimeout: failed to push metrics batch to analytics.internal:9092 (attempt 3/3),,AnalyticsUploadTimeout,,,,
2026-07-02 06:25:10.000,ERROR,metrics-worker,1201,AnalyticsUploadTimeout: failed to push metrics batch to analytics.internal:9092 (attempt 3/3),,AnalyticsUploadTimeout,,,,
2026-07-02 06:26:43.000,ERROR,metrics-worker,1208,AnalyticsUploadTimeout: failed to push metrics batch to analytics.internal:9092 (attempt 1/3),,AnalyticsUploadTimeout,,,,
2026-07-02 06:29:02.000,ERROR,metrics-worker,1219,AnalyticsUploadTimeout: failed to push metrics batch to analytics.internal:9092 (attempt 3/3),,AnalyticsUploadTimeout,,,,
2026-07-02 06:31:12.000,ERROR,metrics-worker,1228,AnalyticsUploadTimeout: failed to push metrics batch to analytics.internal:9092 (attempt 1/3),,AnalyticsUploadTimeout,,,,
2026-07-02 06:32:41.000,ERROR,metrics-worker,1240,AnalyticsUploadTimeout: failed to push metrics batch to analytics.internal:9092 (attempt 1/3),,AnalyticsUploadTimeout,,,,
2026-07-02 06:34:28.000,ERROR,metrics-worker,1251,AnalyticsUploadTimeout: failed to push metrics batch to analytics.internal:9092 (attempt 2/3),,AnalyticsUploadTimeout,,,,
2026-07-02 06:36:10.000,ERROR,metrics-worker,1260,AnalyticsUploadTimeout: failed to push metrics batch to analytics.internal:9092 (attempt 1/3),,AnalyticsUploadTimeout,,,,
2026-07-02 06:38:09.000,ERROR,metrics-worker,1269,AnalyticsUploadTimeout: failed to push metrics batch to analytics.internal:9092 (attempt 3/3),,AnalyticsUploadTimeout,,,,
2026-07-02 06:40:08.000,ERROR,metrics-worker,1273,AnalyticsUploadTimeout: failed to push metrics batch to analytics.internal:9092 (attempt 1/3),,AnalyticsUploadTimeout,,,,
2026-07-02 06:41:36.000,ERROR,metrics-worker,1280,AnalyticsUploadTimeout: failed to push metrics batch to analytics.internal:9092 (attempt 1/3),,AnalyticsUploadTimeout,,,,
2026-07-02 06:43:43.000,ERROR,metrics-worker,1289,AnalyticsUploadTimeout: failed to push metrics batch to analytics.internal:9092 (attempt 2/3),,AnalyticsUploadTimeout,,,,
2026-07-02 06:45:33.000,ERROR,metrics-worker,1297,AnalyticsUploadTimeout: failed to push metrics batch to analytics.internal:9092 (attempt 1/3),,AnalyticsUploadTimeout,,,,
2026-07-02 06:46:59.000,ERROR,metrics-worker,1303,AnalyticsUploadTimeout: failed to push metrics batch to analytics.internal:9092 (attempt 3/3),,AnalyticsUploadTimeout,,,,
2026-07-02 06:48:29.000,ERROR,metrics-worker,1312,AnalyticsUploadTimeout: failed to push metrics batch to analytics.internal:9092 (attempt 2/3),,AnalyticsUploadTimeout,,,,
2026-07-02 06:50:55.000,ERROR,metrics-worker,1328,AnalyticsUploadTimeout: failed to push metrics batch to analytics.internal:9092 (attempt 3/3),,AnalyticsUploadTimeout,,,,
2026-07-02 06:52:21.000,ERROR,metrics-worker,1332,AnalyticsUploadTimeout: failed to push metrics batch to analytics.internal:9092 (attempt 1/3),,AnalyticsUploadTimeout,,,,
2026-07-02 06:54:32.000,ERROR,metrics-worker,1346,AnalyticsUploadTimeout: failed to push metrics batch to analytics.internal:9092 (attempt 1/3),,AnalyticsUploadTimeout,,,,
2026-07-02 06:56:53.000,ERROR,metrics-worker,1359,AnalyticsUploadTimeout: failed to push metrics batch to analytics.internal:9092 (attempt 1/3),,AnalyticsUploadTimeout,,,,
2026-07-02 06:58:42.000,ERROR,metrics-worker,1367,AnalyticsUploadTimeout: failed to push metrics batch to analytics.internal:9092 (attempt 2/3),,AnalyticsUploadTimeout,,,,
2026-07-02 07:00:59.000,ERROR,metrics-worker,1385,AnalyticsUploadTimeout: failed to push metrics batch to analytics.internal:9092 (attempt 2/3),,AnalyticsUploadTimeout,,,,
2026-07-02 07:02:44.000,ERROR,metrics-worker,1401,AnalyticsUploadTimeout: failed to push metrics batch to analytics.internal:9092 (attempt 3/3),,AnalyticsUploadTimeout,,,,
2026-07-02 07:04:09.000,ERROR,metrics-worker,1419,AnalyticsUploadTimeout: failed to push metrics batch to analytics.internal:9092 (attempt 2/3),,AnalyticsUploadTimeout,,,,
2026-07-02 07:06:23.000,ERROR,metrics-worker,1442,AnalyticsUploadTimeout: failed to push metrics batch to analytics.internal:9092 (attempt 2/3),,AnalyticsUploadTimeout,,,,
2026-07-02 07:08:15.000,ERROR,metrics-worker,1456,AnalyticsUploadTimeout: failed to push metrics batch to analytics.internal:9092 (attempt 1/3),,AnalyticsUploadTimeout,,,,
2026-07-02 07:10:27.000,ERROR,metrics-worker,1476,AnalyticsUploadTimeout: failed to push metrics batch to analytics.internal:9092 (attempt 2/3),,AnalyticsUploadTimeout,,,,
2026-07-02 07:12:17.000,ERROR,metrics-worker,1490,AnalyticsUploadTimeout: failed to push metrics batch to analytics.internal:9092 (attempt 1/3),,AnalyticsUploadTimeout,,,,
2026-07-02 07:14:14.000,ERROR,metrics-worker,1500,AnalyticsUploadTimeout: failed to push metrics batch to analytics.internal:9092 (attempt 2/3),,AnalyticsUploadTimeout,,,,
2026-07-02 07:16:13.000,ERROR,metrics-worker,1518,AnalyticsUploadTimeout: failed to push metrics batch to analytics.internal:9092 (attempt 3/3),,AnalyticsUploadTimeout,,,,
2026-07-02 07:17:41.000,ERROR,metrics-worker,1529,AnalyticsUploadTimeout: failed to push metrics batch to analytics.internal:9092 (attempt 1/3),,AnalyticsUploadTimeout,,,,
2026-07-02 07:19:12.000,ERROR,metrics-worker,1540,AnalyticsUploadTimeout: failed to push metrics batch to analytics.internal:9092 (attempt 1/3),,AnalyticsUploadTimeout,,,,
2026-07-02 07:21:02.000,ERROR,metrics-worker,1563,AnalyticsUploadTimeout: failed to push metrics batch to analytics.internal:9092 (attempt 2/3),,AnalyticsUploadTimeout,,,,
2026-07-02 07:22:21.000,ERROR,metrics-worker,1576,AnalyticsUploadTimeout: failed to push metrics batch to analytics.internal:9092 (attempt 3/3),,AnalyticsUploadTimeout,,,,
2026-07-02 07:24:05.000,ERROR,metrics-worker,1594,AnalyticsUploadTimeout: failed to push metrics batch to analytics.internal:9092 (attempt 2/3),,AnalyticsUploadTimeout,,,,
2026-07-02 07:25:52.000,ERROR,metrics-worker,1605,AnalyticsUploadTimeout: failed to push metrics batch to analytics.internal:9092 (attempt 2/3),,AnalyticsUploadTimeout,,,,
2026-07-02 07:28:22.000,ERROR,metrics-worker,1620,AnalyticsUploadTimeout: failed to push metrics batch to analytics.internal:9092 (attempt 3/3),,AnalyticsUploadTimeout,,,,
2026-07-02 07:30:13.000,ERROR,metrics-worker,1637,AnalyticsUploadTimeout: failed to push metrics batch to analytics.internal:9092 (attempt 2/3),,AnalyticsUploadTimeout,,,,
2026-07-02 07:31:47.000,ERROR,metrics-worker,1653,AnalyticsUploadTimeout: failed to push metrics batch to analytics.internal:9092 (attempt 1/3),,AnalyticsUploadTimeout,,,,
2026-07-02 07:33:18.000,ERROR,metrics-worker,1673,AnalyticsUploadTimeout: failed to push metrics batch to analytics.internal:9092 (attempt 2/3),,AnalyticsUploadTimeout,,,,
2026-07-02 07:34:46.000,ERROR,metrics-worker,1687,AnalyticsUploadTimeout: failed to push metrics batch to analytics.internal:9092 (attempt 2/3),,AnalyticsUploadTimeout,,,,
2026-07-02 07:36:52.000,ERROR,metrics-worker,1712,AnalyticsUploadTimeout: failed to push metrics batch to analytics.internal:9092 (attempt 2/3),,AnalyticsUploadTimeout,,,,
2026-07-02 07:38:25.000,ERROR,metrics-worker,1723,AnalyticsUploadTimeout: failed to push metrics batch to analytics.internal:9092 (attempt 1/3),,AnalyticsUploadTimeout,,,,
2026-07-02 07:40:43.000,ERROR,metrics-worker,1740,AnalyticsUploadTimeout: failed to push metrics batch to analytics.internal:9092 (attempt 2/3),,AnalyticsUploadTimeout,,,,
2026-07-02 07:42:22.000,ERROR,metrics-worker,1759,AnalyticsUploadTimeout: failed to push metrics batch to analytics.internal:9092 (attempt 1/3),,AnalyticsUploadTimeout,,,,
2026-07-02 07:43:54.000,ERROR,metrics-worker,1771,AnalyticsUploadTimeout: failed to push metrics batch to analytics.internal:9092 (attempt 3/3),,AnalyticsUploadTimeout,,,,
2026-07-02 07:46:14.000,ERROR,metrics-worker,1784,AnalyticsUploadTimeout: failed to push metrics batch to analytics.internal:9092 (attempt 3/3),,AnalyticsUploadTimeout,,,,
2026-07-02 07:47:24.000,ERROR,metrics-worker,1793,AnalyticsUploadTimeout: failed to push metrics batch to analytics.internal:9092 (attempt 2/3),,AnalyticsUploadTimeout,,,,
2026-07-02 07:49:42.000,ERROR,metrics-worker,1817,AnalyticsUploadTimeout: failed to push metrics batch to analytics.internal:9092 (attempt 1/3),,AnalyticsUploadTimeout,,,,
2026-07-02 07:51:39.000,ERROR,metrics-worker,1828,AnalyticsUploadTimeout: failed to push metrics batch to analytics.internal:9092 (attempt 3/3),,AnalyticsUploadTimeout,,,,
2026-07-02 07:53:19.000,ERROR,metrics-worker,1836,AnalyticsUploadTimeout: failed to push metrics batch to analytics.internal:9092 (attempt 3/3),,AnalyticsUploadTimeout,,,,
2026-07-02 07:55:32.000,ERROR,metrics-worker,1866,AnalyticsUploadTimeout: failed to push metrics batch to analytics.internal:9092 (attempt 2/3),,AnalyticsUploadTimeout,,,,
2026-07-02 07:56:51.000,ERROR,metrics-worker,1873,AnalyticsUploadTimeout: failed to push metrics batch to analytics.internal:9092 (attempt 1/3),,AnalyticsUploadTimeout,,,,
2026-07-02 07:58:54.000,ERROR,metrics-worker,1893,AnalyticsUploadTimeout: failed to push metrics batch to analytics.internal:9092 (attempt 3/3),,AnalyticsUploadTimeout,,,,
2026-07-02 08:00:43.000,ERROR,metrics-worker,1918,AnalyticsUploadTimeout: failed to push metrics batch to analytics.internal:9092 (attempt 2/3),,AnalyticsUploadTimeout,,,,
2026-07-02 08:01:57.000,ERROR,metrics-worker,1941,AnalyticsUploadTimeout: failed to push metrics batch to analytics.internal:9092 (attempt 2/3),,AnalyticsUploadTimeout,,,,
2026-07-02 08:04:05.000,ERROR,metrics-worker,1963,AnalyticsUploadTimeout: failed to push metrics batch to analytics.internal:9092 (attempt 2/3),,AnalyticsUploadTimeout,,,,
2026-07-02 08:06:13.000,ERROR,metrics-worker,1997,AnalyticsUploadTimeout: failed to push metrics batch to analytics.internal:9092 (attempt 3/3),,AnalyticsUploadTimeout,,,,
2026-07-02 08:08:42.000,ERROR,metrics-worker,2041,AnalyticsUploadTimeout: failed to push metrics batch to analytics.internal:9092 (attempt 3/3),,AnalyticsUploadTimeout,,,,
2026-07-02 08:10:19.000,ERROR,metrics-worker,2058,AnalyticsUploadTimeout: failed to push metrics batch to analytics.internal:9092 (attempt 3/3),,AnalyticsUploadTimeout,,,,
2026-07-02 08:12:28.000,ERROR,metrics-worker,2099,AnalyticsUploadTimeout: failed to push metrics batch to analytics.internal:9092 (attempt 3/3),,AnalyticsUploadTimeout,,,,
2026-07-02 08:13:57.000,ERROR,metrics-worker,2126,AnalyticsUploadTimeout: failed to push metrics batch to analytics.internal:9092 (attempt 3/3),,AnalyticsUploadTimeout,,,,
2026-07-02 08:15:37.000,ERROR,metrics-worker,2148,AnalyticsUploadTimeout: failed to push metrics batch to analytics.internal:9092 (attempt 1/3),,AnalyticsUploadTimeout,,,,
2026-07-02 08:17:45.000,ERROR,metrics-worker,2179,AnalyticsUploadTimeout: failed to push metrics batch to analytics.internal:9092 (attempt 2/3),,AnalyticsUploadTimeout,,,,
2026-07-02 08:19:08.000,ERROR,metrics-worker,2201,AnalyticsUploadTimeout: failed to push metrics batch to analytics.internal:9092 (attempt 1/3),,AnalyticsUploadTimeout,,,,
2026-07-02 08:21:34.000,ERROR,metrics-worker,2235,AnalyticsUploadTimeout: failed to push metrics batch to analytics.internal:9092 (attempt 3/3),,AnalyticsUploadTimeout,,,,
2026-07-02 08:22:48.000,ERROR,metrics-worker,2251,AnalyticsUploadTimeout: failed to push metrics batch to analytics.internal:9092 (attempt 2/3),,AnalyticsUploadTimeout,,,,
2026-07-02 08:24:45.000,ERROR,metrics-worker,2283,AnalyticsUploadTimeout: failed to push metrics batch to analytics.internal:9092 (attempt 1/3),,AnalyticsUploadTimeout,,,,
2026-07-02 08:26:02.000,ERROR,metrics-worker,2305,AnalyticsUploadTimeout: failed to push metrics batch to analytics.internal:9092 (attempt 3/3),,AnalyticsUploadTimeout,,,,
2026-07-02 08:27:14.000,ERROR,metrics-worker,2321,AnalyticsUploadTimeout: failed to push metrics batch to analytics.internal:9092 (attempt 2/3),,AnalyticsUploadTimeout,,,,
2026-07-02 08:29:26.000,ERROR,metrics-worker,2353,AnalyticsUploadTimeout: failed to push metrics batch to analytics.internal:9092 (attempt 2/3),,AnalyticsUploadTimeout,,,,
2026-07-02 08:31:24.000,ERROR,metrics-worker,2383,AnalyticsUploadTimeout: failed to push metrics batch to analytics.internal:9092 (attempt 1/3),,AnalyticsUploadTimeout,,,,
2026-07-02 08:32:56.000,ERROR,metrics-worker,2404,AnalyticsUploadTimeout: failed to push metrics batch to analytics.internal:9092 (attempt 3/3),,AnalyticsUploadTimeout,,,,
2026-07-02 08:35:00.000,ERROR,metrics-worker,2429,AnalyticsUploadTimeout: failed to push metrics batch to analytics.internal:9092 (attempt 1/3),,AnalyticsUploadTimeout,,,,
2026-07-02 08:36:41.000,ERROR,metrics-worker,2454,AnalyticsUploadTimeout: failed to push metrics batch to analytics.internal:9092 (attempt 3/3),,AnalyticsUploadTimeout,,,,
2026-07-02 08:38:56.000,ERROR,metrics-worker,2488,AnalyticsUploadTimeout: failed to push metrics batch to analytics.internal:9092 (attempt 1/3),,AnalyticsUploadTimeout,,,,
2026-07-02 08:41:14.000,ERROR,metrics-worker,2528,AnalyticsUploadTimeout: failed to push metrics batch to analytics.internal:9092 (attempt 3/3),,AnalyticsUploadTimeout,,,,
2026-07-02 08:42:58.000,ERROR,metrics-worker,2550,AnalyticsUploadTimeout: failed to push metrics batch to analytics.internal:9092 (attempt 2/3),,AnalyticsUploadTimeout,,,,
2026-07-02 08:44:35.000,ERROR,metrics-worker,2577,AnalyticsUploadTimeout: failed to push metrics batch to analytics.internal:9092 (attempt 1/3),,AnalyticsUploadTimeout,,,,
2026-07-02 08:45:49.000,ERROR,metrics-worker,2597,AnalyticsUploadTimeout: failed to push metrics batch to analytics.internal:9092 (attempt 1/3),,AnalyticsUploadTimeout,,,,
2026-07-02 08:48:01.000,ERROR,metrics-worker,2619,AnalyticsUploadTimeout: failed to push metrics batch to analytics.internal:9092 (attempt 1/3),,AnalyticsUploadTimeout,,,,
2026-07-02 08:49:45.000,ERROR,metrics-worker,2649,AnalyticsUploadTimeout: failed to push metrics batch to analytics.internal:9092 (attempt 3/3),,AnalyticsUploadTimeout,,,,
2026-07-02 08:51:35.000,ERROR,metrics-worker,2675,AnalyticsUploadTimeout: failed to push metrics batch to analytics.internal:9092 (attempt 2/3),,AnalyticsUploadTimeout,,,,
2026-07-02 08:53:44.000,ERROR,metrics-worker,2704,AnalyticsUploadTimeout: failed to push metrics batch to analytics.internal:9092 (attempt 2/3),,AnalyticsUploadTimeout,,,,
2026-07-02 08:55:27.000,ERROR,metrics-worker,2729,AnalyticsUploadTimeout: failed to push metrics batch to analytics.internal:9092 (attempt 1/3),,AnalyticsUploadTimeout,,,,
2026-07-02 08:57:18.000,ERROR,metrics-worker,2754,AnalyticsUploadTimeout: failed to push metrics batch to analytics.internal:9092 (attempt 1/3),,AnalyticsUploadTimeout,,,,
2026-07-02 08:58:29.000,ERROR,metrics-worker,2771,AnalyticsUploadTimeout: failed to push metrics batch to analytics.internal:9092 (attempt 2/3),,AnalyticsUploadTimeout,,,,
2026-07-02 09:00:57.000,ERROR,metrics-worker,2801,AnalyticsUploadTimeout: failed to push metrics batch to analytics.internal:9092 (attempt 3/3),,AnalyticsUploadTimeout,,,,
2026-07-02 09:02:31.000,ERROR,metrics-worker,2833,AnalyticsUploadTimeout: failed to push metrics batch to analytics.internal:9092 (attempt 3/3),,AnalyticsUploadTimeout,,,,
2026-07-02 09:03:52.000,ERROR,metrics-worker,2874,AnalyticsUploadTimeout: failed to push metrics batch to analytics.internal:9092 (attempt 1/3),,AnalyticsUploadTimeout,,,,
2026-07-02 09:05:55.000,ERROR,metrics-worker,2928,AnalyticsUploadTimeout: failed to push metrics batch to analytics.internal:9092 (attempt 3/3),,AnalyticsUploadTimeout,,,,
2026-07-02 09:07:49.000,ERROR,metrics-worker,2952,AnalyticsUploadTimeout: failed to push metrics batch to analytics.internal:9092 (attempt 3/3),,AnalyticsUploadTimeout,,,,
2026-07-02 09:09:08.000,ERROR,metrics-worker,2976,AnalyticsUploadTimeout: failed to push metrics batch to analytics.internal:9092 (attempt 2/3),,AnalyticsUploadTimeout,,,,
2026-07-02 09:11:04.000,ERROR,metrics-worker,3028,AnalyticsUploadTimeout: failed to push metrics batch to analytics.internal:9092 (attempt 3/3),,AnalyticsUploadTimeout,,,,
2026-07-02 09:12:15.000,ERROR,metrics-worker,3057,AnalyticsUploadTimeout: failed to push metrics batch to analytics.internal:9092 (attempt 2/3),,AnalyticsUploadTimeout,,,,
2026-07-02 09:13:42.000,ERROR,metrics-worker,3089,AnalyticsUploadTimeout: failed to push metrics batch to analytics.internal:9092 (attempt 3/3),,AnalyticsUploadTimeout,,,,
2026-07-02 09:16:02.000,ERROR,metrics-worker,3143,AnalyticsUploadTimeout: failed to push metrics batch to analytics.internal:9092 (attempt 1/3),,AnalyticsUploadTimeout,,,,
2026-07-02 09:17:34.000,ERROR,metrics-worker,3177,AnalyticsUploadTimeout: failed to push metrics batch to analytics.internal:9092 (attempt 1/3),,AnalyticsUploadTimeout,,,,
2026-07-02 09:20:00.000,ERROR,metrics-worker,3227,AnalyticsUploadTimeout: failed to push metrics batch to analytics.internal:9092 (attempt 1/3),,AnalyticsUploadTimeout,,,,
2026-07-02 09:22:19.000,ERROR,metrics-worker,3269,AnalyticsUploadTimeout: failed to push metrics batch to analytics.internal:9092 (attempt 3/3),,AnalyticsUploadTimeout,,,,
2026-07-02 09:23:40.000,ERROR,metrics-worker,3304,AnalyticsUploadTimeout: failed to push metrics batch to analytics.internal:9092 (attempt 3/3),,AnalyticsUploadTimeout,,,,
2026-07-02 09:25:04.000,ERROR,metrics-worker,3326,AnalyticsUploadTimeout: failed to push metrics batch to analytics.internal:9092 (attempt 2/3),,AnalyticsUploadTimeout,,,,
2026-07-02 09:26:42.000,ERROR,metrics-worker,3366,AnalyticsUploadTimeout: failed to push metrics batch to analytics.internal:9092 (attempt 1/3),,AnalyticsUploadTimeout,,,,
2026-07-02 09:28:07.000,ERROR,metrics-worker,3397,AnalyticsUploadTimeout: failed to push metrics batch to analytics.internal:9092 (attempt 1/3),,AnalyticsUploadTimeout,,,,
2026-07-02 09:30:15.000,ERROR,metrics-worker,3427,AnalyticsUploadTimeout: failed to push metrics batch to analytics.internal:9092 (attempt 2/3),,AnalyticsUploadTimeout,,,,
2026-07-02 09:32:12.000,ERROR,metrics-worker,3456,AnalyticsUploadTimeout: failed to push metrics batch to analytics.internal:9092 (attempt 3/3),,AnalyticsUploadTimeout,,,,
2026-07-02 09:34:29.000,ERROR,metrics-worker,3496,AnalyticsUploadTimeout: failed to push metrics batch to analytics.internal:9092 (attempt 2/3),,AnalyticsUploadTimeout,,,,
2026-07-02 09:35:45.000,ERROR,metrics-worker,3524,AnalyticsUploadTimeout: failed to push metrics batch to analytics.internal:9092 (attempt 3/3),,AnalyticsUploadTimeout,,,,
2026-07-02 09:37:47.000,ERROR,metrics-worker,3570,AnalyticsUploadTimeout: failed to push metrics batch to analytics.internal:9092 (attempt 3/3),,AnalyticsUploadTimeout,,,,
2026-07-02 09:40:01.000,ERROR,metrics-worker,3618,AnalyticsUploadTimeout: failed to push metrics batch to analytics.internal:9092 (attempt 2/3),,AnalyticsUploadTimeout,,,,
2026-07-02 09:41:49.000,ERROR,metrics-worker,3655,AnalyticsUploadTimeout: failed to push metrics batch to analytics.internal:9092 (attempt 3/3),,AnalyticsUploadTimeout,,,,
2026-07-02 09:43:52.000,ERROR,metrics-worker,3692,AnalyticsUploadTimeout: failed to push metrics batch to analytics.internal:9092 (attempt 2/3),,AnalyticsUploadTimeout,,,,
2026-07-02 09:45:51.000,ERROR,metrics-worker,3735,AnalyticsUploadTimeout: failed to push metrics batch to analytics.internal:9092 (attempt 2/3),,AnalyticsUploadTimeout,,,,
2026-07-02 09:47:44.000,ERROR,metrics-worker,3770,AnalyticsUploadTimeout: failed to push metrics batch to analytics.internal:9092 (attempt 3/3),,AnalyticsUploadTimeout,,,,
2026-07-02 09:49:01.000,ERROR,metrics-worker,3801,AnalyticsUploadTimeout: failed to push metrics batch to analytics.internal:9092 (attempt 2/3),,AnalyticsUploadTimeout,,,,
2026-07-02 09:51:24.000,ERROR,metrics-worker,3866,AnalyticsUploadTimeout: failed to push metrics batch to analytics.internal:9092 (attempt 1/3),,AnalyticsUploadTimeout,,,,
2026-07-02 09:52:44.000,ERROR,metrics-worker,3905,AnalyticsUploadTimeout: failed to push metrics batch to analytics.internal:9092 (attempt 1/3),,AnalyticsUploadTimeout,,,,
2026-07-02 09:55:14.000,ERROR,metrics-worker,3955,AnalyticsUploadTimeout: failed to push metrics batch to analytics.internal:9092 (attempt 2/3),,AnalyticsUploadTimeout,,,,
2026-07-02 09:57:37.000,ERROR,metrics-worker,3999,AnalyticsUploadTimeout: failed to push metrics batch to analytics.internal:9092 (attempt 3/3),,AnalyticsUploadTimeout,,,,
2026-07-02 09:58:59.000,ERROR,metrics-worker,4034,AnalyticsUploadTimeout: failed to push metrics batch to analytics.internal:9092 (attempt 2/3),,AnalyticsUploadTimeout,,,,
2026-07-02 10:01:12.000,ERROR,metrics-worker,4091,AnalyticsUploadTimeout: failed to push metrics batch to analytics.internal:9092 (attempt 3/3),,AnalyticsUploadTimeout,,,,
2026-07-02 10:03:35.000,ERROR,metrics-worker,4156,AnalyticsUploadTimeout: failed to push metrics batch to analytics.internal:9092 (attempt 3/3),,AnalyticsUploadTimeout,,,,
2026-07-02 10:05:26.000,ERROR,metrics-worker,4211,AnalyticsUploadTimeout: failed to push metrics batch to analytics.internal:9092 (attempt 3/3),,AnalyticsUploadTimeout,,,,
2026-07-02 10:06:58.000,ERROR,metrics-worker,4247,AnalyticsUploadTimeout: failed to push metrics batch to analytics.internal:9092 (attempt 3/3),,AnalyticsUploadTimeout,,,,
2026-07-02 10:08:18.000,ERROR,metrics-worker,4287,AnalyticsUploadTimeout: failed to push metrics batch to analytics.internal:9092 (attempt 2/3),,AnalyticsUploadTimeout,,,,
2026-07-02 10:09:28.000,ERROR,metrics-worker,4315,AnalyticsUploadTimeout: failed to push metrics batch to analytics.internal:9092 (attempt 3/3),,AnalyticsUploadTimeout,,,,
2026-07-02 10:10:50.000,ERROR,metrics-worker,4345,AnalyticsUploadTimeout: failed to push metrics batch to analytics.internal:9092 (attempt 1/3),,AnalyticsUploadTimeout,,,,
2026-07-02 10:12:51.000,ERROR,metrics-worker,4391,AnalyticsUploadTimeout: failed to push metrics batch to analytics.internal:9092 (attempt 1/3),,AnalyticsUploadTimeout,,,,
2026-07-02 10:15:00.000,ERROR,metrics-worker,4449,AnalyticsUploadTimeout: failed to push metrics batch to analytics.internal:9092 (attempt 2/3),,AnalyticsUploadTimeout,,,,
2026-07-02 10:17:29.000,ERROR,metrics-worker,4516,AnalyticsUploadTimeout: failed to push metrics batch to analytics.internal:9092 (attempt 2/3),,AnalyticsUploadTimeout,,,,
2026-07-02 10:19:37.000,ERROR,metrics-worker,4560,AnalyticsUploadTimeout: failed to push metrics batch to analytics.internal:9092 (attempt 2/3),,AnalyticsUploadTimeout,,,,
2026-07-02 10:20:52.000,ERROR,metrics-worker,4603,AnalyticsUploadTimeout: failed to push metrics batch to analytics.internal:9092 (attempt 3/3),,AnalyticsUploadTimeout,,,,
2026-07-02 10:22:18.000,ERROR,metrics-worker,4644,AnalyticsUploadTimeout: failed to push metrics batch to analytics.internal:9092 (attempt 2/3),,AnalyticsUploadTimeout,,,,
2026-07-02 10:24:42.000,ERROR,metrics-worker,4703,AnalyticsUploadTimeout: failed to push metrics batch to analytics.internal:9092 (attempt 2/3),,AnalyticsUploadTimeout,,,,
2026-07-02 10:27:10.000,ERROR,metrics-worker,4769,AnalyticsUploadTimeout: failed to push metrics batch to analytics.internal:9092 (attempt 2/3),,AnalyticsUploadTimeout,,,,
2026-07-02 10:29:28.000,ERROR,metrics-worker,4836,AnalyticsUploadTimeout: failed to push metrics batch to analytics.internal:9092 (attempt 1/3),,AnalyticsUploadTimeout,,,,
2026-07-02 10:31:33.000,ERROR,metrics-worker,4889,AnalyticsUploadTimeout: failed to push metrics batch to analytics.internal:9092 (attempt 3/3),,AnalyticsUploadTimeout,,,,
2026-07-02 10:34:01.000,ERROR,metrics-worker,4937,AnalyticsUploadTimeout: failed to push metrics batch to analytics.internal:9092 (attempt 2/3),,AnalyticsUploadTimeout,,,,
2026-07-02 10:35:23.000,ERROR,metrics-worker,4964,AnalyticsUploadTimeout: failed to push metrics batch to analytics.internal:9092 (attempt 2/3),,AnalyticsUploadTimeout,,,,
2026-07-02 10:37:16.000,ERROR,metrics-worker,5018,AnalyticsUploadTimeout: failed to push metrics batch to analytics.internal:9092 (attempt 3/3),,AnalyticsUploadTimeout,,,,
2026-07-02 10:39:29.000,ERROR,metrics-worker,5078,AnalyticsUploadTimeout: failed to push metrics batch to analytics.internal:9092 (attempt 3/3),,AnalyticsUploadTimeout,,,,
2026-07-02 10:41:27.000,ERROR,metrics-worker,5138,AnalyticsUploadTimeout: failed to push metrics batch to analytics.internal:9092 (attempt 1/3),,AnalyticsUploadTimeout,,,,
2026-07-02 10:42:53.000,ERROR,metrics-worker,5177,AnalyticsUploadTimeout: failed to push metrics batch to analytics.internal:9092 (attempt 3/3),,AnalyticsUploadTimeout,,,,
2026-07-02 10:45:15.000,ERROR,metrics-worker,5247,AnalyticsUploadTimeout: failed to push metrics batch to analytics.internal:9092 (attempt 3/3),,AnalyticsUploadTimeout,,,,
2026-07-02 10:47:22.000,ERROR,metrics-worker,5296,AnalyticsUploadTimeout: failed to push metrics batch to analytics.internal:9092 (attempt 2/3),,AnalyticsUploadTimeout,,,,
2026-07-02 10:49:20.000,ERROR,metrics-worker,5349,AnalyticsUploadTimeout: failed to push metrics batch to analytics.internal:9092 (attempt 3/3),,AnalyticsUploadTimeout,,,,
2026-07-02 10:51:32.000,ERROR,metrics-worker,5393,AnalyticsUploadTimeout: failed to push metrics batch to analytics.internal:9092 (attempt 1/3),,AnalyticsUploadTimeout,,,,
2026-07-02 10:53:26.000,ERROR,metrics-worker,5451,AnalyticsUploadTimeout: failed to push metrics batch to analytics.internal:9092 (attempt 3/3),,AnalyticsUploadTimeout,,,,
2026-07-02 10:55:44.000,ERROR,metrics-worker,5520,AnalyticsUploadTimeout: failed to push metrics batch to analytics.internal:9092 (attempt 1/3),,AnalyticsUploadTimeout,,,,
2026-07-02 10:57:23.000,ERROR,metrics-worker,5560,AnalyticsUploadTimeout: failed to push metrics batch to analytics.internal:9092 (attempt 3/3),,AnalyticsUploadTimeout,,,,
2026-07-02 10:59:52.000,ERROR,metrics-worker,5626,AnalyticsUploadTimeout: failed to push metrics batch to analytics.internal:9092 (attempt 3/3),,AnalyticsUploadTimeout,,,,
2026-07-02 11:01:15.000,ERROR,metrics-worker,5670,AnalyticsUploadTimeout: failed to push metrics batch to analytics.internal:9092 (attempt 1/3),,AnalyticsUploadTimeout,,,,
2026-07-02 11:02:56.000,ERROR,metrics-worker,5717,AnalyticsUploadTimeout: failed to push metrics batch to analytics.internal:9092 (attempt 1/3),,AnalyticsUploadTimeout,,,,
2026-07-02 11:04:13.000,ERROR,metrics-worker,5752,AnalyticsUploadTimeout: failed to push metrics batch to analytics.internal:9092 (attempt 3/3),,AnalyticsUploadTimeout,,,,
2026-07-02 11:06:05.000,ERROR,metrics-worker,5807,AnalyticsUploadTimeout: failed to push metrics batch to analytics.internal:9092 (attempt 2/3),,AnalyticsUploadTimeout,,,,
2026-07-02 11:08:09.000,ERROR,metrics-worker,5859,AnalyticsUploadTimeout: failed to push metrics batch to analytics.internal:9092 (attempt 3/3),,AnalyticsUploadTimeout,,,,
2026-07-02 11:10:37.000,ERROR,metrics-worker,5922,AnalyticsUploadTimeout: failed to push metrics batch to analytics.internal:9092 (attempt 2/3),,AnalyticsUploadTimeout,,,,
2026-07-02 11:12:56.000,ERROR,metrics-worker,5984,AnalyticsUploadTimeout: failed to push metrics batch to analytics.internal:9092 (attempt 2/3),,AnalyticsUploadTimeout,,,,
2026-07-02 11:14:24.000,ERROR,metrics-worker,6049,AnalyticsUploadTimeout: failed to push metrics batch to analytics.internal:9092 (attempt 1/3),,AnalyticsUploadTimeout,,,,
2026-07-02 11:16:17.000,ERROR,metrics-worker,6099,AnalyticsUploadTimeout: failed to push metrics batch to analytics.internal:9092 (attempt 2/3),,AnalyticsUploadTimeout,,,,
2026-07-02 11:17:38.000,ERROR,metrics-worker,6144,AnalyticsUploadTimeout: failed to push metrics batch to analytics.internal:9092 (attempt 2/3),,AnalyticsUploadTimeout,,,,
2026-07-02 11:19:05.000,ERROR,metrics-worker,6183,AnalyticsUploadTimeout: failed to push metrics batch to analytics.internal:9092 (attempt 3/3),,AnalyticsUploadTimeout,,,,
2026-07-02 11:20:41.000,ERROR,metrics-worker,6235,AnalyticsUploadTimeout: failed to push metrics batch to analytics.internal:9092 (attempt 2/3),,AnalyticsUploadTimeout,,,,
2026-07-02 11:22:33.000,ERROR,metrics-worker,6277,AnalyticsUploadTimeout: failed to push metrics batch to analytics.internal:9092 (attempt 3/3),,AnalyticsUploadTimeout,,,,
2026-07-02 11:24:16.000,ERROR,metrics-worker,6333,AnalyticsUploadTimeout: failed to push metrics batch to analytics.internal:9092 (attempt 1/3),,AnalyticsUploadTimeout,,,,
2026-07-02 11:25:39.000,ERROR,metrics-worker,6374,AnalyticsUploadTimeout: failed to push metrics batch to analytics.internal:9092 (attempt 2/3),,AnalyticsUploadTimeout,,,,
2026-07-02 11:27:33.000,ERROR,metrics-worker,6425,AnalyticsUploadTimeout: failed to push metrics batch to analytics.internal:9092 (attempt 1/3),,AnalyticsUploadTimeout,,,,
2026-07-02 11:28:43.000,ERROR,metrics-worker,6462,AnalyticsUploadTimeout: failed to push metrics batch to analytics.internal:9092 (attempt 1/3),,AnalyticsUploadTimeout,,,,
2026-07-02 11:30:22.000,ERROR,metrics-worker,6524,AnalyticsUploadTimeout: failed to push metrics batch to analytics.internal:9092 (attempt 1/3),,AnalyticsUploadTimeout,,,,
2026-07-02 11:32:31.000,ERROR,metrics-worker,6583,AnalyticsUploadTimeout: failed to push metrics batch to analytics.internal:9092 (attempt 3/3),,AnalyticsUploadTimeout,,,,
2026-07-02 11:33:42.000,ERROR,metrics-worker,6622,AnalyticsUploadTimeout: failed to push metrics batch to analytics.internal:9092 (attempt 3/3),,AnalyticsUploadTimeout,,,,
2026-07-02 11:35:51.000,ERROR,metrics-worker,6693,AnalyticsUploadTimeout: failed to push metrics batch to analytics.internal:9092 (attempt 2/3),,AnalyticsUploadTimeout,,,,
2026-07-02 11:37:37.000,ERROR,metrics-worker,6740,AnalyticsUploadTimeout: failed to push metrics batch to analytics.internal:9092 (attempt 2/3),,AnalyticsUploadTimeout,,,,
2026-07-02 11:39:02.000,ERROR,metrics-worker,6788,AnalyticsUploadTimeout: failed to push metrics batch to analytics.internal:9092 (attempt 2/3),,AnalyticsUploadTimeout,,,,
2026-07-02 11:40:13.000,ERROR,metrics-worker,6822,AnalyticsUploadTimeout: failed to push metrics batch to analytics.internal:9092 (attempt 2/3),,AnalyticsUploadTimeout,,,,
2026-07-02 11:42:41.000,ERROR,metrics-worker,6886,AnalyticsUploadTimeout: failed to push metrics batch to analytics.internal:9092 (attempt 3/3),,AnalyticsUploadTimeout,,,,
2026-07-02 11:45:03.000,ERROR,metrics-worker,6953,AnalyticsUploadTimeout: failed to push metrics batch to analytics.internal:9092 (attempt 1/3),,AnalyticsUploadTimeout,,,,
2026-07-02 11:46:35.000,ERROR,metrics-worker,7003,AnalyticsUploadTimeout: failed to push metrics batch to analytics.internal:9092 (attempt 1/3),,AnalyticsUploadTimeout,,,,
2026-07-02 11:48:54.000,ERROR,metrics-worker,7074,AnalyticsUploadTimeout: failed to push metrics batch to analytics.internal:9092 (attempt 3/3),,AnalyticsUploadTimeout,,,,
2026-07-02 11:50:29.000,ERROR,metrics-worker,7123,AnalyticsUploadTimeout: failed to push metrics batch to analytics.internal:9092 (attempt 1/3),,AnalyticsUploadTimeout,,,,
2026-07-02 11:52:14.000,ERROR,metrics-worker,7173,AnalyticsUploadTimeout: failed to push metrics batch to analytics.internal:9092 (attempt 1/3),,AnalyticsUploadTimeout,,,,
2026-07-02 11:54:26.000,ERROR,metrics-worker,7225,AnalyticsUploadTimeout: failed to push metrics batch to analytics.internal:9092 (attempt 2/3),,AnalyticsUploadTimeout,,,,
2026-07-02 11:56:07.000,ERROR,metrics-worker,7272,AnalyticsUploadTimeout: failed to push metrics batch to analytics.internal:9092 (attempt 3/3),,AnalyticsUploadTimeout,,,,
2026-07-02 11:57:19.000,ERROR,metrics-worker,7307,AnalyticsUploadTimeout: failed to push metrics batch to analytics.internal:9092 (attempt 1/3),,AnalyticsUploadTimeout,,,,
2026-07-02 11:59:04.000,ERROR,metrics-worker,7359,AnalyticsUploadTimeout: failed to push metrics batch to analytics.internal:9092 (attempt 2/3),,AnalyticsUploadTimeout,,,,
2026-07-02 12:01:25.000,ERROR,metrics-worker,7433,AnalyticsUploadTimeout: failed to push metrics batch to analytics.internal:9092 (attempt 2/3),,AnalyticsUploadTimeout,,,,
2026-07-02 12:03:15.000,ERROR,metrics-worker,7492,AnalyticsUploadTimeout: failed to push metrics batch to analytics.internal:9092 (attempt 3/3),,AnalyticsUploadTimeout,,,,
2026-07-02 12:05:34.000,ERROR,metrics-worker,7558,AnalyticsUploadTimeout: failed to push metrics batch to analytics.internal:9092 (attempt 3/3),,AnalyticsUploadTimeout,,,,
2026-07-02 12:07:49.000,ERROR,metrics-worker,7641,AnalyticsUploadTimeout: failed to push metrics batch to analytics.internal:9092 (attempt 1/3),,AnalyticsUploadTimeout,,,,
2026-07-02 12:10:02.000,ERROR,metrics-worker,7700,AnalyticsUploadTimeout: failed to push metrics batch to analytics.internal:9092 (attempt 2/3),,AnalyticsUploadTimeout,,,,
2026-07-02 12:11:33.000,ERROR,metrics-worker,7751,AnalyticsUploadTimeout: failed to push metrics batch to analytics.internal:9092 (attempt 1/3),,AnalyticsUploadTimeout,,,,
2026-07-02 12:12:56.000,ERROR,metrics-worker,7801,AnalyticsUploadTimeout: failed to push metrics batch to analytics.internal:9092 (attempt 2/3),,AnalyticsUploadTimeout,,,,
2026-07-02 12:14:18.000,ERROR,metrics-worker,7845,AnalyticsUploadTimeout: failed to push metrics batch to analytics.internal:9092 (attempt 3/3),,AnalyticsUploadTimeout,,,,
2026-07-02 12:15:35.000,ERROR,metrics-worker,7890,AnalyticsUploadTimeout: failed to push metrics batch to analytics.internal:9092 (attempt 2/3),,AnalyticsUploadTimeout,,,,
2026-07-02 12:16:45.000,ERROR,metrics-worker,7921,AnalyticsUploadTimeout: failed to push metrics batch to analytics.internal:9092 (attempt 1/3),,AnalyticsUploadTimeout,,,,
2026-07-02 12:18:53.000,ERROR,metrics-worker,7997,AnalyticsUploadTimeout: failed to push metrics batch to analytics.internal:9092 (attempt 1/3),,AnalyticsUploadTimeout,,,,
2026-07-02 12:20:31.000,ERROR,metrics-worker,8057,AnalyticsUploadTimeout: failed to push metrics batch to analytics.internal:9092 (attempt 2/3),,AnalyticsUploadTimeout,,,,
2026-07-02 12:22:37.000,ERROR,metrics-worker,8120,AnalyticsUploadTimeout: failed to push metrics batch to analytics.internal:9092 (attempt 2/3),,AnalyticsUploadTimeout,,,,
2026-07-02 12:23:59.000,ERROR,metrics-worker,8171,AnalyticsUploadTimeout: failed to push metrics batch to analytics.internal:9092 (attempt 3/3),,AnalyticsUploadTimeout,,,,
2026-07-02 12:25:19.000,ERROR,metrics-worker,8217,AnalyticsUploadTimeout: failed to push metrics batch to analytics.internal:9092 (attempt 3/3),,AnalyticsUploadTimeout,,,,
2026-07-02 12:26:45.000,ERROR,metrics-worker,8267,AnalyticsUploadTimeout: failed to push metrics batch to analytics.internal:9092 (attempt 1/3),,AnalyticsUploadTimeout,,,,
2026-07-02 12:28:05.000,ERROR,metrics-worker,8322,AnalyticsUploadTimeout: failed to push metrics batch to analytics.internal:9092 (attempt 2/3),,AnalyticsUploadTimeout,,,,
2026-07-02 12:30:07.000,ERROR,metrics-worker,8394,AnalyticsUploadTimeout: failed to push metrics batch to analytics.internal:9092 (attempt 3/3),,AnalyticsUploadTimeout,,,,
2026-07-02 12:31:53.000,ERROR,metrics-worker,8465,AnalyticsUploadTimeout: failed to push metrics batch to analytics.internal:9092 (attempt 1/3),,AnalyticsUploadTimeout,,,,
2026-07-02 12:33:13.000,ERROR,metrics-worker,8504,AnalyticsUploadTimeout: failed to push metrics batch to analytics.internal:9092 (attempt 3/3),,AnalyticsUploadTimeout,,,,
2026-07-02 12:34:27.000,ERROR,metrics-worker,8547,AnalyticsUploadTimeout: failed to push metrics batch to analytics.internal:9092 (attempt 2/3),,AnalyticsUploadTimeout,,,,
2026-07-02 12:36:24.000,ERROR,metrics-worker,8606,AnalyticsUploadTimeout: failed to push metrics batch to analytics.internal:9092 (attempt 3/3),,AnalyticsUploadTimeout,,,,
2026-07-02 12:38:20.000,ERROR,metrics-worker,8666,AnalyticsUploadTimeout: failed to push metrics batch to analytics.internal:9092 (attempt 3/3),,AnalyticsUploadTimeout,,,,
2026-07-02 12:40:22.000,ERROR,metrics-worker,8735,AnalyticsUploadTimeout: failed to push metrics batch to analytics.internal:9092 (attempt 2/3),,AnalyticsUploadTimeout,,,,
2026-07-02 12:41:39.000,ERROR,metrics-worker,8771,AnalyticsUploadTimeout: failed to push metrics batch to analytics.internal:9092 (attempt 2/3),,AnalyticsUploadTimeout,,,,
2026-07-02 12:43:12.000,ERROR,metrics-worker,8816,AnalyticsUploadTimeout: failed to push metrics batch to analytics.internal:9092 (attempt 1/3),,AnalyticsUploadTimeout,,,,
2026-07-02 12:45:26.000,ERROR,metrics-worker,8884,AnalyticsUploadTimeout: failed to push metrics batch to analytics.internal:9092 (attempt 1/3),,AnalyticsUploadTimeout,,,,
2026-07-02 12:47:36.000,ERROR,metrics-worker,8963,AnalyticsUploadTimeout: failed to push metrics batch to analytics.internal:9092 (attempt 2/3),,AnalyticsUploadTimeout,,,,
2026-07-02 12:49:19.000,ERROR,metrics-worker,9024,AnalyticsUploadTimeout: failed to push metrics batch to analytics.internal:9092 (attempt 1/3),,AnalyticsUploadTimeout,,,,
2026-07-02 12:50:56.000,ERROR,metrics-worker,9075,AnalyticsUploadTimeout: failed to push metrics batch to analytics.internal:9092 (attempt 1/3),,AnalyticsUploadTimeout,,,,
2026-07-02 12:52:15.000,ERROR,metrics-worker,9112,AnalyticsUploadTimeout: failed to push metrics batch to analytics.internal:9092 (attempt 3/3),,AnalyticsUploadTimeout,,,,
2026-07-02 12:54:18.000,ERROR,metrics-worker,9184,AnalyticsUploadTimeout: failed to push metrics batch to analytics.internal:9092 (attempt 2/3),,AnalyticsUploadTimeout,,,,
2026-07-02 12:56:40.000,ERROR,metrics-worker,9258,AnalyticsUploadTimeout: failed to push metrics batch to analytics.internal:9092 (attempt 3/3),,AnalyticsUploadTimeout,,,,
2026-07-02 12:59:06.000,ERROR,metrics-worker,9346,AnalyticsUploadTimeout: failed to push metrics batch to analytics.internal:9092 (attempt 2/3),,AnalyticsUploadTimeout,,,,
2026-07-02 13:00:27.000,ERROR,metrics-worker,9383,AnalyticsUploadTimeout: failed to push metrics batch to analytics.internal:9092 (attempt 3/3),,AnalyticsUploadTimeout,,,,
2026-07-02 13:02:57.000,ERROR,metrics-worker,9461,AnalyticsUploadTimeout: failed to push metrics batch to analytics.internal:9092 (attempt 3/3),,AnalyticsUploadTimeout,,,,
2026-07-02 13:05:22.000,ERROR,metrics-worker,9544,AnalyticsUploadTimeout: failed to push metrics batch to analytics.internal:9092 (attempt 2/3),,AnalyticsUploadTimeout,,,,
2026-07-02 13:07:31.000,ERROR,metrics-worker,9621,AnalyticsUploadTimeout: failed to push metrics batch to analytics.internal:9092 (attempt 3/3),,AnalyticsUploadTimeout,,,,
2026-07-02 13:09:24.000,ERROR,metrics-worker,9697,AnalyticsUploadTimeout: failed to push metrics batch to analytics.internal:9092 (attempt 3/3),,AnalyticsUploadTimeout,,,,
2026-07-02 13:11:54.000,ERROR,metrics-worker,9786,AnalyticsUploadTimeout: failed to push metrics batch to analytics.internal:9092 (attempt 3/3),,AnalyticsUploadTimeout,,,,
2026-07-02 13:14:18.000,ERROR,metrics-worker,9867,AnalyticsUploadTimeout: failed to push metrics batch to analytics.internal:9092 (attempt 1/3),,AnalyticsUploadTimeout,,,,
2026-07-02 13:15:31.000,ERROR,metrics-worker,9894,AnalyticsUploadTimeout: failed to push metrics batch to analytics.internal:9092 (attempt 1/3),,AnalyticsUploadTimeout,,,,
2026-07-02 13:16:54.000,ERROR,metrics-worker,9946,AnalyticsUploadTimeout: failed to push metrics batch to analytics.internal:9092 (attempt 3/3),,AnalyticsUploadTimeout,,,,
2026-07-02 13:19:07.000,ERROR,metrics-worker,10019,AnalyticsUploadTimeout: failed to push metrics batch to analytics.internal:9092 (attempt 3/3),,AnalyticsUploadTimeout,,,,
2026-07-02 13:21:28.000,ERROR,metrics-worker,10107,AnalyticsUploadTimeout: failed to push metrics batch to analytics.internal:9092 (attempt 1/3),,AnalyticsUploadTimeout,,,,
2026-07-02 13:23:31.000,ERROR,metrics-worker,10178,AnalyticsUploadTimeout: failed to push metrics batch to analytics.internal:9092 (attempt 2/3),,AnalyticsUploadTimeout,,,,
2026-07-02 13:24:55.000,ERROR,metrics-worker,10227,AnalyticsUploadTimeout: failed to push metrics batch to analytics.internal:9092 (attempt 1/3),,AnalyticsUploadTimeout,,,,
2026-07-02 13:26:54.000,ERROR,metrics-worker,10291,AnalyticsUploadTimeout: failed to push metrics batch to analytics.internal:9092 (attempt 2/3),,AnalyticsUploadTimeout,,,,
2026-07-02 13:28:15.000,ERROR,metrics-worker,10346,AnalyticsUploadTimeout: failed to push metrics batch to analytics.internal:9092 (attempt 1/3),,AnalyticsUploadTimeout,,,,
2026-07-02 13:30:04.000,ERROR,metrics-worker,10404,AnalyticsUploadTimeout: failed to push metrics batch to analytics.internal:9092 (attempt 1/3),,AnalyticsUploadTimeout,,,,
2026-07-02 13:31:59.000,ERROR,metrics-worker,10475,AnalyticsUploadTimeout: failed to push metrics batch to analytics.internal:9092 (attempt 3/3),,AnalyticsUploadTimeout,,,,
2026-07-02 13:33:46.000,ERROR,metrics-worker,10546,AnalyticsUploadTimeout: failed to push metrics batch to analytics.internal:9092 (attempt 3/3),,AnalyticsUploadTimeout,,,,
2026-07-02 13:35:59.000,ERROR,metrics-worker,10607,AnalyticsUploadTimeout: failed to push metrics batch to analytics.internal:9092 (attempt 2/3),,AnalyticsUploadTimeout,,,,
2026-07-02 13:37:58.000,ERROR,metrics-worker,10673,AnalyticsUploadTimeout: failed to push metrics batch to analytics.internal:9092 (attempt 2/3),,AnalyticsUploadTimeout,,,,
2026-07-02 13:40:23.000,ERROR,metrics-worker,10755,AnalyticsUploadTimeout: failed to push metrics batch to analytics.internal:9092 (attempt 3/3),,AnalyticsUploadTimeout,,,,
2026-07-02 13:42:06.000,ERROR,metrics-worker,10810,AnalyticsUploadTimeout: failed to push metrics batch to analytics.internal:9092 (attempt 1/3),,AnalyticsUploadTimeout,,,,
2026-07-02 13:43:26.000,ERROR,metrics-worker,10854,AnalyticsUploadTimeout: failed to push metrics batch to analytics.internal:9092 (attempt 1/3),,AnalyticsUploadTimeout,,,,
2026-07-02 13:45:46.000,ERROR,metrics-worker,10927,AnalyticsUploadTimeout: failed to push metrics batch to analytics.internal:9092 (attempt 2/3),,AnalyticsUploadTimeout,,,,
2026-07-02 13:47:52.000,ERROR,metrics-worker,10983,AnalyticsUploadTimeout: failed to push metrics batch to analytics.internal:9092 (attempt 2/3),,AnalyticsUploadTimeout,,,,
2026-07-02 13:50:22.000,ERROR,metrics-worker,11054,AnalyticsUploadTimeout: failed to push metrics batch to analytics.internal:9092 (attempt 2/3),,AnalyticsUploadTimeout,,,,
2026-07-02 13:52:27.000,ERROR,metrics-worker,11118,AnalyticsUploadTimeout: failed to push metrics batch to analytics.internal:9092 (attempt 1/3),,AnalyticsUploadTimeout,,,,
2026-07-02 13:53:48.000,ERROR,metrics-worker,11161,AnalyticsUploadTimeout: failed to push metrics batch to analytics.internal:9092 (attempt 2/3),,AnalyticsUploadTimeout,,,,
2026-07-02 13:55:40.000,ERROR,metrics-worker,11210,AnalyticsUploadTimeout: failed to push metrics batch to analytics.internal:9092 (attempt 2/3),,AnalyticsUploadTimeout,,,,
2026-07-02 13:57:51.000,ERROR,metrics-worker,11277,AnalyticsUploadTimeout: failed to push metrics batch to analytics.internal:9092 (attempt 2/3),,AnalyticsUploadTimeout,,,,
2026-07-02 13:59:07.000,ERROR,metrics-worker,11326,AnalyticsUploadTimeout: failed to push metrics batch to analytics.internal:9092 (attempt 2/3),,AnalyticsUploadTimeout,,,,
2026-07-02 14:00:31.000,ERROR,metrics-worker,11367,AnalyticsUploadTimeout: failed to push metrics batch to analytics.internal:9092 (attempt 1/3),,AnalyticsUploadTimeout,,,,
2026-07-02 14:02:46.000,ERROR,metrics-worker,11422,AnalyticsUploadTimeout: failed to push metrics batch to analytics.internal:9092 (attempt 1/3),,AnalyticsUploadTimeout,,,,
2026-07-02 14:04:42.000,ERROR,metrics-worker,11484,AnalyticsUploadTimeout: failed to push metrics batch to analytics.internal:9092 (attempt 1/3),,AnalyticsUploadTimeout,,,,
2026-07-02 14:05:55.000,ERROR,metrics-worker,11526,AnalyticsUploadTimeout: failed to push metrics batch to analytics.internal:9092 (attempt 1/3),,AnalyticsUploadTimeout,,,,
2026-07-02 14:08:20.000,ERROR,metrics-worker,11590,AnalyticsUploadTimeout: failed to push metrics batch to analytics.internal:9092 (attempt 3/3),,AnalyticsUploadTimeout,,,,
2026-07-02 14:09:51.000,ERROR,metrics-worker,11627,AnalyticsUploadTimeout: failed to push metrics batch to analytics.internal:9092 (attempt 2/3),,AnalyticsUploadTimeout,,,,
2026-07-02 14:11:30.000,ERROR,metrics-worker,11694,AnalyticsUploadTimeout: failed to push metrics batch to analytics.internal:9092 (attempt 3/3),,AnalyticsUploadTimeout,,,,
2026-07-02 14:13:20.000,ERROR,metrics-worker,11752,AnalyticsUploadTimeout: failed to push metrics batch to analytics.internal:9092 (attempt 2/3),,AnalyticsUploadTimeout,,,,
2026-07-02 14:14:34.000,ERROR,metrics-worker,11791,AnalyticsUploadTimeout: failed to push metrics batch to analytics.internal:9092 (attempt 2/3),,AnalyticsUploadTimeout,,,,
2026-07-02 14:15:54.000,ERROR,metrics-worker,11830,AnalyticsUploadTimeout: failed to push metrics batch to analytics.internal:9092 (attempt 2/3),,AnalyticsUploadTimeout,,,,
2026-07-02 14:18:03.000,ERROR,metrics-worker,11899,AnalyticsUploadTimeout: failed to push metrics batch to analytics.internal:9092 (attempt 3/3),,AnalyticsUploadTimeout,,,,
2026-07-02 14:19:57.000,ERROR,metrics-worker,11970,AnalyticsUploadTimeout: failed to push metrics batch to analytics.internal:9092 (attempt 3/3),,AnalyticsUploadTimeout,,,,
2026-07-02 14:21:34.000,ERROR,metrics-worker,12019,AnalyticsUploadTimeout: failed to push metrics batch to analytics.internal:9092 (attempt 3/3),,AnalyticsUploadTimeout,,,,
2026-07-02 14:22:44.000,ERROR,metrics-worker,12058,AnalyticsUploadTimeout: failed to push metrics batch to analytics.internal:9092 (attempt 3/3),,AnalyticsUploadTimeout,,,,
2026-07-02 14:24:02.000,ERROR,metrics-worker,12098,AnalyticsUploadTimeout: failed to push metrics batch to analytics.internal:9092 (attempt 2/3),,AnalyticsUploadTimeout,,,,
2026-07-02 14:26:12.000,ERROR,metrics-worker,12166,AnalyticsUploadTimeout: failed to push metrics batch to analytics.internal:9092 (attempt 3/3),,AnalyticsUploadTimeout,,,,
2026-07-02 14:27:28.000,ERROR,metrics-worker,12203,AnalyticsUploadTimeout: failed to push metrics batch to analytics.internal:9092 (attempt 3/3),,AnalyticsUploadTimeout,,,,
2026-07-02 14:29:08.000,ERROR,metrics-worker,12249,AnalyticsUploadTimeout: failed to push metrics batch to analytics.internal:9092 (attempt 1/3),,AnalyticsUploadTimeout,,,,
2026-07-02 14:31:11.000,ERROR,metrics-worker,12320,AnalyticsUploadTimeout: failed to push metrics batch to analytics.internal:9092 (attempt 2/3),,AnalyticsUploadTimeout,,,,
2026-07-02 14:32:42.692,ERROR,worker,12361,upstream call failed request_id=16ce72300cf58a32 err=ECONNRESET upstream=10.0.3.44:8443 (retries exhausted),,,16ce72300cf58a32,,ECONNRESET,10.0.3.44:8443
2026-07-02 14:32:51.176,ERROR,worker,12364,upstream call failed request_id=88609a53a72f4edd err=ECONNRESET upstream=10.0.3.44:8443 (retries exhausted),,,88609a53a72f4edd,,ECONNRESET,10.0.3.44:8443
2026-07-02 14:33:12.381,ERROR,worker,12375,upstream call failed request_id=5b61bc7b31d47440 err=ECONNRESET upstream=10.0.3.44:8443 (retries exhausted),,,5b61bc7b31d47440,,ECONNRESET,10.0.3.44:8443
2026-07-02 14:33:22.000,ERROR,metrics-worker,12377,AnalyticsUploadTimeout: failed to push metrics batch to analytics.internal:9092 (attempt 3/3),,AnalyticsUploadTimeout,,,,
2026-07-02 14:34:07.902,ERROR,worker,12398,upstream call failed request_id=df29ea7080b9aeaa err=ECONNRESET upstream=10.0.3.44:8443 (retries exhausted),,,df29ea7080b9aeaa,,ECONNRESET,10.0.3.44:8443
2026-07-02 14:34:57.909,ERROR,worker,12425,upstream call failed request_id=74d75288f24afc84 err=ECONNRESET upstream=10.0.3.44:8443 (retries exhausted),,,74d75288f24afc84,,ECONNRESET,10.0.3.44:8443
2026-07-02 14:35:08.602,ERROR,worker,12431,upstream call failed request_id=79488c8e1255622e err=ECONNRESET upstream=10.0.3.44:8443 (retries exhausted),,,79488c8e1255622e,,ECONNRESET,10.0.3.44:8443
2026-07-02 14:35:16.500,ERROR,worker,12437,upstream call failed request_id=e59f2f47c9ee86e3 err=ECONNRESET upstream=10.0.3.44:8443 (retries exhausted),,,e59f2f47c9ee86e3,,ECONNRESET,10.0.3.44:8443
2026-07-02 14:35:22.085,ERROR,worker,12441,upstream call failed request_id=ae0ca8586fe19ccc err=ECONNRESET upstream=10.0.3.44:8443 (retries exhausted),,,ae0ca8586fe19ccc,,ECONNRESET,10.0.3.44:8443
2026-07-02 14:35:24.000,ERROR,metrics-worker,12442,AnalyticsUploadTimeout: failed to push metrics batch to analytics.internal:9092 (attempt 3/3),,AnalyticsUploadTimeout,,,,
2026-07-02 14:36:34.376,ERROR,worker,12475,upstream call failed request_id=1d4e2b0bde902745 err=ECONNRESET upstream=10.0.3.44:8443 (retries exhausted),,,1d4e2b0bde902745,,ECONNRESET,10.0.3.44:8443
2026-07-02 14:36:44.106,ERROR,worker,12480,upstream call failed request_id=8e38d3c526c9503f err=ECONNRESET upstream=10.0.3.44:8443 (retries exhausted),,,8e38d3c526c9503f,,ECONNRESET,10.0.3.44:8443
2026-07-02 14:37:13.000,ERROR,metrics-worker,12493,AnalyticsUploadTimeout: failed to push metrics batch to analytics.internal:9092 (attempt 3/3),,AnalyticsUploadTimeout,,,,
2026-07-02 14:37:31.794,ERROR,worker,12501,upstream call failed request_id=6d75068ff6e0c4a8 err=ECONNRESET upstream=10.0.3.44:8443 (retries exhausted),,,6d75068ff6e0c4a8,,ECONNRESET,10.0.3.44:8443
2026-07-02 14:38:05.959,ERROR,worker,12522,upstream call failed request_id=336e771540e15c18 err=ECONNRESET upstream=10.0.3.44:8443 (retries exhausted),,,336e771540e15c18,,ECONNRESET,10.0.3.44:8443
2026-07-02 14:39:01.000,ERROR,metrics-worker,12546,AnalyticsUploadTimeout: failed to push metrics batch to analytics.internal:9092 (attempt 3/3),,AnalyticsUploadTimeout,,,,
2026-07-02 14:39:22.964,ERROR,worker,12558,upstream call failed request_id=d2bbd19a27064573 err=ECONNRESET upstream=10.0.3.44:8443 (retries exhausted),,,d2bbd19a27064573,,ECONNRESET,10.0.3.44:8443
2026-07-02 14:39:59.987,ERROR,worker,12576,upstream call failed request_id=018eee8271f6cd49 err=ECONNRESET upstream=10.0.3.44:8443 (retries exhausted),,,018eee8271f6cd49,,ECONNRESET,10.0.3.44:8443
2026-07-02 14:40:02.189,ERROR,worker,12577,upstream call failed request_id=ce46aded57d779c3 err=ECONNRESET upstream=10.0.3.44:8443 (retries exhausted),,,ce46aded57d779c3,,ECONNRESET,10.0.3.44:8443
2026-07-02 14:40:49.574,ERROR,worker,12600,upstream call failed request_id=f465ef1d8e1084c1 err=ECONNRESET upstream=10.0.3.44:8443 (retries exhausted),,,f465ef1d8e1084c1,,ECONNRESET,10.0.3.44:8443
2026-07-02 14:40:50.538,ERROR,worker,12601,upstream call failed request_id=f674a48aa0abf62c err=ECONNRESET upstream=10.0.3.44:8443 (retries exhausted),,,f674a48aa0abf62c,,ECONNRESET,10.0.3.44:8443
2026-07-02 14:41:30.000,ERROR,metrics-worker,12622,AnalyticsUploadTimeout: failed to push metrics batch to analytics.internal:9092 (attempt 1/3),,AnalyticsUploadTimeout,,,,
2026-07-02 14:43:09.000,ERROR,metrics-worker,12652,AnalyticsUploadTimeout: failed to push metrics batch to analytics.internal:9092 (attempt 2/3),,AnalyticsUploadTimeout,,,,
2026-07-02 14:43:47.200,ERROR,worker,12666,upstream call failed request_id=72a6466c562e6c60 err=ECONNRESET upstream=10.0.3.44:8443 (retries exhausted),,,72a6466c562e6c60,,ECONNRESET,10.0.3.44:8443
2026-07-02 14:44:04.665,ERROR,worker,12682,upstream call failed request_id=dd5f867717b00c47 err=ECONNRESET upstream=10.0.3.44:8443 (retries exhausted),,,dd5f867717b00c47,,ECONNRESET,10.0.3.44:8443
2026-07-02 14:44:05.279,ERROR,worker,12683,upstream call failed request_id=85fd5f218f64e948 err=ECONNRESET upstream=10.0.3.44:8443 (retries exhausted),,,85fd5f218f64e948,,ECONNRESET,10.0.3.44:8443
2026-07-02 14:45:05.000,ERROR,metrics-worker,12715,AnalyticsUploadTimeout: failed to push metrics batch to analytics.internal:9092 (attempt 2/3),,AnalyticsUploadTimeout,,,,
2026-07-02 14:46:09.645,ERROR,worker,12749,upstream call failed request_id=1d084981839b49e0 err=ECONNRESET upstream=10.0.3.44:8443 (retries exhausted),,,1d084981839b49e0,,ECONNRESET,10.0.3.44:8443
2026-07-02 14:46:29.233,ERROR,worker,12762,upstream call failed request_id=71b2702309a8ac9d err=ECONNRESET upstream=10.0.3.44:8443 (retries exhausted),,,71b2702309a8ac9d,,ECONNRESET,10.0.3.44:8443
2026-07-02 14:46:30.000,ERROR,metrics-worker,12764,AnalyticsUploadTimeout: failed to push metrics batch to analytics.internal:9092 (attempt 2/3),,AnalyticsUploadTimeout,,,,
2026-07-02 14:47:17.131,ERROR,worker,12777,upstream call failed request_id=97f7cbf8c99241e7 err=ECONNRESET upstream=10.0.3.44:8443 (retries exhausted),,,97f7cbf8c99241e7,,ECONNRESET,10.0.3.44:8443
2026-07-02 14:47:24.646,ERROR,worker,12780,upstream call failed request_id=f28050869d5fe006 err=ECONNRESET upstream=10.0.3.44:8443 (retries exhausted),,,f28050869d5fe006,,ECONNRESET,10.0.3.44:8443
2026-07-02 14:48:23.000,ERROR,metrics-worker,12807,AnalyticsUploadTimeout: failed to push metrics batch to analytics.internal:9092 (attempt 2/3),,AnalyticsUploadTimeout,,,,
2026-07-02 14:48:46.371,ERROR,worker,12819,upstream call failed request_id=dd175afb1c8a570b err=ECONNRESET upstream=10.0.3.44:8443 (retries exhausted),,,dd175afb1c8a570b,,ECONNRESET,10.0.3.44:8443
2026-07-02 14:50:36.855,ERROR,worker,12876,upstream call failed request_id=d5b6975aa161f09c err=ECONNRESET upstream=10.0.3.44:8443 (retries exhausted),,,d5b6975aa161f09c,,ECONNRESET,10.0.3.44:8443
2026-07-02 14:50:37.000,ERROR,metrics-worker,12877,AnalyticsUploadTimeout: failed to push metrics batch to analytics.internal:9092 (attempt 2/3),,AnalyticsUploadTimeout,,,,
2026-07-02 14:50:40.707,ERROR,worker,12880,upstream call failed request_id=44c817bb2e4021ff err=ECONNRESET upstream=10.0.3.44:8443 (retries exhausted),,,44c817bb2e4021ff,,ECONNRESET,10.0.3.44:8443
2026-07-02 14:50:51.436,ERROR,worker,12882,upstream call failed request_id=018f68d857179b82 err=ECONNRESET upstream=10.0.3.44:8443 (retries exhausted),,,018f68d857179b82,,ECONNRESET,10.0.3.44:8443
2026-07-02 14:51:07.785,ERROR,worker,12893,upstream call failed request_id=88f4a924d2d6cde8 err=ECONNRESET upstream=10.0.3.44:8443 (retries exhausted),,,88f4a924d2d6cde8,,ECONNRESET,10.0.3.44:8443
2026-07-02 14:51:34.762,ERROR,worker,12906,upstream call failed request_id=d9c463bc45260f56 err=ECONNRESET upstream=10.0.3.44:8443 (retries exhausted),,,d9c463bc45260f56,,ECONNRESET,10.0.3.44:8443
2026-07-02 14:51:36.257,ERROR,worker,12908,upstream call failed request_id=2cdfbe2fd2a41bbd err=ECONNRESET upstream=10.0.3.44:8443 (retries exhausted),,,2cdfbe2fd2a41bbd,,ECONNRESET,10.0.3.44:8443
2026-07-02 14:51:45.892,ERROR,worker,12912,upstream call failed request_id=0e7c9d09fa6324bc err=ECONNRESET upstream=10.0.3.44:8443 (retries exhausted),,,0e7c9d09fa6324bc,,ECONNRESET,10.0.3.44:8443
2026-07-02 14:52:01.000,ERROR,metrics-worker,12919,AnalyticsUploadTimeout: failed to push metrics batch to analytics.internal:9092 (attempt 1/3),,AnalyticsUploadTimeout,,,,
2026-07-02 14:54:14.000,ERROR,metrics-worker,12972,AnalyticsUploadTimeout: failed to push metrics batch to analytics.internal:9092 (attempt 1/3),,AnalyticsUploadTimeout,,,,
2026-07-02 14:54:26.849,ERROR,worker,12981,upstream call failed request_id=07e23684b1cc00e6 err=ECONNRESET upstream=10.0.3.44:8443 (retries exhausted),,,07e23684b1cc00e6,,ECONNRESET,10.0.3.44:8443
2026-07-02 14:55:22.005,ERROR,worker,13012,upstream call failed request_id=47bcf96702f3e2f6 err=ECONNRESET upstream=10.0.3.44:8443 (retries exhausted),,,47bcf96702f3e2f6,,ECONNRESET,10.0.3.44:8443
2026-07-02 14:55:22.198,ERROR,worker,13014,upstream call failed request_id=5e3fdd315a51a3c2 err=ECONNRESET upstream=10.0.3.44:8443 (retries exhausted),,,5e3fdd315a51a3c2,,ECONNRESET,10.0.3.44:8443
2026-07-02 14:56:13.000,ERROR,metrics-worker,13040,AnalyticsUploadTimeout: failed to push metrics batch to analytics.internal:9092 (attempt 1/3),,AnalyticsUploadTimeout,,,,
2026-07-02 14:56:24.900,ERROR,worker,13047,upstream call failed request_id=4b0687f907b41f43 err=ECONNRESET upstream=10.0.3.44:8443 (retries exhausted),,,4b0687f907b41f43,,ECONNRESET,10.0.3.44:8443
2026-07-02 14:56:49.578,ERROR,worker,13057,upstream call failed request_id=b7c9c73af3d19bcd err=ECONNRESET upstream=10.0.3.44:8443 (retries exhausted),,,b7c9c73af3d19bcd,,ECONNRESET,10.0.3.44:8443
2026-07-02 14:57:29.597,ERROR,worker,13081,upstream call failed request_id=3992243072853ea3 err=ECONNRESET upstream=10.0.3.44:8443 (retries exhausted),,,3992243072853ea3,,ECONNRESET,10.0.3.44:8443
2026-07-02 14:57:54.000,ERROR,metrics-worker,13096,AnalyticsUploadTimeout: failed to push metrics batch to analytics.internal:9092 (attempt 3/3),,AnalyticsUploadTimeout,,,,
2026-07-02 14:59:34.000,ERROR,metrics-worker,13146,AnalyticsUploadTimeout: failed to push metrics batch to analytics.internal:9092 (attempt 1/3),,AnalyticsUploadTimeout,,,,
2026-07-02 14:59:36.286,ERROR,worker,13149,upstream call failed request_id=4c6138cd94802324 err=ECONNRESET upstream=10.0.3.44:8443 (retries exhausted),,,4c6138cd94802324,,ECONNRESET,10.0.3.44:8443
2026-07-02 14:59:42.885,ERROR,worker,13152,upstream call failed request_id=287e563f5dc32f2e err=ECONNRESET upstream=10.0.3.44:8443 (retries exhausted),,,287e563f5dc32f2e,,ECONNRESET,10.0.3.44:8443
2026-07-02 15:00:12.489,ERROR,worker,13166,upstream call failed request_id=34f3ff75caf21b49 err=ECONNRESET upstream=10.0.3.44:8443 (retries exhausted),,,34f3ff75caf21b49,,ECONNRESET,10.0.3.44:8443
2026-07-02 15:00:22.086,ERROR,worker,13169,upstream call failed request_id=b9e5e2802af483f1 err=ECONNRESET upstream=10.0.3.44:8443 (retries exhausted),,,b9e5e2802af483f1,,ECONNRESET,10.0.3.44:8443
2026-07-02 15:00:43.096,ERROR,worker,13178,upstream call failed request_id=052217224e3af7b7 err=ECONNRESET upstream=10.0.3.44:8443 (retries exhausted),,,052217224e3af7b7,,ECONNRESET,10.0.3.44:8443
2026-07-02 15:00:46.000,ERROR,metrics-worker,13181,AnalyticsUploadTimeout: failed to push metrics batch to analytics.internal:9092 (attempt 2/3),,AnalyticsUploadTimeout,,,,
2026-07-02 15:02:02.777,ERROR,worker,13213,upstream call failed request_id=662d564412a6cb3d err=ECONNRESET upstream=10.0.3.44:8443 (retries exhausted),,,662d564412a6cb3d,,ECONNRESET,10.0.3.44:8443
2026-07-02 15:02:15.000,ERROR,metrics-worker,13218,AnalyticsUploadTimeout: failed to push metrics batch to analytics.internal:9092 (attempt 3/3),,AnalyticsUploadTimeout,,,,
2026-07-02 15:02:41.514,ERROR,worker,13230,upstream call failed request_id=b5155746781d5d75 err=ECONNRESET upstream=10.0.3.44:8443 (retries exhausted),,,b5155746781d5d75,,ECONNRESET,10.0.3.44:8443
2026-07-02 15:03:01.218,ERROR,worker,13244,upstream call failed request_id=264bcc20c30a7e10 err=ECONNRESET upstream=10.0.3.44:8443 (retries exhausted),,,264bcc20c30a7e10,,ECONNRESET,10.0.3.44:8443
2026-07-02 15:03:12.949,ERROR,worker,13254,upstream call failed request_id=76ead6dc47059dab err=ECONNRESET upstream=10.0.3.44:8443 (retries exhausted),,,76ead6dc47059dab,,ECONNRESET,10.0.3.44:8443
2026-07-02 15:03:28.444,ERROR,worker,13260,upstream call failed request_id=7f6f0bcea09a45fd err=ECONNRESET upstream=10.0.3.44:8443 (retries exhausted),,,7f6f0bcea09a45fd,,ECONNRESET,10.0.3.44:8443
2026-07-02 15:03:32.743,ERROR,worker,13263,upstream call failed request_id=9b41f51be22929f5 err=ECONNRESET upstream=10.0.3.44:8443 (retries exhausted),,,9b41f51be22929f5,,ECONNRESET,10.0.3.44:8443
2026-07-02 15:03:43.590,ERROR,worker,13271,upstream call failed request_id=bb0af6233dba99d9 err=ECONNRESET upstream=10.0.3.44:8443 (retries exhausted),,,bb0af6233dba99d9,,ECONNRESET,10.0.3.44:8443
2026-07-02 15:03:55.909,ERROR,worker,13277,upstream call failed request_id=6fd8339e8f2e6c8f err=ECONNRESET upstream=10.0.3.44:8443 (retries exhausted),,,6fd8339e8f2e6c8f,,ECONNRESET,10.0.3.44:8443
2026-07-02 15:03:57.729,ERROR,worker,13278,upstream call failed request_id=bdd46f811d92e0cd err=ECONNRESET upstream=10.0.3.44:8443 (retries exhausted),,,bdd46f811d92e0cd,,ECONNRESET,10.0.3.44:8443
2026-07-02 15:04:21.497,ERROR,worker,13293,upstream call failed request_id=b39cd922608a6c3f err=ECONNRESET upstream=10.0.3.44:8443 (retries exhausted),,,b39cd922608a6c3f,,ECONNRESET,10.0.3.44:8443
2026-07-02 15:04:22.242,ERROR,worker,13295,upstream call failed request_id=9b5ee619de614a9f err=ECONNRESET upstream=10.0.3.44:8443 (retries exhausted),,,9b5ee619de614a9f,,ECONNRESET,10.0.3.44:8443
2026-07-02 15:04:41.000,ERROR,metrics-worker,13302,AnalyticsUploadTimeout: failed to push metrics batch to analytics.internal:9092 (attempt 2/3),,AnalyticsUploadTimeout,,,,
2026-07-02 15:05:25.513,ERROR,worker,13321,upstream call failed request_id=3d51356b30aa2ded err=ECONNRESET upstream=10.0.3.44:8443 (retries exhausted),,,3d51356b30aa2ded,,ECONNRESET,10.0.3.44:8443
2026-07-02 15:05:39.737,ERROR,worker,13331,upstream call failed request_id=4fa7d87d00778222 err=ECONNRESET upstream=10.0.3.44:8443 (retries exhausted),,,4fa7d87d00778222,,ECONNRESET,10.0.3.44:8443
2026-07-02 15:05:45.461,ERROR,worker,13337,upstream call failed request_id=1ff82fcc1da7abf0 err=ECONNRESET upstream=10.0.3.44:8443 (retries exhausted),,,1ff82fcc1da7abf0,,ECONNRESET,10.0.3.44:8443
2026-07-02 15:05:52.264,ERROR,worker,13346,upstream call failed request_id=8fc916264b05f645 err=ECONNRESET upstream=10.0.3.44:8443 (retries exhausted),,,8fc916264b05f645,,ECONNRESET,10.0.3.44:8443
2026-07-02 15:06:12.102,ERROR,worker,13353,upstream call failed request_id=3764ae2661a07f8e err=ECONNRESET upstream=10.0.3.44:8443 (retries exhausted),,,3764ae2661a07f8e,,ECONNRESET,10.0.3.44:8443
2026-07-02 15:06:41.000,ERROR,metrics-worker,13363,AnalyticsUploadTimeout: failed to push metrics batch to analytics.internal:9092 (attempt 2/3),,AnalyticsUploadTimeout,,,,
2026-07-02 15:06:53.603,ERROR,worker,13376,upstream call failed request_id=721fe7e539b22f60 err=ECONNRESET upstream=10.0.3.44:8443 (retries exhausted),,,721fe7e539b22f60,,ECONNRESET,10.0.3.44:8443
2026-07-02 15:07:12.261,ERROR,worker,13384,upstream call failed request_id=437fb6e59834be1a err=ECONNRESET upstream=10.0.3.44:8443 (retries exhausted),,,437fb6e59834be1a,,ECONNRESET,10.0.3.44:8443
2026-07-02 15:07:13.138,ERROR,worker,13386,upstream call failed request_id=253bbb4870f3603c err=ECONNRESET upstream=10.0.3.44:8443 (retries exhausted),,,253bbb4870f3603c,,ECONNRESET,10.0.3.44:8443
2026-07-02 15:07:20.315,ERROR,worker,13388,upstream call failed request_id=c68e9d5e890e5588 err=ECONNRESET upstream=10.0.3.44:8443 (retries exhausted),,,c68e9d5e890e5588,,ECONNRESET,10.0.3.44:8443
2026-07-02 15:07:31.671,ERROR,worker,13397,upstream call failed request_id=e4264f78279a42e3 err=ECONNRESET upstream=10.0.3.44:8443 (retries exhausted),,,e4264f78279a42e3,,ECONNRESET,10.0.3.44:8443
2026-07-02 15:07:32.187,ERROR,worker,13399,upstream call failed request_id=5228e725237cb026 err=ECONNRESET upstream=10.0.3.44:8443 (retries exhausted),,,5228e725237cb026,,ECONNRESET,10.0.3.44:8443
2026-07-02 15:07:35.721,ERROR,worker,13405,upstream call failed request_id=7c7dc1d1c653a3d7 err=ECONNRESET upstream=10.0.3.44:8443 (retries exhausted),,,7c7dc1d1c653a3d7,,ECONNRESET,10.0.3.44:8443
2026-07-02 15:07:36.070,ERROR,worker,13407,upstream call failed request_id=e71a82fb3299ff84 err=ECONNRESET upstream=10.0.3.44:8443 (retries exhausted),,,e71a82fb3299ff84,,ECONNRESET,10.0.3.44:8443
2026-07-02 15:07:37.154,ERROR,worker,13408,upstream call failed request_id=898989473ca28749 err=ECONNRESET upstream=10.0.3.44:8443 (retries exhausted),,,898989473ca28749,,ECONNRESET,10.0.3.44:8443
2026-07-02 15:07:43.671,ERROR,worker,13410,upstream call failed request_id=2e1e4de1e90c8062 err=ECONNRESET upstream=10.0.3.44:8443 (retries exhausted),,,2e1e4de1e90c8062,,ECONNRESET,10.0.3.44:8443
2026-07-02 15:08:00.254,ERROR,worker,13420,upstream call failed request_id=24fd864133c4903d err=ECONNRESET upstream=10.0.3.44:8443 (retries exhausted),,,24fd864133c4903d,,ECONNRESET,10.0.3.44:8443
2026-07-02 15:08:17.000,ERROR,metrics-worker,13425,AnalyticsUploadTimeout: failed to push metrics batch to analytics.internal:9092 (attempt 3/3),,AnalyticsUploadTimeout,,,,
2026-07-02 15:08:36.179,ERROR,worker,13434,upstream call failed request_id=682637b668277764 err=ECONNRESET upstream=10.0.3.44:8443 (retries exhausted),,,682637b668277764,,ECONNRESET,10.0.3.44:8443
2026-07-02 15:08:51.828,ERROR,worker,13444,upstream call failed request_id=c0bafc262767d79f err=ECONNRESET upstream=10.0.3.44:8443 (retries exhausted),,,c0bafc262767d79f,,ECONNRESET,10.0.3.44:8443
2026-07-02 15:09:23.116,ERROR,worker,13457,upstream call failed request_id=fd1b035ef361918c err=ECONNRESET upstream=10.0.3.44:8443 (retries exhausted),,,fd1b035ef361918c,,ECONNRESET,10.0.3.44:8443
2026-07-02 15:10:01.000,ERROR,metrics-worker,13480,AnalyticsUploadTimeout: failed to push metrics batch to analytics.internal:9092 (attempt 3/3),,AnalyticsUploadTimeout,,,,
2026-07-02 15:10:31.718,ERROR,worker,13496,upstream call failed request_id=70978f2a4b90dadf err=ECONNRESET upstream=10.0.3.44:8443 (retries exhausted),,,70978f2a4b90dadf,,ECONNRESET,10.0.3.44:8443
2026-07-02 15:10:43.133,ERROR,worker,13505,upstream call failed request_id=dca2235d67d0e76b err=ECONNRESET upstream=10.0.3.44:8443 (retries exhausted),,,dca2235d67d0e76b,,ECONNRESET,10.0.3.44:8443
2026-07-02 15:11:22.820,ERROR,worker,13527,upstream call failed request_id=25b94fe8ae986f54 err=ECONNRESET upstream=10.0.3.44:8443 (retries exhausted),,,25b94fe8ae986f54,,ECONNRESET,10.0.3.44:8443
2026-07-02 15:11:23.698,ERROR,worker,13530,upstream call failed request_id=83db9a4a48006af8 err=ECONNRESET upstream=10.0.3.44:8443 (retries exhausted),,,83db9a4a48006af8,,ECONNRESET,10.0.3.44:8443
2026-07-02 15:11:43.902,ERROR,worker,13539,upstream call failed request_id=509ece6d013c1fcb err=ECONNRESET upstream=10.0.3.44:8443 (retries exhausted),,,509ece6d013c1fcb,,ECONNRESET,10.0.3.44:8443
2026-07-02 15:11:46.998,ERROR,worker,13540,upstream call failed request_id=3a73e2fa207b5f44 err=ECONNRESET upstream=10.0.3.44:8443 (retries exhausted),,,3a73e2fa207b5f44,,ECONNRESET,10.0.3.44:8443
2026-07-02 15:11:51.311,ERROR,worker,13544,upstream call failed request_id=cc4e5040ea66c489 err=ECONNRESET upstream=10.0.3.44:8443 (retries exhausted),,,cc4e5040ea66c489,,ECONNRESET,10.0.3.44:8443
2026-07-02 15:12:11.500,ERROR,worker,13552,upstream call failed request_id=a8dc4734626c64c8 err=ECONNRESET upstream=10.0.3.44:8443 (retries exhausted),,,a8dc4734626c64c8,,ECONNRESET,10.0.3.44:8443
2026-07-02 15:12:22.000,ERROR,metrics-worker,13559,AnalyticsUploadTimeout: failed to push metrics batch to analytics.internal:9092 (attempt 2/3),,AnalyticsUploadTimeout,,,,
2026-07-02 15:12:31.562,ERROR,worker,13566,upstream call failed request_id=98697e2237c2ef12 err=ECONNRESET upstream=10.0.3.44:8443 (retries exhausted),,,98697e2237c2ef12,,ECONNRESET,10.0.3.44:8443
2026-07-02 15:12:46.784,ERROR,worker,13570,upstream call failed request_id=921f313b20f6806c err=ECONNRESET upstream=10.0.3.44:8443 (retries exhausted),,,921f313b20f6806c,,ECONNRESET,10.0.3.44:8443
2026-07-02 15:13:31.094,ERROR,worker,13597,upstream call failed request_id=e5fb58a7015175e8 err=ECONNRESET upstream=10.0.3.44:8443 (retries exhausted),,,e5fb58a7015175e8,,ECONNRESET,10.0.3.44:8443
2026-07-02 15:13:53.000,ERROR,metrics-worker,13611,AnalyticsUploadTimeout: failed to push metrics batch to analytics.internal:9092 (attempt 2/3),,AnalyticsUploadTimeout,,,,
2026-07-02 15:13:53.047,ERROR,worker,13612,upstream call failed request_id=0c74ff3242ef5e61 err=ECONNRESET upstream=10.0.3.44:8443 (retries exhausted),,,0c74ff3242ef5e61,,ECONNRESET,10.0.3.44:8443
2026-07-02 15:14:04.379,ERROR,worker,13620,upstream call failed request_id=f1bf0525c78e8d2b err=ECONNRESET upstream=10.0.3.44:8443 (retries exhausted),,,f1bf0525c78e8d2b,,ECONNRESET,10.0.3.44:8443
2026-07-02 15:14:37.647,ERROR,worker,13635,upstream call failed request_id=8a9f36b8153e4eab err=ECONNRESET upstream=10.0.3.44:8443 (retries exhausted),,,8a9f36b8153e4eab,,ECONNRESET,10.0.3.44:8443
2026-07-02 15:14:39.809,ERROR,worker,13636,upstream call failed request_id=ecae377d2131ff31 err=ECONNRESET upstream=10.0.3.44:8443 (retries exhausted),,,ecae377d2131ff31,,ECONNRESET,10.0.3.44:8443
2026-07-02 15:14:40.212,ERROR,worker,13637,upstream call failed request_id=c092d9e0b536ce64 err=ECONNRESET upstream=10.0.3.44:8443 (retries exhausted),,,c092d9e0b536ce64,,ECONNRESET,10.0.3.44:8443
2026-07-02 15:15:11.681,ERROR,worker,13652,upstream call failed request_id=75c5ce9d97df61af err=ECONNRESET upstream=10.0.3.44:8443 (retries exhausted),,,75c5ce9d97df61af,,ECONNRESET,10.0.3.44:8443
2026-07-02 15:15:27.446,ERROR,worker,13662,upstream call failed request_id=642f61710b046f5d err=ECONNRESET upstream=10.0.3.44:8443 (retries exhausted),,,642f61710b046f5d,,ECONNRESET,10.0.3.44:8443
2026-07-02 15:15:28.180,ERROR,worker,13663,upstream call failed request_id=32a8a5cb682594f4 err=ECONNRESET upstream=10.0.3.44:8443 (retries exhausted),,,32a8a5cb682594f4,,ECONNRESET,10.0.3.44:8443
2026-07-02 15:15:34.741,ERROR,worker,13664,upstream call failed request_id=53a3bc69bb8dc183 err=ECONNRESET upstream=10.0.3.44:8443 (retries exhausted),,,53a3bc69bb8dc183,,ECONNRESET,10.0.3.44:8443
2026-07-02 15:15:36.000,ERROR,metrics-worker,13666,AnalyticsUploadTimeout: failed to push metrics batch to analytics.internal:9092 (attempt 2/3),,AnalyticsUploadTimeout,,,,
2026-07-02 15:15:40.277,ERROR,worker,13668,upstream call failed request_id=3cd190c3c5951305 err=ECONNRESET upstream=10.0.3.44:8443 (retries exhausted),,,3cd190c3c5951305,,ECONNRESET,10.0.3.44:8443
2026-07-02 15:16:29.899,ERROR,worker,13699,upstream call failed request_id=04ba7f8088b8e823 err=ECONNRESET upstream=10.0.3.44:8443 (retries exhausted),,,04ba7f8088b8e823,,ECONNRESET,10.0.3.44:8443
2026-07-02 15:16:32.862,ERROR,worker,13701,upstream call failed request_id=15da856d2525184e err=ECONNRESET upstream=10.0.3.44:8443 (retries exhausted),,,15da856d2525184e,,ECONNRESET,10.0.3.44:8443
2026-07-02 15:16:34.749,ERROR,worker,13702,upstream call failed request_id=5f901dea947fe5d7 err=ECONNRESET upstream=10.0.3.44:8443 (retries exhausted),,,5f901dea947fe5d7,,ECONNRESET,10.0.3.44:8443
2026-07-02 15:16:39.111,ERROR,worker,13704,upstream call failed request_id=708ab44ba9845a28 err=ECONNRESET upstream=10.0.3.44:8443 (retries exhausted),,,708ab44ba9845a28,,ECONNRESET,10.0.3.44:8443
2026-07-02 15:16:50.482,ERROR,worker,13708,upstream call failed request_id=40c5d0133d966b70 err=ECONNRESET upstream=10.0.3.44:8443 (retries exhausted),,,40c5d0133d966b70,,ECONNRESET,10.0.3.44:8443
2026-07-02 15:16:55.749,ERROR,worker,13714,upstream call failed request_id=83337df53f32df4b err=ECONNRESET upstream=10.0.3.44:8443 (retries exhausted),,,83337df53f32df4b,,ECONNRESET,10.0.3.44:8443
2026-07-02 15:16:59.000,ERROR,metrics-worker,13716,AnalyticsUploadTimeout: failed to push metrics batch to analytics.internal:9092 (attempt 3/3),,AnalyticsUploadTimeout,,,,
2026-07-02 15:17:01.107,ERROR,worker,13717,upstream call failed request_id=ed526a6fe76ae25e err=ECONNRESET upstream=10.0.3.44:8443 (retries exhausted),,,ed526a6fe76ae25e,,ECONNRESET,10.0.3.44:8443
2026-07-02 15:17:49.280,ERROR,worker,13740,upstream call failed request_id=ed9af9834b3e70f2 err=ECONNRESET upstream=10.0.3.44:8443 (retries exhausted),,,ed9af9834b3e70f2,,ECONNRESET,10.0.3.44:8443
2026-07-02 15:17:56.242,ERROR,worker,13744,upstream call failed request_id=0ee5cbee90d0288a err=ECONNRESET upstream=10.0.3.44:8443 (retries exhausted),,,0ee5cbee90d0288a,,ECONNRESET,10.0.3.44:8443
2026-07-02 15:18:00.612,ERROR,worker,13746,upstream call failed request_id=38ce96d3344db660 err=ECONNRESET upstream=10.0.3.44:8443 (retries exhausted),,,38ce96d3344db660,,ECONNRESET,10.0.3.44:8443
2026-07-02 15:18:02.570,ERROR,worker,13751,upstream call failed request_id=82a114544712114b err=ECONNRESET upstream=10.0.3.44:8443 (retries exhausted),,,82a114544712114b,,ECONNRESET,10.0.3.44:8443
2026-07-02 15:18:02.754,ERROR,worker,13752,upstream call failed request_id=a4fd491288aa9f97 err=ECONNRESET upstream=10.0.3.44:8443 (retries exhausted),,,a4fd491288aa9f97,,ECONNRESET,10.0.3.44:8443
2026-07-02 15:19:12.759,ERROR,worker,13786,upstream call failed request_id=3b9b897151198bab err=ECONNRESET upstream=10.0.3.44:8443 (retries exhausted),,,3b9b897151198bab,,ECONNRESET,10.0.3.44:8443
2026-07-02 15:19:15.000,ERROR,metrics-worker,13789,AnalyticsUploadTimeout: failed to push metrics batch to analytics.internal:9092 (attempt 3/3),,AnalyticsUploadTimeout,,,,
2026-07-02 15:19:15.980,ERROR,worker,13790,upstream call failed request_id=aa6c467c82abf4c1 err=ECONNRESET upstream=10.0.3.44:8443 (retries exhausted),,,aa6c467c82abf4c1,,ECONNRESET,10.0.3.44:8443
2026-07-02 15:19:16.270,ERROR,worker,13791,upstream call failed request_id=9d1db0d3f826f70a err=ECONNRESET upstream=10.0.3.44:8443 (retries exhausted),,,9d1db0d3f826f70a,,ECONNRESET,10.0.3.44:8443
2026-07-02 15:19:23.625,ERROR,worker,13793,upstream call failed request_id=ce74143b54c27dd8 err=ECONNRESET upstream=10.0.3.44:8443 (retries exhausted),,,ce74143b54c27dd8,,ECONNRESET,10.0.3.44:8443
2026-07-02 15:19:31.847,ERROR,worker,13796,upstream call failed request_id=bcfdfec617d99a96 err=ECONNRESET upstream=10.0.3.44:8443 (retries exhausted),,,bcfdfec617d99a96,,ECONNRESET,10.0.3.44:8443
2026-07-02 15:20:07.564,ERROR,worker,13811,upstream call failed request_id=1d0e8662a1313409 err=ECONNRESET upstream=10.0.3.44:8443 (retries exhausted),,,1d0e8662a1313409,,ECONNRESET,10.0.3.44:8443
2026-07-02 15:20:09.936,ERROR,worker,13814,upstream call failed request_id=3e4d9a8113fc739d err=ECONNRESET upstream=10.0.3.44:8443 (retries exhausted),,,3e4d9a8113fc739d,,ECONNRESET,10.0.3.44:8443
2026-07-02 15:20:17.775,ERROR,worker,13819,upstream call failed request_id=cc1ead40c5495947 err=ECONNRESET upstream=10.0.3.44:8443 (retries exhausted),,,cc1ead40c5495947,,ECONNRESET,10.0.3.44:8443
2026-07-02 15:20:18.590,ERROR,worker,13822,upstream call failed request_id=b02239048b761691 err=ECONNRESET upstream=10.0.3.44:8443 (retries exhausted),,,b02239048b761691,,ECONNRESET,10.0.3.44:8443
2026-07-02 15:20:35.949,ERROR,worker,13829,upstream call failed request_id=213967360db7d289 err=ECONNRESET upstream=10.0.3.44:8443 (retries exhausted),,,213967360db7d289,,ECONNRESET,10.0.3.44:8443
2026-07-02 15:20:49.000,ERROR,metrics-worker,13837,AnalyticsUploadTimeout: failed to push metrics batch to analytics.internal:9092 (attempt 1/3),,AnalyticsUploadTimeout,,,,
2026-07-02 15:21:00.475,ERROR,worker,13839,upstream call failed request_id=f6bb7eb1603f78f5 err=ECONNRESET upstream=10.0.3.44:8443 (retries exhausted),,,f6bb7eb1603f78f5,,ECONNRESET,10.0.3.44:8443
2026-07-02 15:21:32.635,ERROR,worker,13849,upstream call failed request_id=bb148c586c518bc3 err=ECONNRESET upstream=10.0.3.44:8443 (retries exhausted),,,bb148c586c518bc3,,ECONNRESET,10.0.3.44:8443
2026-07-02 15:21:35.711,ERROR,worker,13852,upstream call failed request_id=fb6bf8d79d469aa3 err=ECONNRESET upstream=10.0.3.44:8443 (retries exhausted),,,fb6bf8d79d469aa3,,ECONNRESET,10.0.3.44:8443
2026-07-02 15:21:39.076,ERROR,worker,13854,upstream call failed request_id=51ac180a9aec96e5 err=ECONNRESET upstream=10.0.3.44:8443 (retries exhausted),,,51ac180a9aec96e5,,ECONNRESET,10.0.3.44:8443
2026-07-02 15:21:42.528,ERROR,worker,13857,upstream call failed request_id=4238cf6d08356e9f err=ECONNRESET upstream=10.0.3.44:8443 (retries exhausted),,,4238cf6d08356e9f,,ECONNRESET,10.0.3.44:8443
2026-07-02 15:22:25.793,ERROR,worker,13878,upstream call failed request_id=ecfe0a932dc22b69 err=ECONNRESET upstream=10.0.3.44:8443 (retries exhausted),,,ecfe0a932dc22b69,,ECONNRESET,10.0.3.44:8443
2026-07-02 15:22:29.454,ERROR,worker,13880,upstream call failed request_id=bb89d5c7844817f4 err=ECONNRESET upstream=10.0.3.44:8443 (retries exhausted),,,bb89d5c7844817f4,,ECONNRESET,10.0.3.44:8443
2026-07-02 15:22:30.000,ERROR,metrics-worker,13881,AnalyticsUploadTimeout: failed to push metrics batch to analytics.internal:9092 (attempt 1/3),,AnalyticsUploadTimeout,,,,
2026-07-02 15:22:38.325,ERROR,worker,13885,upstream call failed request_id=8ab260424142cd42 err=ECONNRESET upstream=10.0.3.44:8443 (retries exhausted),,,8ab260424142cd42,,ECONNRESET,10.0.3.44:8443
2026-07-02 15:22:43.560,ERROR,worker,13889,upstream call failed request_id=22a4d8314c11a446 err=ECONNRESET upstream=10.0.3.44:8443 (retries exhausted),,,22a4d8314c11a446,,ECONNRESET,10.0.3.44:8443
2026-07-02 15:22:53.179,ERROR,worker,13892,upstream call failed request_id=cfe0a7030d6f81ea err=ECONNRESET upstream=10.0.3.44:8443 (retries exhausted),,,cfe0a7030d6f81ea,,ECONNRESET,10.0.3.44:8443
2026-07-02 15:22:55.562,ERROR,worker,13893,upstream call failed request_id=9df23080c00cb980 err=ECONNRESET upstream=10.0.3.44:8443 (retries exhausted),,,9df23080c00cb980,,ECONNRESET,10.0.3.44:8443
2026-07-02 15:23:44.288,ERROR,worker,13916,upstream call failed request_id=d56372b9af6e0375 err=ECONNRESET upstream=10.0.3.44:8443 (retries exhausted),,,d56372b9af6e0375,,ECONNRESET,10.0.3.44:8443
2026-07-02 15:24:05.850,ERROR,worker,13928,upstream call failed request_id=1b7dc49b58655ef1 err=ECONNRESET upstream=10.0.3.44:8443 (retries exhausted),,,1b7dc49b58655ef1,,ECONNRESET,10.0.3.44:8443
2026-07-02 15:24:20.716,ERROR,worker,13942,upstream call failed request_id=a5692517781cabe6 err=ECONNRESET upstream=10.0.3.44:8443 (retries exhausted),,,a5692517781cabe6,,ECONNRESET,10.0.3.44:8443
2026-07-02 15:24:28.980,ERROR,worker,13944,upstream call failed request_id=9f340b9610c1d536 err=ECONNRESET upstream=10.0.3.44:8443 (retries exhausted),,,9f340b9610c1d536,,ECONNRESET,10.0.3.44:8443
2026-07-02 15:24:30.516,ERROR,worker,13946,upstream call failed request_id=71af7f81405df1d4 err=ECONNRESET upstream=10.0.3.44:8443 (retries exhausted),,,71af7f81405df1d4,,ECONNRESET,10.0.3.44:8443
2026-07-02 15:24:33.690,ERROR,worker,13948,upstream call failed request_id=c2d31b30ec4a4e45 err=ECONNRESET upstream=10.0.3.44:8443 (retries exhausted),,,c2d31b30ec4a4e45,,ECONNRESET,10.0.3.44:8443
2026-07-02 15:24:35.000,ERROR,metrics-worker,13950,AnalyticsUploadTimeout: failed to push metrics batch to analytics.internal:9092 (attempt 3/3),,AnalyticsUploadTimeout,,,,
2026-07-02 15:25:07.341,ERROR,worker,13959,upstream call failed request_id=dbd8929c4a165c7c err=ECONNRESET upstream=10.0.3.44:8443 (retries exhausted),,,dbd8929c4a165c7c,,ECONNRESET,10.0.3.44:8443
2026-07-02 15:25:49.487,ERROR,worker,13982,upstream call failed request_id=17980424742439fd err=ECONNRESET upstream=10.0.3.44:8443 (retries exhausted),,,17980424742439fd,,ECONNRESET,10.0.3.44:8443
2026-07-02 15:25:52.994,ERROR,worker,13985,upstream call failed request_id=e1b2416f0277cd78 err=ECONNRESET upstream=10.0.3.44:8443 (retries exhausted),,,e1b2416f0277cd78,,ECONNRESET,10.0.3.44:8443
2026-07-02 15:26:09.812,ERROR,worker,13996,upstream call failed request_id=e0490fd9856af244 err=ECONNRESET upstream=10.0.3.44:8443 (retries exhausted),,,e0490fd9856af244,,ECONNRESET,10.0.3.44:8443
2026-07-02 15:26:18.109,ERROR,worker,14002,upstream call failed request_id=e3337d746322daa2 err=ECONNRESET upstream=10.0.3.44:8443 (retries exhausted),,,e3337d746322daa2,,ECONNRESET,10.0.3.44:8443
2026-07-02 15:26:19.000,ERROR,metrics-worker,14004,AnalyticsUploadTimeout: failed to push metrics batch to analytics.internal:9092 (attempt 1/3),,AnalyticsUploadTimeout,,,,
2026-07-02 15:26:19.757,ERROR,worker,14007,upstream call failed request_id=3f7631e2cdfc8cbd err=ECONNRESET upstream=10.0.3.44:8443 (retries exhausted),,,3f7631e2cdfc8cbd,,ECONNRESET,10.0.3.44:8443
2026-07-02 15:26:19.841,ERROR,worker,14008,upstream call failed request_id=654e0791c3854fb8 err=ECONNRESET upstream=10.0.3.44:8443 (retries exhausted),,,654e0791c3854fb8,,ECONNRESET,10.0.3.44:8443
2026-07-02 15:26:25.344,ERROR,worker,14010,upstream call failed request_id=a283451a7e59920f err=ECONNRESET upstream=10.0.3.44:8443 (retries exhausted),,,a283451a7e59920f,,ECONNRESET,10.0.3.44:8443
2026-07-02 15:26:49.600,ERROR,worker,14022,upstream call failed request_id=e06dd554d7417ac2 err=ECONNRESET upstream=10.0.3.44:8443 (retries exhausted),,,e06dd554d7417ac2,,ECONNRESET,10.0.3.44:8443
2026-07-02 15:26:59.093,ERROR,worker,14026,upstream call failed request_id=fa1f5d76be413511 err=ECONNRESET upstream=10.0.3.44:8443 (retries exhausted),,,fa1f5d76be413511,,ECONNRESET,10.0.3.44:8443
2026-07-02 15:27:33.851,ERROR,worker,14047,upstream call failed request_id=a1d88bacf41018b8 err=ECONNRESET upstream=10.0.3.44:8443 (retries exhausted),,,a1d88bacf41018b8,,ECONNRESET,10.0.3.44:8443
2026-07-02 15:27:50.508,ERROR,worker,14053,upstream call failed request_id=9ca3b8a189873fb2 err=ECONNRESET upstream=10.0.3.44:8443 (retries exhausted),,,9ca3b8a189873fb2,,ECONNRESET,10.0.3.44:8443
2026-07-02 15:28:04.684,ERROR,worker,14060,upstream call failed request_id=482e12355836371c err=ECONNRESET upstream=10.0.3.44:8443 (retries exhausted),,,482e12355836371c,,ECONNRESET,10.0.3.44:8443
2026-07-02 15:28:18.000,ERROR,metrics-worker,14068,AnalyticsUploadTimeout: failed to push metrics batch to analytics.internal:9092 (attempt 3/3),,AnalyticsUploadTimeout,,,,
2026-07-02 15:28:32.880,ERROR,worker,14076,upstream call failed request_id=9da67d9b99ca8d64 err=ECONNRESET upstream=10.0.3.44:8443 (retries exhausted),,,9da67d9b99ca8d64,,ECONNRESET,10.0.3.44:8443
2026-07-02 15:28:39.136,ERROR,worker,14077,upstream call failed request_id=7bc34a336f7832c4 err=ECONNRESET upstream=10.0.3.44:8443 (retries exhausted),,,7bc34a336f7832c4,,ECONNRESET,10.0.3.44:8443
2026-07-02 15:29:00.092,ERROR,worker,14082,upstream call failed request_id=c76a5da6a7efdd6a err=ECONNRESET upstream=10.0.3.44:8443 (retries exhausted),,,c76a5da6a7efdd6a,,ECONNRESET,10.0.3.44:8443
2026-07-02 15:29:13.724,ERROR,worker,14087,upstream call failed request_id=cd807b9642a3b6be err=ECONNRESET upstream=10.0.3.44:8443 (retries exhausted),,,cd807b9642a3b6be,,ECONNRESET,10.0.3.44:8443
2026-07-02 15:29:27.594,ERROR,worker,14095,upstream call failed request_id=3bb1b02a793b0ffe err=ECONNRESET upstream=10.0.3.44:8443 (retries exhausted),,,3bb1b02a793b0ffe,,ECONNRESET,10.0.3.44:8443
2026-07-02 15:29:27.893,ERROR,worker,14096,upstream call failed request_id=b65ab9d30e454583 err=ECONNRESET upstream=10.0.3.44:8443 (retries exhausted),,,b65ab9d30e454583,,ECONNRESET,10.0.3.44:8443
2026-07-02 15:29:28.000,ERROR,metrics-worker,14097,AnalyticsUploadTimeout: failed to push metrics batch to analytics.internal:9092 (attempt 1/3),,AnalyticsUploadTimeout,,,,
2026-07-02 15:29:49.269,ERROR,worker,14104,upstream call failed request_id=7a9012513d7cd735 err=ECONNRESET upstream=10.0.3.44:8443 (retries exhausted),,,7a9012513d7cd735,,ECONNRESET,10.0.3.44:8443
2026-07-02 15:30:10.168,ERROR,worker,14109,upstream call failed request_id=78c08c33d7f62e90 err=ECONNRESET upstream=10.0.3.44:8443 (retries exhausted),,,78c08c33d7f62e90,,ECONNRESET,10.0.3.44:8443
2026-07-02 15:30:12.987,ERROR,worker,14110,upstream call failed request_id=fbd57280fcafd9df err=ECONNRESET upstream=10.0.3.44:8443 (retries exhausted),,,fbd57280fcafd9df,,ECONNRESET,10.0.3.44:8443
2026-07-02 15:30:42.905,ERROR,worker,14125,upstream call failed request_id=4e202e9a2067c1ad err=ECONNRESET upstream=10.0.3.44:8443 (retries exhausted),,,4e202e9a2067c1ad,,ECONNRESET,10.0.3.44:8443
2026-07-02 15:30:48.000,ERROR,metrics-worker,14129,AnalyticsUploadTimeout: failed to push metrics batch to analytics.internal:9092 (attempt 1/3),,AnalyticsUploadTimeout,,,,
2026-07-02 15:30:55.087,ERROR,worker,14131,upstream call failed request_id=a591b8b529dabe69 err=ECONNRESET upstream=10.0.3.44:8443 (retries exhausted),,,a591b8b529dabe69,,ECONNRESET,10.0.3.44:8443
2026-07-02 15:31:16.881,ERROR,worker,14143,upstream call failed request_id=aca47085ac9e7dd3 err=ECONNRESET upstream=10.0.3.44:8443 (retries exhausted),,,aca47085ac9e7dd3,,ECONNRESET,10.0.3.44:8443
2026-07-02 15:31:31.437,ERROR,worker,14149,upstream call failed request_id=c34c7483f7e91668 err=ECONNRESET upstream=10.0.3.44:8443 (retries exhausted),,,c34c7483f7e91668,,ECONNRESET,10.0.3.44:8443
2026-07-02 15:31:49.041,ERROR,worker,14158,upstream call failed request_id=f146457295834267 err=ECONNRESET upstream=10.0.3.44:8443 (retries exhausted),,,f146457295834267,,ECONNRESET,10.0.3.44:8443
2026-07-02 15:32:03.007,ERROR,worker,14167,upstream call failed request_id=cef5e87d76b3eef8 err=ECONNRESET upstream=10.0.3.44:8443 (retries exhausted),,,cef5e87d76b3eef8,,ECONNRESET,10.0.3.44:8443
2026-07-02 15:32:06.722,ERROR,worker,14170,upstream call failed request_id=e84229fee0f5ef63 err=ECONNRESET upstream=10.0.3.44:8443 (retries exhausted),,,e84229fee0f5ef63,,ECONNRESET,10.0.3.44:8443
2026-07-02 15:32:07.604,ERROR,worker,14171,upstream call failed request_id=8fc6abe27e92f6d1 err=ECONNRESET upstream=10.0.3.44:8443 (retries exhausted),,,8fc6abe27e92f6d1,,ECONNRESET,10.0.3.44:8443
2026-07-02 15:32:07.810,ERROR,worker,14172,upstream call failed request_id=0aa41d425ab54643 err=ECONNRESET upstream=10.0.3.44:8443 (retries exhausted),,,0aa41d425ab54643,,ECONNRESET,10.0.3.44:8443
2026-07-02 15:32:19.000,ERROR,metrics-worker,14177,AnalyticsUploadTimeout: failed to push metrics batch to analytics.internal:9092 (attempt 3/3),,AnalyticsUploadTimeout,,,,
2026-07-02 15:32:30.706,ERROR,worker,14182,upstream call failed request_id=fd6c18eb63cc6103 err=ECONNRESET upstream=10.0.3.44:8443 (retries exhausted),,,fd6c18eb63cc6103,,ECONNRESET,10.0.3.44:8443
2026-07-02 15:33:11.498,ERROR,worker,14201,upstream call failed request_id=84dcb41fb80686ea err=ECONNRESET upstream=10.0.3.44:8443 (retries exhausted),,,84dcb41fb80686ea,,ECONNRESET,10.0.3.44:8443
2026-07-02 15:33:21.951,ERROR,worker,14207,upstream call failed request_id=3bebc125bc04c385 err=ECONNRESET upstream=10.0.3.44:8443 (retries exhausted),,,3bebc125bc04c385,,ECONNRESET,10.0.3.44:8443
2026-07-02 15:33:39.908,ERROR,worker,14217,upstream call failed request_id=5436d86c2b83bb0b err=ECONNRESET upstream=10.0.3.44:8443 (retries exhausted),,,5436d86c2b83bb0b,,ECONNRESET,10.0.3.44:8443
2026-07-02 15:33:47.000,ERROR,metrics-worker,14222,AnalyticsUploadTimeout: failed to push metrics batch to analytics.internal:9092 (attempt 2/3),,AnalyticsUploadTimeout,,,,
2026-07-02 15:33:57.710,ERROR,worker,14227,upstream call failed request_id=e25055d5fd3a73fa err=ECONNRESET upstream=10.0.3.44:8443 (retries exhausted),,,e25055d5fd3a73fa,,ECONNRESET,10.0.3.44:8443
2026-07-02 15:34:00.818,ERROR,worker,14229,upstream call failed request_id=b8b72e80d49bc32f err=ECONNRESET upstream=10.0.3.44:8443 (retries exhausted),,,b8b72e80d49bc32f,,ECONNRESET,10.0.3.44:8443
2026-07-02 15:34:04.037,ERROR,worker,14231,upstream call failed request_id=3cde4205b97ef161 err=ECONNRESET upstream=10.0.3.44:8443 (retries exhausted),,,3cde4205b97ef161,,ECONNRESET,10.0.3.44:8443
2026-07-02 15:34:24.609,ERROR,worker,14243,upstream call failed request_id=902628393c55abf9 err=ECONNRESET upstream=10.0.3.44:8443 (retries exhausted),,,902628393c55abf9,,ECONNRESET,10.0.3.44:8443
2026-07-02 15:34:24.998,ERROR,worker,14244,upstream call failed request_id=320c45a57287f65e err=ECONNRESET upstream=10.0.3.44:8443 (retries exhausted),,,320c45a57287f65e,,ECONNRESET,10.0.3.44:8443
2026-07-02 15:34:29.069,ERROR,worker,14246,upstream call failed request_id=7e87d82e87e5aa11 err=ECONNRESET upstream=10.0.3.44:8443 (retries exhausted),,,7e87d82e87e5aa11,,ECONNRESET,10.0.3.44:8443
2026-07-02 15:34:41.259,ERROR,worker,14253,upstream call failed request_id=3d10684dd00a9244 err=ECONNRESET upstream=10.0.3.44:8443 (retries exhausted),,,3d10684dd00a9244,,ECONNRESET,10.0.3.44:8443
2026-07-02 15:34:45.268,ERROR,worker,14254,upstream call failed request_id=8b73b6d5efc38bd9 err=ECONNRESET upstream=10.0.3.44:8443 (retries exhausted),,,8b73b6d5efc38bd9,,ECONNRESET,10.0.3.44:8443
2026-07-02 15:34:50.250,ERROR,worker,14258,upstream call failed request_id=5ebe26400524e11b err=ECONNRESET upstream=10.0.3.44:8443 (retries exhausted),,,5ebe26400524e11b,,ECONNRESET,10.0.3.44:8443
2026-07-02 15:34:57.248,ERROR,worker,14260,upstream call failed request_id=dfd232e7744b5f5d err=ECONNRESET upstream=10.0.3.44:8443 (retries exhausted),,,dfd232e7744b5f5d,,ECONNRESET,10.0.3.44:8443
2026-07-02 15:34:59.535,ERROR,worker,14263,upstream call failed request_id=e6de477ffc15e4a4 err=ECONNRESET upstream=10.0.3.44:8443 (retries exhausted),,,e6de477ffc15e4a4,,ECONNRESET,10.0.3.44:8443
2026-07-02 15:35:20.170,ERROR,worker,14270,upstream call failed request_id=a2cd44583e92d2e9 err=ECONNRESET upstream=10.0.3.44:8443 (retries exhausted),,,a2cd44583e92d2e9,,ECONNRESET,10.0.3.44:8443
2026-07-02 15:35:29.835,ERROR,worker,14274,upstream call failed request_id=6137d63fabb13e67 err=ECONNRESET upstream=10.0.3.44:8443 (retries exhausted),,,6137d63fabb13e67,,ECONNRESET,10.0.3.44:8443
2026-07-02 15:35:34.801,ERROR,worker,14277,upstream call failed request_id=0e34a8581470eb2b err=ECONNRESET upstream=10.0.3.44:8443 (retries exhausted),,,0e34a8581470eb2b,,ECONNRESET,10.0.3.44:8443
2026-07-02 15:35:55.000,ERROR,metrics-worker,14283,AnalyticsUploadTimeout: failed to push metrics batch to analytics.internal:9092 (attempt 1/3),,AnalyticsUploadTimeout,,,,
2026-07-02 15:36:03.495,ERROR,worker,14288,upstream call failed request_id=2c7d10b5966b1065 err=ECONNRESET upstream=10.0.3.44:8443 (retries exhausted),,,2c7d10b5966b1065,,ECONNRESET,10.0.3.44:8443
2026-07-02 15:36:05.920,ERROR,worker,14290,upstream call failed request_id=723806d118c7403e err=ECONNRESET upstream=10.0.3.44:8443 (retries exhausted),,,723806d118c7403e,,ECONNRESET,10.0.3.44:8443
2026-07-02 15:36:12.579,ERROR,worker,14299,upstream call failed request_id=ffb4528e3d18b460 err=ECONNRESET upstream=10.0.3.44:8443 (retries exhausted),,,ffb4528e3d18b460,,ECONNRESET,10.0.3.44:8443
2026-07-02 15:36:23.456,ERROR,worker,14302,upstream call failed request_id=b8b313869cca5e33 err=ECONNRESET upstream=10.0.3.44:8443 (retries exhausted),,,b8b313869cca5e33,,ECONNRESET,10.0.3.44:8443
2026-07-02 15:36:26.671,ERROR,worker,14304,upstream call failed request_id=da23466bff25bba7 err=ECONNRESET upstream=10.0.3.44:8443 (retries exhausted),,,da23466bff25bba7,,ECONNRESET,10.0.3.44:8443
2026-07-02 15:36:52.338,ERROR,worker,14320,upstream call failed request_id=be4f4ebe208051b3 err=ECONNRESET upstream=10.0.3.44:8443 (retries exhausted),,,be4f4ebe208051b3,,ECONNRESET,10.0.3.44:8443
2026-07-02 15:37:09.895,ERROR,worker,14329,upstream call failed request_id=33f0091cdb4ab86c err=ECONNRESET upstream=10.0.3.44:8443 (retries exhausted),,,33f0091cdb4ab86c,,ECONNRESET,10.0.3.44:8443
2026-07-02 15:37:10.824,ERROR,worker,14331,upstream call failed request_id=691f323da264716f err=ECONNRESET upstream=10.0.3.44:8443 (retries exhausted),,,691f323da264716f,,ECONNRESET,10.0.3.44:8443
2026-07-02 15:37:13.594,ERROR,worker,14333,upstream call failed request_id=6f8a0cd18a932ef3 err=ECONNRESET upstream=10.0.3.44:8443 (retries exhausted),,,6f8a0cd18a932ef3,,ECONNRESET,10.0.3.44:8443
2026-07-02 15:37:45.857,ERROR,worker,14344,upstream call failed request_id=9e0d59e2a1562649 err=ECONNRESET upstream=10.0.3.44:8443 (retries exhausted),,,9e0d59e2a1562649,,ECONNRESET,10.0.3.44:8443
2026-07-02 15:37:57.294,ERROR,worker,14352,upstream call failed request_id=4f61eaaff04b85db err=ECONNRESET upstream=10.0.3.44:8443 (retries exhausted),,,4f61eaaff04b85db,,ECONNRESET,10.0.3.44:8443
2026-07-02 15:38:03.000,ERROR,metrics-worker,14355,AnalyticsUploadTimeout: failed to push metrics batch to analytics.internal:9092 (attempt 3/3),,AnalyticsUploadTimeout,,,,
2026-07-02 15:38:37.581,ERROR,worker,14365,upstream call failed request_id=e1b33245a1be208e err=ECONNRESET upstream=10.0.3.44:8443 (retries exhausted),,,e1b33245a1be208e,,ECONNRESET,10.0.3.44:8443
2026-07-02 15:38:45.523,ERROR,worker,14371,upstream call failed request_id=19b6a8d6e47e47df err=ECONNRESET upstream=10.0.3.44:8443 (retries exhausted),,,19b6a8d6e47e47df,,ECONNRESET,10.0.3.44:8443
2026-07-02 15:39:19.302,ERROR,worker,14396,upstream call failed request_id=e86f42d318251280 err=ECONNRESET upstream=10.0.3.44:8443 (retries exhausted),,,e86f42d318251280,,ECONNRESET,10.0.3.44:8443
2026-07-02 15:39:30.180,ERROR,worker,14404,upstream call failed request_id=d2916b0c92a4ecbf err=ECONNRESET upstream=10.0.3.44:8443 (retries exhausted),,,d2916b0c92a4ecbf,,ECONNRESET,10.0.3.44:8443
2026-07-02 15:39:46.927,ERROR,worker,14411,upstream call failed request_id=8965485c2c992e2e err=ECONNRESET upstream=10.0.3.44:8443 (retries exhausted),,,8965485c2c992e2e,,ECONNRESET,10.0.3.44:8443
2026-07-02 15:39:53.966,ERROR,worker,14412,upstream call failed request_id=14b659aa5a6c495f err=ECONNRESET upstream=10.0.3.44:8443 (retries exhausted),,,14b659aa5a6c495f,,ECONNRESET,10.0.3.44:8443
2026-07-02 15:40:11.000,ERROR,metrics-worker,14418,AnalyticsUploadTimeout: failed to push metrics batch to analytics.internal:9092 (attempt 2/3),,AnalyticsUploadTimeout,,,,
2026-07-02 15:40:26.170,ERROR,worker,14430,upstream call failed request_id=ffd87e3feaf4ea1e err=ECONNRESET upstream=10.0.3.44:8443 (retries exhausted),,,ffd87e3feaf4ea1e,,ECONNRESET,10.0.3.44:8443
2026-07-02 15:40:57.761,ERROR,worker,14440,upstream call failed request_id=a4bc1ef0ea43ace9 err=ECONNRESET upstream=10.0.3.44:8443 (retries exhausted),,,a4bc1ef0ea43ace9,,ECONNRESET,10.0.3.44:8443
2026-07-02 15:41:40.075,ERROR,worker,14458,upstream call failed request_id=e461e8d837950ab3 err=ECONNRESET upstream=10.0.3.44:8443 (retries exhausted),,,e461e8d837950ab3,,ECONNRESET,10.0.3.44:8443
2026-07-02 15:41:44.406,ERROR,worker,14459,upstream call failed request_id=1b713a8ac3799c7a err=ECONNRESET upstream=10.0.3.44:8443 (retries exhausted),,,1b713a8ac3799c7a,,ECONNRESET,10.0.3.44:8443
2026-07-02 15:41:48.875,ERROR,worker,14460,upstream call failed request_id=1752d6a6ad135f7a err=ECONNRESET upstream=10.0.3.44:8443 (retries exhausted),,,1752d6a6ad135f7a,,ECONNRESET,10.0.3.44:8443
2026-07-02 15:42:17.830,ERROR,worker,14474,upstream call failed request_id=635d0944f24d5d58 err=ECONNRESET upstream=10.0.3.44:8443 (retries exhausted),,,635d0944f24d5d58,,ECONNRESET,10.0.3.44:8443
2026-07-02 15:42:29.931,ERROR,worker,14481,upstream call failed request_id=6189463f61f4b679 err=ECONNRESET upstream=10.0.3.44:8443 (retries exhausted),,,6189463f61f4b679,,ECONNRESET,10.0.3.44:8443
2026-07-02 15:42:31.000,ERROR,metrics-worker,14482,AnalyticsUploadTimeout: failed to push metrics batch to analytics.internal:9092 (attempt 1/3),,AnalyticsUploadTimeout,,,,
2026-07-02 15:42:36.541,ERROR,worker,14484,upstream call failed request_id=5af11ab8cbb92b75 err=ECONNRESET upstream=10.0.3.44:8443 (retries exhausted),,,5af11ab8cbb92b75,,ECONNRESET,10.0.3.44:8443
2026-07-02 15:42:43.169,ERROR,worker,14489,upstream call failed request_id=dedabd5e7f6d1e5b err=ECONNRESET upstream=10.0.3.44:8443 (retries exhausted),,,dedabd5e7f6d1e5b,,ECONNRESET,10.0.3.44:8443
2026-07-02 15:42:54.994,ERROR,worker,14491,upstream call failed request_id=2b995002b07992d2 err=ECONNRESET upstream=10.0.3.44:8443 (retries exhausted),,,2b995002b07992d2,,ECONNRESET,10.0.3.44:8443
2026-07-02 15:42:56.383,ERROR,worker,14492,upstream call failed request_id=ee2e24c1b1d5771c err=ECONNRESET upstream=10.0.3.44:8443 (retries exhausted),,,ee2e24c1b1d5771c,,ECONNRESET,10.0.3.44:8443
2026-07-02 15:43:16.068,ERROR,worker,14499,upstream call failed request_id=9e0d9f296008fadb err=ECONNRESET upstream=10.0.3.44:8443 (retries exhausted),,,9e0d9f296008fadb,,ECONNRESET,10.0.3.44:8443
2026-07-02 15:43:27.496,ERROR,worker,14505,upstream call failed request_id=f8d5a82e7a466999 err=ECONNRESET upstream=10.0.3.44:8443 (retries exhausted),,,f8d5a82e7a466999,,ECONNRESET,10.0.3.44:8443
2026-07-02 15:43:37.142,ERROR,worker,14514,upstream call failed request_id=455788de9a1637e3 err=ECONNRESET upstream=10.0.3.44:8443 (retries exhausted),,,455788de9a1637e3,,ECONNRESET,10.0.3.44:8443
2026-07-02 15:43:44.536,ERROR,worker,14517,upstream call failed request_id=0e2c8c0c3cd63051 err=ECONNRESET upstream=10.0.3.44:8443 (retries exhausted),,,0e2c8c0c3cd63051,,ECONNRESET,10.0.3.44:8443
2026-07-02 15:43:47.075,ERROR,worker,14518,upstream call failed request_id=de34d766f1eca330 err=ECONNRESET upstream=10.0.3.44:8443 (retries exhausted),,,de34d766f1eca330,,ECONNRESET,10.0.3.44:8443
2026-07-02 15:43:48.565,ERROR,worker,14519,upstream call failed request_id=97a1eeb1a55c2333 err=ECONNRESET upstream=10.0.3.44:8443 (retries exhausted),,,97a1eeb1a55c2333,,ECONNRESET,10.0.3.44:8443
2026-07-02 15:43:49.902,ERROR,worker,14521,upstream call failed request_id=6a5a0020d33eb798 err=ECONNRESET upstream=10.0.3.44:8443 (retries exhausted),,,6a5a0020d33eb798,,ECONNRESET,10.0.3.44:8443
2026-07-02 15:43:54.275,ERROR,worker,14527,upstream call failed request_id=cf1065a4e46cf68d err=ECONNRESET upstream=10.0.3.44:8443 (retries exhausted),,,cf1065a4e46cf68d,,ECONNRESET,10.0.3.44:8443
2026-07-02 15:43:56.220,ERROR,worker,14528,upstream call failed request_id=e6467111845a7f1b err=ECONNRESET upstream=10.0.3.44:8443 (retries exhausted),,,e6467111845a7f1b,,ECONNRESET,10.0.3.44:8443
2026-07-02 15:43:57.755,ERROR,worker,14529,upstream call failed request_id=0980e9ff0a224851 err=ECONNRESET upstream=10.0.3.44:8443 (retries exhausted),,,0980e9ff0a224851,,ECONNRESET,10.0.3.44:8443
2026-07-02 15:44:00.130,ERROR,worker,14532,upstream call failed request_id=e016b647dc6e4102 err=ECONNRESET upstream=10.0.3.44:8443 (retries exhausted),,,e016b647dc6e4102,,ECONNRESET,10.0.3.44:8443
2026-07-02 15:44:02.640,ERROR,worker,14533,upstream call failed request_id=d9409422fcacdca9 err=ECONNRESET upstream=10.0.3.44:8443 (retries exhausted),,,d9409422fcacdca9,,ECONNRESET,10.0.3.44:8443
2026-07-02 15:44:18.346,ERROR,worker,14539,upstream call failed request_id=dc9762c81a89004c err=ECONNRESET upstream=10.0.3.44:8443 (retries exhausted),,,dc9762c81a89004c,,ECONNRESET,10.0.3.44:8443
2026-07-02 15:44:18.970,ERROR,worker,14540,upstream call failed request_id=56458f770222839b err=ECONNRESET upstream=10.0.3.44:8443 (retries exhausted),,,56458f770222839b,,ECONNRESET,10.0.3.44:8443
2026-07-02 15:44:28.000,ERROR,metrics-worker,14544,AnalyticsUploadTimeout: failed to push metrics batch to analytics.internal:9092 (attempt 1/3),,AnalyticsUploadTimeout,,,,
2026-07-02 15:44:38.326,ERROR,worker,14550,upstream call failed request_id=da84c10af4395b24 err=ECONNRESET upstream=10.0.3.44:8443 (retries exhausted),,,da84c10af4395b24,,ECONNRESET,10.0.3.44:8443
2026-07-02 15:44:44.864,ERROR,worker,14555,upstream call failed request_id=cb79c8b2bf1b04c4 err=ECONNRESET upstream=10.0.3.44:8443 (retries exhausted),,,cb79c8b2bf1b04c4,,ECONNRESET,10.0.3.44:8443
2026-07-02 15:44:47.686,ERROR,worker,14558,upstream call failed request_id=2fb665a72dd5213e err=ECONNRESET upstream=10.0.3.44:8443 (retries exhausted),,,2fb665a72dd5213e,,ECONNRESET,10.0.3.44:8443
2026-07-02 15:45:07.652,ERROR,worker,14571,upstream call failed request_id=0438cb69c67ba24d err=ECONNRESET upstream=10.0.3.44:8443 (retries exhausted),,,0438cb69c67ba24d,,ECONNRESET,10.0.3.44:8443
2026-07-02 15:45:09.555,ERROR,worker,14575,upstream call failed request_id=880fd4c6e99a7d4a err=ECONNRESET upstream=10.0.3.44:8443 (retries exhausted),,,880fd4c6e99a7d4a,,ECONNRESET,10.0.3.44:8443
2026-07-02 15:45:10.663,ERROR,worker,14577,upstream call failed request_id=ccbdd7e2e607d2f9 err=ECONNRESET upstream=10.0.3.44:8443 (retries exhausted),,,ccbdd7e2e607d2f9,,ECONNRESET,10.0.3.44:8443
2026-07-02 15:45:12.746,ERROR,worker,14579,upstream call failed request_id=aff9afd1c5839c8b err=ECONNRESET upstream=10.0.3.44:8443 (retries exhausted),,,aff9afd1c5839c8b,,ECONNRESET,10.0.3.44:8443
2026-07-02 15:45:29.639,ERROR,worker,14589,upstream call failed request_id=4819c94bd0aaf693 err=ECONNRESET upstream=10.0.3.44:8443 (retries exhausted),,,4819c94bd0aaf693,,ECONNRESET,10.0.3.44:8443
2026-07-02 15:45:33.280,ERROR,worker,14590,upstream call failed request_id=446558e080068f2f err=ECONNRESET upstream=10.0.3.44:8443 (retries exhausted),,,446558e080068f2f,,ECONNRESET,10.0.3.44:8443
2026-07-02 15:45:41.000,ERROR,metrics-worker,14599,AnalyticsUploadTimeout: failed to push metrics batch to analytics.internal:9092 (attempt 2/3),,AnalyticsUploadTimeout,,,,
2026-07-02 15:45:58.606,ERROR,worker,14608,upstream call failed request_id=74791b0c7cc89fff err=ECONNRESET upstream=10.0.3.44:8443 (retries exhausted),,,74791b0c7cc89fff,,ECONNRESET,10.0.3.44:8443
2026-07-02 15:46:07.419,ERROR,worker,14610,upstream call failed request_id=1f5682fcbcfd0121 err=ECONNRESET upstream=10.0.3.44:8443 (retries exhausted),,,1f5682fcbcfd0121,,ECONNRESET,10.0.3.44:8443
2026-07-02 15:46:09.941,ERROR,worker,14613,upstream call failed request_id=4e027eae77bfb601 err=ECONNRESET upstream=10.0.3.44:8443 (retries exhausted),,,4e027eae77bfb601,,ECONNRESET,10.0.3.44:8443
2026-07-02 15:46:16.164,ERROR,worker,14616,upstream call failed request_id=65e1fa589267806a err=ECONNRESET upstream=10.0.3.44:8443 (retries exhausted),,,65e1fa589267806a,,ECONNRESET,10.0.3.44:8443
2026-07-02 15:46:24.555,ERROR,worker,14622,upstream call failed request_id=7a087f4d9e965e7e err=ECONNRESET upstream=10.0.3.44:8443 (retries exhausted),,,7a087f4d9e965e7e,,ECONNRESET,10.0.3.44:8443
2026-07-02 15:46:32.530,ERROR,worker,14624,upstream call failed request_id=58053dbefe97a9dc err=ECONNRESET upstream=10.0.3.44:8443 (retries exhausted),,,58053dbefe97a9dc,,ECONNRESET,10.0.3.44:8443
2026-07-02 15:46:59.210,ERROR,worker,14634,upstream call failed request_id=b5a2a3e600c6220d err=ECONNRESET upstream=10.0.3.44:8443 (retries exhausted),,,b5a2a3e600c6220d,,ECONNRESET,10.0.3.44:8443
2026-07-02 15:47:17.450,ERROR,worker,14645,upstream call failed request_id=4b48cdf153e2444c err=ECONNRESET upstream=10.0.3.44:8443 (retries exhausted),,,4b48cdf153e2444c,,ECONNRESET,10.0.3.44:8443
2026-07-02 15:47:28.043,ERROR,worker,14652,upstream call failed request_id=708a0dfcee719181 err=ECONNRESET upstream=10.0.3.44:8443 (retries exhausted),,,708a0dfcee719181,,ECONNRESET,10.0.3.44:8443
2026-07-02 15:48:05.000,ERROR,metrics-worker,14667,AnalyticsUploadTimeout: failed to push metrics batch to analytics.internal:9092 (attempt 1/3),,AnalyticsUploadTimeout,,,,
2026-07-02 15:48:06.876,ERROR,worker,14669,upstream call failed request_id=0f36a409ee55fbec err=ECONNRESET upstream=10.0.3.44:8443 (retries exhausted),,,0f36a409ee55fbec,,ECONNRESET,10.0.3.44:8443
2026-07-02 15:48:18.272,ERROR,worker,14675,upstream call failed request_id=4acb50ee037fb529 err=ECONNRESET upstream=10.0.3.44:8443 (retries exhausted),,,4acb50ee037fb529,,ECONNRESET,10.0.3.44:8443
2026-07-02 15:48:21.425,ERROR,worker,14678,upstream call failed request_id=00c99f1a2fafa3f8 err=ECONNRESET upstream=10.0.3.44:8443 (retries exhausted),,,00c99f1a2fafa3f8,,ECONNRESET,10.0.3.44:8443
2026-07-02 15:49:05.736,ERROR,worker,14699,upstream call failed request_id=d3a61074c768f4f5 err=ECONNRESET upstream=10.0.3.44:8443 (retries exhausted),,,d3a61074c768f4f5,,ECONNRESET,10.0.3.44:8443
2026-07-02 15:49:09.342,ERROR,worker,14703,upstream call failed request_id=6a0849eb0881a341 err=ECONNRESET upstream=10.0.3.44:8443 (retries exhausted),,,6a0849eb0881a341,,ECONNRESET,10.0.3.44:8443
2026-07-02 15:49:13.980,ERROR,worker,14706,upstream call failed request_id=23a65ef4f23050d0 err=ECONNRESET upstream=10.0.3.44:8443 (retries exhausted),,,23a65ef4f23050d0,,ECONNRESET,10.0.3.44:8443
2026-07-02 15:49:19.000,ERROR,metrics-worker,14708,AnalyticsUploadTimeout: failed to push metrics batch to analytics.internal:9092 (attempt 1/3),,AnalyticsUploadTimeout,,,,
2026-07-02 15:49:31.938,ERROR,worker,14716,upstream call failed request_id=8e3baaa3b0b7c647 err=ECONNRESET upstream=10.0.3.44:8443 (retries exhausted),,,8e3baaa3b0b7c647,,ECONNRESET,10.0.3.44:8443
2026-07-02 15:50:13.909,ERROR,worker,14730,upstream call failed request_id=cc9fb24e63584b7b err=ECONNRESET upstream=10.0.3.44:8443 (retries exhausted),,,cc9fb24e63584b7b,,ECONNRESET,10.0.3.44:8443
2026-07-02 15:50:17.826,ERROR,worker,14732,upstream call failed request_id=a3bd3ec02cdd6367 err=ECONNRESET upstream=10.0.3.44:8443 (retries exhausted),,,a3bd3ec02cdd6367,,ECONNRESET,10.0.3.44:8443
2026-07-02 15:50:24.173,ERROR,worker,14734,upstream call failed request_id=0830980e646f2b7a err=ECONNRESET upstream=10.0.3.44:8443 (retries exhausted),,,0830980e646f2b7a,,ECONNRESET,10.0.3.44:8443
2026-07-02 15:50:31.074,ERROR,worker,14737,upstream call failed request_id=4b5d05e1c1c26af9 err=ECONNRESET upstream=10.0.3.44:8443 (retries exhausted),,,4b5d05e1c1c26af9,,ECONNRESET,10.0.3.44:8443
2026-07-02 15:50:33.450,ERROR,worker,14739,upstream call failed request_id=74672a68f12d231b err=ECONNRESET upstream=10.0.3.44:8443 (retries exhausted),,,74672a68f12d231b,,ECONNRESET,10.0.3.44:8443
2026-07-02 15:50:47.076,ERROR,worker,14742,upstream call failed request_id=5aa510a968d75b80 err=ECONNRESET upstream=10.0.3.44:8443 (retries exhausted),,,5aa510a968d75b80,,ECONNRESET,10.0.3.44:8443
2026-07-02 15:50:52.485,ERROR,worker,14744,upstream call failed request_id=496ff9cc7a464519 err=ECONNRESET upstream=10.0.3.44:8443 (retries exhausted),,,496ff9cc7a464519,,ECONNRESET,10.0.3.44:8443
2026-07-02 15:51:00.281,ERROR,worker,14747,upstream call failed request_id=fa4be32b51ba5876 err=ECONNRESET upstream=10.0.3.44:8443 (retries exhausted),,,fa4be32b51ba5876,,ECONNRESET,10.0.3.44:8443
2026-07-02 15:51:02.000,ERROR,metrics-worker,14749,AnalyticsUploadTimeout: failed to push metrics batch to analytics.internal:9092 (attempt 2/3),,AnalyticsUploadTimeout,,,,
2026-07-02 15:51:18.829,ERROR,worker,14756,upstream call failed request_id=fb96d8e22726deb5 err=ECONNRESET upstream=10.0.3.44:8443 (retries exhausted),,,fb96d8e22726deb5,,ECONNRESET,10.0.3.44:8443
2026-07-02 15:51:25.213,ERROR,worker,14758,upstream call failed request_id=f009b168f51edb6c err=ECONNRESET upstream=10.0.3.44:8443 (retries exhausted),,,f009b168f51edb6c,,ECONNRESET,10.0.3.44:8443
2026-07-02 15:51:49.410,ERROR,worker,14766,upstream call failed request_id=599238e1b79e47b2 err=ECONNRESET upstream=10.0.3.44:8443 (retries exhausted),,,599238e1b79e47b2,,ECONNRESET,10.0.3.44:8443
2026-07-02 15:51:50.850,ERROR,worker,14767,upstream call failed request_id=a7408c350e548788 err=ECONNRESET upstream=10.0.3.44:8443 (retries exhausted),,,a7408c350e548788,,ECONNRESET,10.0.3.44:8443
2026-07-02 15:52:04.347,ERROR,worker,14774,upstream call failed request_id=83c433ce1cda1a14 err=ECONNRESET upstream=10.0.3.44:8443 (retries exhausted),,,83c433ce1cda1a14,,ECONNRESET,10.0.3.44:8443
2026-07-02 15:52:09.597,ERROR,worker,14777,upstream call failed request_id=2da5222a82304a55 err=ECONNRESET upstream=10.0.3.44:8443 (retries exhausted),,,2da5222a82304a55,,ECONNRESET,10.0.3.44:8443
2026-07-02 15:52:15.560,ERROR,worker,14780,upstream call failed request_id=c033a9b80812958d err=ECONNRESET upstream=10.0.3.44:8443 (retries exhausted),,,c033a9b80812958d,,ECONNRESET,10.0.3.44:8443
2026-07-02 15:52:27.709,ERROR,worker,14788,upstream call failed request_id=0d797357ba1e9fc2 err=ECONNRESET upstream=10.0.3.44:8443 (retries exhausted),,,0d797357ba1e9fc2,,ECONNRESET,10.0.3.44:8443
2026-07-02 15:52:34.998,ERROR,worker,14794,upstream call failed request_id=da70905b16582230 err=ECONNRESET upstream=10.0.3.44:8443 (retries exhausted),,,da70905b16582230,,ECONNRESET,10.0.3.44:8443
2026-07-02 15:52:36.004,ERROR,worker,14795,upstream call failed request_id=7107dbe4dbe33688 err=ECONNRESET upstream=10.0.3.44:8443 (retries exhausted),,,7107dbe4dbe33688,,ECONNRESET,10.0.3.44:8443
2026-07-02 15:52:52.341,ERROR,worker,14804,upstream call failed request_id=b6b2693d8db0bdbf err=ECONNRESET upstream=10.0.3.44:8443 (retries exhausted),,,b6b2693d8db0bdbf,,ECONNRESET,10.0.3.44:8443
2026-07-02 15:52:58.000,ERROR,metrics-worker,14808,AnalyticsUploadTimeout: failed to push metrics batch to analytics.internal:9092 (attempt 2/3),,AnalyticsUploadTimeout,,,,
2026-07-02 15:53:07.482,ERROR,worker,14813,upstream call failed request_id=eae754f17cd77ddf err=ECONNRESET upstream=10.0.3.44:8443 (retries exhausted),,,eae754f17cd77ddf,,ECONNRESET,10.0.3.44:8443
2026-07-02 15:53:28.630,ERROR,worker,14823,upstream call failed request_id=08bad8d83086a788 err=ECONNRESET upstream=10.0.3.44:8443 (retries exhausted),,,08bad8d83086a788,,ECONNRESET,10.0.3.44:8443
2026-07-02 15:53:31.840,ERROR,worker,14825,upstream call failed request_id=a7e7128864928aa2 err=ECONNRESET upstream=10.0.3.44:8443 (retries exhausted),,,a7e7128864928aa2,,ECONNRESET,10.0.3.44:8443
2026-07-02 15:53:37.022,ERROR,worker,14829,upstream call failed request_id=9fd4948641511470 err=ECONNRESET upstream=10.0.3.44:8443 (retries exhausted),,,9fd4948641511470,,ECONNRESET,10.0.3.44:8443
2026-07-02 15:53:37.201,ERROR,worker,14830,upstream call failed request_id=ff34a2fe90c848f0 err=ECONNRESET upstream=10.0.3.44:8443 (retries exhausted),,,ff34a2fe90c848f0,,ECONNRESET,10.0.3.44:8443
2026-07-02 15:53:48.183,ERROR,worker,14836,upstream call failed request_id=0fd00254ce677762 err=ECONNRESET upstream=10.0.3.44:8443 (retries exhausted),,,0fd00254ce677762,,ECONNRESET,10.0.3.44:8443
2026-07-02 15:54:07.658,ERROR,worker,14844,upstream call failed request_id=f89286e588964ee7 err=ECONNRESET upstream=10.0.3.44:8443 (retries exhausted),,,f89286e588964ee7,,ECONNRESET,10.0.3.44:8443
2026-07-02 15:54:19.305,ERROR,worker,14851,upstream call failed request_id=5c9e18b164e89b9e err=ECONNRESET upstream=10.0.3.44:8443 (retries exhausted),,,5c9e18b164e89b9e,,ECONNRESET,10.0.3.44:8443
2026-07-02 15:54:30.496,ERROR,worker,14857,upstream call failed request_id=9dab20709af01061 err=ECONNRESET upstream=10.0.3.44:8443 (retries exhausted),,,9dab20709af01061,,ECONNRESET,10.0.3.44:8443
2026-07-02 15:54:58.000,ERROR,metrics-worker,14863,AnalyticsUploadTimeout: failed to push metrics batch to analytics.internal:9092 (attempt 2/3),,AnalyticsUploadTimeout,,,,
2026-07-02 15:55:00.040,ERROR,worker,14865,upstream call failed request_id=48d02a58134e4d8e err=ECONNRESET upstream=10.0.3.44:8443 (retries exhausted),,,48d02a58134e4d8e,,ECONNRESET,10.0.3.44:8443
2026-07-02 15:55:02.454,ERROR,worker,14866,upstream call failed request_id=d04d9819e2a49000 err=ECONNRESET upstream=10.0.3.44:8443 (retries exhausted),,,d04d9819e2a49000,,ECONNRESET,10.0.3.44:8443
2026-07-02 15:55:03.031,ERROR,worker,14867,upstream call failed request_id=35a48c102f7ee86c err=ECONNRESET upstream=10.0.3.44:8443 (retries exhausted),,,35a48c102f7ee86c,,ECONNRESET,10.0.3.44:8443
2026-07-02 15:55:37.993,ERROR,worker,14886,upstream call failed request_id=2b5867ef6c153e2f err=ECONNRESET upstream=10.0.3.44:8443 (retries exhausted),,,2b5867ef6c153e2f,,ECONNRESET,10.0.3.44:8443
2026-07-02 15:55:40.429,ERROR,worker,14887,upstream call failed request_id=8155acafb0137d95 err=ECONNRESET upstream=10.0.3.44:8443 (retries exhausted),,,8155acafb0137d95,,ECONNRESET,10.0.3.44:8443
2026-07-02 15:55:49.790,ERROR,worker,14895,upstream call failed request_id=24134cc22c7de128 err=ECONNRESET upstream=10.0.3.44:8443 (retries exhausted),,,24134cc22c7de128,,ECONNRESET,10.0.3.44:8443
2026-07-02 15:55:55.830,ERROR,worker,14901,upstream call failed request_id=e3e1a834f92c16aa err=ECONNRESET upstream=10.0.3.44:8443 (retries exhausted),,,e3e1a834f92c16aa,,ECONNRESET,10.0.3.44:8443
2026-07-02 15:55:56.777,ERROR,worker,14902,upstream call failed request_id=3f590fc4bd7dc3df err=ECONNRESET upstream=10.0.3.44:8443 (retries exhausted),,,3f590fc4bd7dc3df,,ECONNRESET,10.0.3.44:8443
2026-07-02 15:56:16.102,ERROR,worker,14907,upstream call failed request_id=1ac290e9b70f874c err=ECONNRESET upstream=10.0.3.44:8443 (retries exhausted),,,1ac290e9b70f874c,,ECONNRESET,10.0.3.44:8443
2026-07-02 15:56:18.830,ERROR,worker,14910,upstream call failed request_id=df546e64fa6203f3 err=ECONNRESET upstream=10.0.3.44:8443 (retries exhausted),,,df546e64fa6203f3,,ECONNRESET,10.0.3.44:8443
2026-07-02 15:56:32.989,ERROR,worker,14919,upstream call failed request_id=295ebe67325ca1da err=ECONNRESET upstream=10.0.3.44:8443 (retries exhausted),,,295ebe67325ca1da,,ECONNRESET,10.0.3.44:8443
2026-07-02 15:56:40.000,ERROR,metrics-worker,14922,AnalyticsUploadTimeout: failed to push metrics batch to analytics.internal:9092 (attempt 3/3),,AnalyticsUploadTimeout,,,,
2026-07-02 15:57:08.623,ERROR,worker,14932,upstream call failed request_id=1da52a1b70fa3882 err=ECONNRESET upstream=10.0.3.44:8443 (retries exhausted),,,1da52a1b70fa3882,,ECONNRESET,10.0.3.44:8443
2026-07-02 15:57:28.664,ERROR,worker,14936,upstream call failed request_id=e3d19c2ae78e1a57 err=ECONNRESET upstream=10.0.3.44:8443 (retries exhausted),,,e3d19c2ae78e1a57,,ECONNRESET,10.0.3.44:8443
2026-07-02 15:57:32.799,ERROR,worker,14938,upstream call failed request_id=9e0f961bae5fa7f3 err=ECONNRESET upstream=10.0.3.44:8443 (retries exhausted),,,9e0f961bae5fa7f3,,ECONNRESET,10.0.3.44:8443
2026-07-02 15:57:55.484,ERROR,worker,14948,upstream call failed request_id=11de8be7abc352c9 err=ECONNRESET upstream=10.0.3.44:8443 (retries exhausted),,,11de8be7abc352c9,,ECONNRESET,10.0.3.44:8443
2026-07-02 15:58:18.916,ERROR,worker,14959,upstream call failed request_id=921189f2a3e92fe8 err=ECONNRESET upstream=10.0.3.44:8443 (retries exhausted),,,921189f2a3e92fe8,,ECONNRESET,10.0.3.44:8443
2026-07-02 15:58:24.077,ERROR,worker,14963,upstream call failed request_id=2da71872ff2eeca7 err=ECONNRESET upstream=10.0.3.44:8443 (retries exhausted),,,2da71872ff2eeca7,,ECONNRESET,10.0.3.44:8443
2026-07-02 15:58:31.859,ERROR,worker,14966,upstream call failed request_id=bfb87671d9050c1a err=ECONNRESET upstream=10.0.3.44:8443 (retries exhausted),,,bfb87671d9050c1a,,ECONNRESET,10.0.3.44:8443
2026-07-02 15:58:34.100,ERROR,worker,14967,upstream call failed request_id=568110dc9f7e096d err=ECONNRESET upstream=10.0.3.44:8443 (retries exhausted),,,568110dc9f7e096d,,ECONNRESET,10.0.3.44:8443
2026-07-02 15:58:43.204,ERROR,worker,14969,upstream call failed request_id=21a8c475f4378b79 err=ECONNRESET upstream=10.0.3.44:8443 (retries exhausted),,,21a8c475f4378b79,,ECONNRESET,10.0.3.44:8443
2026-07-02 15:58:50.375,ERROR,worker,14972,upstream call failed request_id=01058f22ebae9505 err=ECONNRESET upstream=10.0.3.44:8443 (retries exhausted),,,01058f22ebae9505,,ECONNRESET,10.0.3.44:8443
2026-07-02 15:58:53.478,ERROR,worker,14975,upstream call failed request_id=e904378bfe033a83 err=ECONNRESET upstream=10.0.3.44:8443 (retries exhausted),,,e904378bfe033a83,,ECONNRESET,10.0.3.44:8443
2026-07-02 15:58:58.261,ERROR,worker,14979,upstream call failed request_id=6a5375d3db4f1675 err=ECONNRESET upstream=10.0.3.44:8443 (retries exhausted),,,6a5375d3db4f1675,,ECONNRESET,10.0.3.44:8443
2026-07-02 15:59:09.000,ERROR,metrics-worker,14985,AnalyticsUploadTimeout: failed to push metrics batch to analytics.internal:9092 (attempt 1/3),,AnalyticsUploadTimeout,,,,
2026-07-02 15:59:09.173,ERROR,worker,14986,upstream call failed request_id=c9fc989880989229 err=ECONNRESET upstream=10.0.3.44:8443 (retries exhausted),,,c9fc989880989229,,ECONNRESET,10.0.3.44:8443
2026-07-02 15:59:19.866,ERROR,worker,14992,upstream call failed request_id=d02d8b6800532963 err=ECONNRESET upstream=10.0.3.44:8443 (retries exhausted),,,d02d8b6800532963,,ECONNRESET,10.0.3.44:8443
2026-07-02 15:59:41.113,ERROR,worker,14999,upstream call failed request_id=4a786ab5418c2a75 err=ECONNRESET upstream=10.0.3.44:8443 (retries exhausted),,,4a786ab5418c2a75,,ECONNRESET,10.0.3.44:8443
2026-07-02 15:59:43.573,ERROR,worker,15001,upstream call failed request_id=0f6cd0ec70b132d6 err=ECONNRESET upstream=10.0.3.44:8443 (retries exhausted),,,0f6cd0ec70b132d6,,ECONNRESET,10.0.3.44:8443
2026-07-02 15:59:49.165,ERROR,worker,15002,upstream call failed request_id=de4eed64f39d0f1c err=ECONNRESET upstream=10.0.3.44:8443 (retries exhausted),,,de4eed64f39d0f1c,,ECONNRESET,10.0.3.44:8443
2026-07-02 15:59:55.815,ERROR,worker,15007,upstream call failed request_id=6373a36a8a56d407 err=ECONNRESET upstream=10.0.3.44:8443 (retries exhausted),,,6373a36a8a56d407,,ECONNRESET,10.0.3.44:8443
2026-07-02 15:59:59.657,ERROR,worker,15009,upstream call failed request_id=b7fbd302bee82a3f err=ECONNRESET upstream=10.0.3.44:8443 (retries exhausted),,,b7fbd302bee82a3f,,ECONNRESET,10.0.3.44:8443
2026-07-02 16:00:06.848,ERROR,worker,15012,upstream call failed request_id=f37f8c918ac1674e err=ECONNRESET upstream=10.0.3.44:8443 (retries exhausted),,,f37f8c918ac1674e,,ECONNRESET,10.0.3.44:8443
2026-07-02 16:00:09.464,ERROR,worker,15014,upstream call failed request_id=70e96832c4691805 err=ECONNRESET upstream=10.0.3.44:8443 (retries exhausted),,,70e96832c4691805,,ECONNRESET,10.0.3.44:8443
2026-07-02 16:00:18.389,ERROR,worker,15019,upstream call failed request_id=d4e349bda24e9da2 err=ECONNRESET upstream=10.0.3.44:8443 (retries exhausted),,,d4e349bda24e9da2,,ECONNRESET,10.0.3.44:8443
2026-07-02 16:00:26.471,ERROR,worker,15026,upstream call failed request_id=25c824d8dc525dfd err=ECONNRESET upstream=10.0.3.44:8443 (retries exhausted),,,25c824d8dc525dfd,,ECONNRESET,10.0.3.44:8443
2026-07-02 16:00:36.000,ERROR,metrics-worker,15030,AnalyticsUploadTimeout: failed to push metrics batch to analytics.internal:9092 (attempt 2/3),,AnalyticsUploadTimeout,,,,
2026-07-02 16:00:51.232,ERROR,worker,15041,upstream call failed request_id=c741b9101290e6db err=ECONNRESET upstream=10.0.3.44:8443 (retries exhausted),,,c741b9101290e6db,,ECONNRESET,10.0.3.44:8443
2026-07-02 16:00:58.217,ERROR,worker,15045,upstream call failed request_id=44e772aa82c43d12 err=ECONNRESET upstream=10.0.3.44:8443 (retries exhausted),,,44e772aa82c43d12,,ECONNRESET,10.0.3.44:8443
2026-07-02 16:01:03.037,ERROR,worker,15047,upstream call failed request_id=82f5eda3b6c7cb39 err=ECONNRESET upstream=10.0.3.44:8443 (retries exhausted),,,82f5eda3b6c7cb39,,ECONNRESET,10.0.3.44:8443
2026-07-02 16:01:06.274,ERROR,worker,15049,upstream call failed request_id=fc41628ff3da90fb err=ECONNRESET upstream=10.0.3.44:8443 (retries exhausted),,,fc41628ff3da90fb,,ECONNRESET,10.0.3.44:8443
2026-07-02 16:01:06.718,ERROR,worker,15050,upstream call failed request_id=88a34225f27d51ee err=ECONNRESET upstream=10.0.3.44:8443 (retries exhausted),,,88a34225f27d51ee,,ECONNRESET,10.0.3.44:8443
2026-07-02 16:01:12.517,ERROR,worker,15057,upstream call failed request_id=1f82bd2343fdaf49 err=ECONNRESET upstream=10.0.3.44:8443 (retries exhausted),,,1f82bd2343fdaf49,,ECONNRESET,10.0.3.44:8443
2026-07-02 16:01:35.466,ERROR,worker,15074,upstream call failed request_id=810674032116d510 err=ECONNRESET upstream=10.0.3.44:8443 (retries exhausted),,,810674032116d510,,ECONNRESET,10.0.3.44:8443
2026-07-02 16:01:37.967,ERROR,worker,15076,upstream call failed request_id=aa70181fb2ef671c err=ECONNRESET upstream=10.0.3.44:8443 (retries exhausted),,,aa70181fb2ef671c,,ECONNRESET,10.0.3.44:8443
2026-07-02 16:01:40.509,ERROR,worker,15080,upstream call failed request_id=da3499844c2c4955 err=ECONNRESET upstream=10.0.3.44:8443 (retries exhausted),,,da3499844c2c4955,,ECONNRESET,10.0.3.44:8443
2026-07-02 16:02:02.000,ERROR,metrics-worker,15091,AnalyticsUploadTimeout: failed to push metrics batch to analytics.internal:9092 (attempt 3/3),,AnalyticsUploadTimeout,,,,
2026-07-02 16:02:31.158,ERROR,worker,15105,upstream call failed request_id=e4828dae455ad8d6 err=ECONNRESET upstream=10.0.3.44:8443 (retries exhausted),,,e4828dae455ad8d6,,ECONNRESET,10.0.3.44:8443
2026-07-02 16:02:34.921,ERROR,worker,15108,upstream call failed request_id=6309ed7950985e4e err=ECONNRESET upstream=10.0.3.44:8443 (retries exhausted),,,6309ed7950985e4e,,ECONNRESET,10.0.3.44:8443
2026-07-02 16:02:53.128,ERROR,worker,15115,upstream call failed request_id=c559773602c6dbf2 err=ECONNRESET upstream=10.0.3.44:8443 (retries exhausted),,,c559773602c6dbf2,,ECONNRESET,10.0.3.44:8443
2026-07-02 16:03:37.922,ERROR,worker,15138,upstream call failed request_id=be862f4ab139856e err=ECONNRESET upstream=10.0.3.44:8443 (retries exhausted),,,be862f4ab139856e,,ECONNRESET,10.0.3.44:8443
2026-07-02 16:03:49.233,ERROR,worker,15146,upstream call failed request_id=ff038665112a53d5 err=ECONNRESET upstream=10.0.3.44:8443 (retries exhausted),,,ff038665112a53d5,,ECONNRESET,10.0.3.44:8443
2026-07-02 16:03:53.152,ERROR,worker,15149,upstream call failed request_id=fdc282a2f1c1e281 err=ECONNRESET upstream=10.0.3.44:8443 (retries exhausted),,,fdc282a2f1c1e281,,ECONNRESET,10.0.3.44:8443
2026-07-02 16:04:16.243,ERROR,worker,15167,upstream call failed request_id=36d8c93c683067e7 err=ECONNRESET upstream=10.0.3.44:8443 (retries exhausted),,,36d8c93c683067e7,,ECONNRESET,10.0.3.44:8443
2026-07-02 16:04:26.000,ERROR,metrics-worker,15175,AnalyticsUploadTimeout: failed to push metrics batch to analytics.internal:9092 (attempt 1/3),,AnalyticsUploadTimeout,,,,
2026-07-02 16:04:55.761,ERROR,worker,15191,upstream call failed request_id=42d16b894f74725b err=ECONNRESET upstream=10.0.3.44:8443 (retries exhausted),,,42d16b894f74725b,,ECONNRESET,10.0.3.44:8443
2026-07-02 16:05:09.658,ERROR,worker,15196,upstream call failed request_id=0424eb40d80a59c2 err=ECONNRESET upstream=10.0.3.44:8443 (retries exhausted),,,0424eb40d80a59c2,,ECONNRESET,10.0.3.44:8443
2026-07-02 16:05:13.454,ERROR,worker,15200,upstream call failed request_id=1bc9ea997f01f9c0 err=ECONNRESET upstream=10.0.3.44:8443 (retries exhausted),,,1bc9ea997f01f9c0,,ECONNRESET,10.0.3.44:8443
2026-07-02 16:05:39.713,ERROR,worker,15206,upstream call failed request_id=7d276a9e29877564 err=ECONNRESET upstream=10.0.3.44:8443 (retries exhausted),,,7d276a9e29877564,,ECONNRESET,10.0.3.44:8443
2026-07-02 16:05:45.000,ERROR,metrics-worker,15211,AnalyticsUploadTimeout: failed to push metrics batch to analytics.internal:9092 (attempt 3/3),,AnalyticsUploadTimeout,,,,
2026-07-02 16:05:54.730,ERROR,worker,15218,upstream call failed request_id=817fbf32bc0f31e6 err=ECONNRESET upstream=10.0.3.44:8443 (retries exhausted),,,817fbf32bc0f31e6,,ECONNRESET,10.0.3.44:8443
2026-07-02 16:06:08.761,ERROR,worker,15228,upstream call failed request_id=6e23bac00ec15908 err=ECONNRESET upstream=10.0.3.44:8443 (retries exhausted),,,6e23bac00ec15908,,ECONNRESET,10.0.3.44:8443
2026-07-02 16:06:13.834,ERROR,worker,15235,upstream call failed request_id=1ad3d1b821f2abdc err=ECONNRESET upstream=10.0.3.44:8443 (retries exhausted),,,1ad3d1b821f2abdc,,ECONNRESET,10.0.3.44:8443
2026-07-02 16:06:29.231,ERROR,worker,15249,upstream call failed request_id=e7a0bdaa4883550e err=ECONNRESET upstream=10.0.3.44:8443 (retries exhausted),,,e7a0bdaa4883550e,,ECONNRESET,10.0.3.44:8443
2026-07-02 16:06:34.258,ERROR,worker,15250,upstream call failed request_id=d09f2c232dd5351c err=ECONNRESET upstream=10.0.3.44:8443 (retries exhausted),,,d09f2c232dd5351c,,ECONNRESET,10.0.3.44:8443
2026-07-02 16:06:54.908,ERROR,worker,15255,upstream call failed request_id=aff2de3131821566 err=ECONNRESET upstream=10.0.3.44:8443 (retries exhausted),,,aff2de3131821566,,ECONNRESET,10.0.3.44:8443
2026-07-02 16:07:07.015,ERROR,worker,15262,upstream call failed request_id=d0866a0f5b9a9541 err=ECONNRESET upstream=10.0.3.44:8443 (retries exhausted),,,d0866a0f5b9a9541,,ECONNRESET,10.0.3.44:8443
2026-07-02 16:07:30.793,ERROR,worker,15274,upstream call failed request_id=02f5f74914147a42 err=ECONNRESET upstream=10.0.3.44:8443 (retries exhausted),,,02f5f74914147a42,,ECONNRESET,10.0.3.44:8443
2026-07-02 16:07:38.000,ERROR,metrics-worker,15276,AnalyticsUploadTimeout: failed to push metrics batch to analytics.internal:9092 (attempt 2/3),,AnalyticsUploadTimeout,,,,
2026-07-02 16:07:57.159,ERROR,worker,15289,upstream call failed request_id=2c675c463ab7dcb0 err=ECONNRESET upstream=10.0.3.44:8443 (retries exhausted),,,2c675c463ab7dcb0,,ECONNRESET,10.0.3.44:8443
2026-07-02 16:08:07.427,ERROR,worker,15294,upstream call failed request_id=f37af7620cfe0062 err=ECONNRESET upstream=10.0.3.44:8443 (retries exhausted),,,f37af7620cfe0062,,ECONNRESET,10.0.3.44:8443
2026-07-02 16:08:21.511,ERROR,worker,15303,upstream call failed request_id=ba7ddc9a0144acc6 err=ECONNRESET upstream=10.0.3.44:8443 (retries exhausted),,,ba7ddc9a0144acc6,,ECONNRESET,10.0.3.44:8443
2026-07-02 16:08:33.772,ERROR,worker,15309,upstream call failed request_id=710981baa9ae75b9 err=ECONNRESET upstream=10.0.3.44:8443 (retries exhausted),,,710981baa9ae75b9,,ECONNRESET,10.0.3.44:8443
2026-07-02 16:08:37.276,ERROR,worker,15312,upstream call failed request_id=bc9565a7e55b4e91 err=ECONNRESET upstream=10.0.3.44:8443 (retries exhausted),,,bc9565a7e55b4e91,,ECONNRESET,10.0.3.44:8443
2026-07-02 16:08:41.325,ERROR,worker,15316,upstream call failed request_id=ca3c8ecb04601b1f err=ECONNRESET upstream=10.0.3.44:8443 (retries exhausted),,,ca3c8ecb04601b1f,,ECONNRESET,10.0.3.44:8443
2026-07-02 16:08:50.417,ERROR,worker,15322,upstream call failed request_id=30b7b60f742a7767 err=ECONNRESET upstream=10.0.3.44:8443 (retries exhausted),,,30b7b60f742a7767,,ECONNRESET,10.0.3.44:8443
2026-07-02 16:09:06.301,ERROR,worker,15329,upstream call failed request_id=afbfa0356166c0e7 err=ECONNRESET upstream=10.0.3.44:8443 (retries exhausted),,,afbfa0356166c0e7,,ECONNRESET,10.0.3.44:8443
2026-07-02 16:09:08.770,ERROR,worker,15332,upstream call failed request_id=a536521e3deaa29e err=ECONNRESET upstream=10.0.3.44:8443 (retries exhausted),,,a536521e3deaa29e,,ECONNRESET,10.0.3.44:8443
2026-07-02 16:09:23.678,ERROR,worker,15340,upstream call failed request_id=0c2d9596c2abb82b err=ECONNRESET upstream=10.0.3.44:8443 (retries exhausted),,,0c2d9596c2abb82b,,ECONNRESET,10.0.3.44:8443
2026-07-02 16:09:41.225,ERROR,worker,15350,upstream call failed request_id=10379044bceb0617 err=ECONNRESET upstream=10.0.3.44:8443 (retries exhausted),,,10379044bceb0617,,ECONNRESET,10.0.3.44:8443
2026-07-02 16:10:06.000,ERROR,metrics-worker,15362,AnalyticsUploadTimeout: failed to push metrics batch to analytics.internal:9092 (attempt 2/3),,AnalyticsUploadTimeout,,,,
2026-07-02 16:10:10.782,ERROR,worker,15366,upstream call failed request_id=71f612cb793a5886 err=ECONNRESET upstream=10.0.3.44:8443 (retries exhausted),,,71f612cb793a5886,,ECONNRESET,10.0.3.44:8443
2026-07-02 16:10:21.806,ERROR,worker,15371,upstream call failed request_id=063d5db9d0655e46 err=ECONNRESET upstream=10.0.3.44:8443 (retries exhausted),,,063d5db9d0655e46,,ECONNRESET,10.0.3.44:8443
2026-07-02 16:10:29.200,ERROR,worker,15377,upstream call failed request_id=227f3bd7bc17eae1 err=ECONNRESET upstream=10.0.3.44:8443 (retries exhausted),,,227f3bd7bc17eae1,,ECONNRESET,10.0.3.44:8443
2026-07-02 16:10:35.814,ERROR,worker,15379,upstream call failed request_id=3c25e17549506f7d err=ECONNRESET upstream=10.0.3.44:8443 (retries exhausted),,,3c25e17549506f7d,,ECONNRESET,10.0.3.44:8443
2026-07-02 16:10:36.517,ERROR,worker,15380,upstream call failed request_id=42c5724aa6dfcb4c err=ECONNRESET upstream=10.0.3.44:8443 (retries exhausted),,,42c5724aa6dfcb4c,,ECONNRESET,10.0.3.44:8443
2026-07-02 16:10:54.881,ERROR,worker,15393,upstream call failed request_id=820927d5b42e8479 err=ECONNRESET upstream=10.0.3.44:8443 (retries exhausted),,,820927d5b42e8479,,ECONNRESET,10.0.3.44:8443
2026-07-02 16:11:03.735,ERROR,worker,15401,upstream call failed request_id=cdc4dc0dbdd34c4d err=ECONNRESET upstream=10.0.3.44:8443 (retries exhausted),,,cdc4dc0dbdd34c4d,,ECONNRESET,10.0.3.44:8443
2026-07-02 16:11:04.432,ERROR,worker,15403,upstream call failed request_id=834e24ba3e69b8bb err=ECONNRESET upstream=10.0.3.44:8443 (retries exhausted),,,834e24ba3e69b8bb,,ECONNRESET,10.0.3.44:8443
2026-07-02 16:11:12.647,ERROR,worker,15406,upstream call failed request_id=e7e45163b9bbe680 err=ECONNRESET upstream=10.0.3.44:8443 (retries exhausted),,,e7e45163b9bbe680,,ECONNRESET,10.0.3.44:8443
2026-07-02 16:11:13.616,ERROR,worker,15408,upstream call failed request_id=c9610102226b37c4 err=ECONNRESET upstream=10.0.3.44:8443 (retries exhausted),,,c9610102226b37c4,,ECONNRESET,10.0.3.44:8443
2026-07-02 16:11:53.268,ERROR,worker,15422,upstream call failed request_id=15a67af2984bc56f err=ECONNRESET upstream=10.0.3.44:8443 (retries exhausted),,,15a67af2984bc56f,,ECONNRESET,10.0.3.44:8443
2026-07-02 16:12:01.389,ERROR,worker,15427,upstream call failed request_id=2ea8fb3d7ef0a945 err=ECONNRESET upstream=10.0.3.44:8443 (retries exhausted),,,2ea8fb3d7ef0a945,,ECONNRESET,10.0.3.44:8443
2026-07-02 16:12:03.192,ERROR,worker,15429,upstream call failed request_id=52dbcc7ea06a0084 err=ECONNRESET upstream=10.0.3.44:8443 (retries exhausted),,,52dbcc7ea06a0084,,ECONNRESET,10.0.3.44:8443
2026-07-02 16:12:26.000,ERROR,metrics-worker,15442,AnalyticsUploadTimeout: failed to push metrics batch to analytics.internal:9092 (attempt 1/3),,AnalyticsUploadTimeout,,,,
2026-07-02 16:12:36.952,ERROR,worker,15450,upstream call failed request_id=0d77bd51553f52c5 err=ECONNRESET upstream=10.0.3.44:8443 (retries exhausted),,,0d77bd51553f52c5,,ECONNRESET,10.0.3.44:8443
2026-07-02 16:12:53.739,ERROR,worker,15460,upstream call failed request_id=b1906ac80a90d4e7 err=ECONNRESET upstream=10.0.3.44:8443 (retries exhausted),,,b1906ac80a90d4e7,,ECONNRESET,10.0.3.44:8443
2026-07-02 16:13:24.636,ERROR,worker,15476,upstream call failed request_id=bc80e8a4ad8bddbb err=ECONNRESET upstream=10.0.3.44:8443 (retries exhausted),,,bc80e8a4ad8bddbb,,ECONNRESET,10.0.3.44:8443
2026-07-02 16:13:30.184,ERROR,worker,15478,upstream call failed request_id=22c7594e94590faa err=ECONNRESET upstream=10.0.3.44:8443 (retries exhausted),,,22c7594e94590faa,,ECONNRESET,10.0.3.44:8443
2026-07-02 16:13:40.581,ERROR,worker,15485,upstream call failed request_id=9a0f5241c7ece9d7 err=ECONNRESET upstream=10.0.3.44:8443 (retries exhausted),,,9a0f5241c7ece9d7,,ECONNRESET,10.0.3.44:8443
2026-07-02 16:13:44.077,ERROR,worker,15487,upstream call failed request_id=fddd3e2ff9e8964d err=ECONNRESET upstream=10.0.3.44:8443 (retries exhausted),,,fddd3e2ff9e8964d,,ECONNRESET,10.0.3.44:8443
2026-07-02 16:13:53.919,ERROR,worker,15492,upstream call failed request_id=b6e0148206bb827e err=ECONNRESET upstream=10.0.3.44:8443 (retries exhausted),,,b6e0148206bb827e,,ECONNRESET,10.0.3.44:8443
2026-07-02 16:14:08.000,ERROR,metrics-worker,15507,AnalyticsUploadTimeout: failed to push metrics batch to analytics.internal:9092 (attempt 3/3),,AnalyticsUploadTimeout,,,,
2026-07-02 16:14:09.883,ERROR,worker,15508,upstream call failed request_id=513244d90676cd8e err=ECONNRESET upstream=10.0.3.44:8443 (retries exhausted),,,513244d90676cd8e,,ECONNRESET,10.0.3.44:8443
2026-07-02 16:14:24.796,ERROR,worker,15514,upstream call failed request_id=18f81c55487bf8f1 err=ECONNRESET upstream=10.0.3.44:8443 (retries exhausted),,,18f81c55487bf8f1,,ECONNRESET,10.0.3.44:8443
2026-07-02 16:15:32.411,ERROR,worker,15540,upstream call failed request_id=a4489cfcad75acea err=ECONNRESET upstream=10.0.3.44:8443 (retries exhausted),,,a4489cfcad75acea,,ECONNRESET,10.0.3.44:8443
2026-07-02 16:15:34.358,ERROR,worker,15541,upstream call failed request_id=0d8126f8cf4d7fc4 err=ECONNRESET upstream=10.0.3.44:8443 (retries exhausted),,,0d8126f8cf4d7fc4,,ECONNRESET,10.0.3.44:8443
2026-07-02 16:15:41.639,ERROR,worker,15544,upstream call failed request_id=495643221f5dd154 err=ECONNRESET upstream=10.0.3.44:8443 (retries exhausted),,,495643221f5dd154,,ECONNRESET,10.0.3.44:8443
2026-07-02 16:15:42.853,ERROR,worker,15545,upstream call failed request_id=a08f21e34dff8286 err=ECONNRESET upstream=10.0.3.44:8443 (retries exhausted),,,a08f21e34dff8286,,ECONNRESET,10.0.3.44:8443
2026-07-02 16:16:04.000,ERROR,metrics-worker,15554,AnalyticsUploadTimeout: failed to push metrics batch to analytics.internal:9092 (attempt 2/3),,AnalyticsUploadTimeout,,,,
2026-07-02 16:16:29.651,ERROR,worker,15563,upstream call failed request_id=a38859e32ba82022 err=ECONNRESET upstream=10.0.3.44:8443 (retries exhausted),,,a38859e32ba82022,,ECONNRESET,10.0.3.44:8443
2026-07-02 16:16:35.176,ERROR,worker,15570,upstream call failed request_id=9867971b13f4327d err=ECONNRESET upstream=10.0.3.44:8443 (retries exhausted),,,9867971b13f4327d,,ECONNRESET,10.0.3.44:8443
2026-07-02 16:16:52.652,ERROR,worker,15579,upstream call failed request_id=7c6d5d7cbfa04fe4 err=ECONNRESET upstream=10.0.3.44:8443 (retries exhausted),,,7c6d5d7cbfa04fe4,,ECONNRESET,10.0.3.44:8443
2026-07-02 16:17:18.414,ERROR,worker,15585,upstream call failed request_id=88ae7ed786e68bed err=ECONNRESET upstream=10.0.3.44:8443 (retries exhausted),,,88ae7ed786e68bed,,ECONNRESET,10.0.3.44:8443
2026-07-02 16:17:33.280,ERROR,worker,15590,upstream call failed request_id=6091fc5e278ca82e err=ECONNRESET upstream=10.0.3.44:8443 (retries exhausted),,,6091fc5e278ca82e,,ECONNRESET,10.0.3.44:8443
2026-07-02 16:17:34.000,ERROR,metrics-worker,15591,AnalyticsUploadTimeout: failed to push metrics batch to analytics.internal:9092 (attempt 3/3),,AnalyticsUploadTimeout,,,,
2026-07-02 16:17:46.194,ERROR,worker,15599,upstream call failed request_id=74133dd8840576dc err=ECONNRESET upstream=10.0.3.44:8443 (retries exhausted),,,74133dd8840576dc,,ECONNRESET,10.0.3.44:8443
2026-07-02 16:18:29.154,ERROR,worker,15618,upstream call failed request_id=f0740150dfeae940 err=ECONNRESET upstream=10.0.3.44:8443 (retries exhausted),,,f0740150dfeae940,,ECONNRESET,10.0.3.44:8443
2026-07-02 16:18:45.000,ERROR,metrics-worker,15623,AnalyticsUploadTimeout: failed to push metrics batch to analytics.internal:9092 (attempt 3/3),,AnalyticsUploadTimeout,,,,
2026-07-02 16:18:47.185,ERROR,worker,15626,upstream call failed request_id=58fa36fbc270745a err=ECONNRESET upstream=10.0.3.44:8443 (retries exhausted),,,58fa36fbc270745a,,ECONNRESET,10.0.3.44:8443
2026-07-02 16:19:04.192,ERROR,worker,15634,upstream call failed request_id=9818669ab7e43bd6 err=ECONNRESET upstream=10.0.3.44:8443 (retries exhausted),,,9818669ab7e43bd6,,ECONNRESET,10.0.3.44:8443
2026-07-02 16:19:30.839,ERROR,worker,15648,upstream call failed request_id=0bff1e7019f582fa err=ECONNRESET upstream=10.0.3.44:8443 (retries exhausted),,,0bff1e7019f582fa,,ECONNRESET,10.0.3.44:8443
2026-07-02 16:19:30.906,ERROR,worker,15649,upstream call failed request_id=e5019e90b028f723 err=ECONNRESET upstream=10.0.3.44:8443 (retries exhausted),,,e5019e90b028f723,,ECONNRESET,10.0.3.44:8443
2026-07-02 16:19:36.867,ERROR,worker,15653,upstream call failed request_id=fc0f1706ddbb2024 err=ECONNRESET upstream=10.0.3.44:8443 (retries exhausted),,,fc0f1706ddbb2024,,ECONNRESET,10.0.3.44:8443
2026-07-02 16:19:37.126,ERROR,worker,15655,upstream call failed request_id=5bb75c72692396f5 err=ECONNRESET upstream=10.0.3.44:8443 (retries exhausted),,,5bb75c72692396f5,,ECONNRESET,10.0.3.44:8443
2026-07-02 16:19:55.138,ERROR,worker,15664,upstream call failed request_id=09c9403d68bbf5c8 err=ECONNRESET upstream=10.0.3.44:8443 (retries exhausted),,,09c9403d68bbf5c8,,ECONNRESET,10.0.3.44:8443
2026-07-02 16:19:58.357,ERROR,worker,15665,upstream call failed request_id=af167869daa6d2d2 err=ECONNRESET upstream=10.0.3.44:8443 (retries exhausted),,,af167869daa6d2d2,,ECONNRESET,10.0.3.44:8443
2026-07-02 16:20:03.046,ERROR,worker,15668,upstream call failed request_id=598c06abdaf274a1 err=ECONNRESET upstream=10.0.3.44:8443 (retries exhausted),,,598c06abdaf274a1,,ECONNRESET,10.0.3.44:8443
2026-07-02 16:20:05.732,ERROR,worker,15670,upstream call failed request_id=f9af0465fd619d96 err=ECONNRESET upstream=10.0.3.44:8443 (retries exhausted),,,f9af0465fd619d96,,ECONNRESET,10.0.3.44:8443
2026-07-02 16:20:22.916,ERROR,worker,15674,upstream call failed request_id=e89442b65fe72d5c err=ECONNRESET upstream=10.0.3.44:8443 (retries exhausted),,,e89442b65fe72d5c,,ECONNRESET,10.0.3.44:8443
2026-07-02 16:20:29.966,ERROR,worker,15683,upstream call failed request_id=ce99b3c121685fd3 err=ECONNRESET upstream=10.0.3.44:8443 (retries exhausted),,,ce99b3c121685fd3,,ECONNRESET,10.0.3.44:8443
2026-07-02 16:20:31.100,ERROR,worker,15685,upstream call failed request_id=efde14718d3d0385 err=ECONNRESET upstream=10.0.3.44:8443 (retries exhausted),,,efde14718d3d0385,,ECONNRESET,10.0.3.44:8443
2026-07-02 16:20:31.913,ERROR,worker,15687,upstream call failed request_id=a3b0200ade7b5d7b err=ECONNRESET upstream=10.0.3.44:8443 (retries exhausted),,,a3b0200ade7b5d7b,,ECONNRESET,10.0.3.44:8443
2026-07-02 16:20:32.000,ERROR,metrics-worker,15688,AnalyticsUploadTimeout: failed to push metrics batch to analytics.internal:9092 (attempt 3/3),,AnalyticsUploadTimeout,,,,
2026-07-02 16:20:36.509,ERROR,worker,15689,upstream call failed request_id=66fa905ff69a2bef err=ECONNRESET upstream=10.0.3.44:8443 (retries exhausted),,,66fa905ff69a2bef,,ECONNRESET,10.0.3.44:8443
2026-07-02 16:20:40.059,ERROR,worker,15691,upstream call failed request_id=d9d0d2693b5c8097 err=ECONNRESET upstream=10.0.3.44:8443 (retries exhausted),,,d9d0d2693b5c8097,,ECONNRESET,10.0.3.44:8443
2026-07-02 16:21:01.846,ERROR,worker,15699,upstream call failed request_id=a8b3dc4dffde0602 err=ECONNRESET upstream=10.0.3.44:8443 (retries exhausted),,,a8b3dc4dffde0602,,ECONNRESET,10.0.3.44:8443
2026-07-02 16:21:05.901,ERROR,worker,15702,upstream call failed request_id=a5441c99ca621f09 err=ECONNRESET upstream=10.0.3.44:8443 (retries exhausted),,,a5441c99ca621f09,,ECONNRESET,10.0.3.44:8443
2026-07-02 16:21:17.974,ERROR,worker,15715,upstream call failed request_id=fe90219cb6f6e93a err=ECONNRESET upstream=10.0.3.44:8443 (retries exhausted),,,fe90219cb6f6e93a,,ECONNRESET,10.0.3.44:8443
2026-07-02 16:21:37.434,ERROR,worker,15723,upstream call failed request_id=c4a34be1623db037 err=ECONNRESET upstream=10.0.3.44:8443 (retries exhausted),,,c4a34be1623db037,,ECONNRESET,10.0.3.44:8443
2026-07-02 16:22:07.556,ERROR,worker,15733,upstream call failed request_id=00e9cf76ba0cc306 err=ECONNRESET upstream=10.0.3.44:8443 (retries exhausted),,,00e9cf76ba0cc306,,ECONNRESET,10.0.3.44:8443
2026-07-02 16:22:27.526,ERROR,worker,15742,upstream call failed request_id=fffcfa8298e349f7 err=ECONNRESET upstream=10.0.3.44:8443 (retries exhausted),,,fffcfa8298e349f7,,ECONNRESET,10.0.3.44:8443
2026-07-02 16:22:35.072,ERROR,worker,15745,upstream call failed request_id=4a3cd011eb724752 err=ECONNRESET upstream=10.0.3.44:8443 (retries exhausted),,,4a3cd011eb724752,,ECONNRESET,10.0.3.44:8443
2026-07-02 16:22:36.651,ERROR,worker,15747,upstream call failed request_id=db32d663e771c7ff err=ECONNRESET upstream=10.0.3.44:8443 (retries exhausted),,,db32d663e771c7ff,,ECONNRESET,10.0.3.44:8443
2026-07-02 16:22:44.511,ERROR,worker,15751,upstream call failed request_id=8a11daf261be3f40 err=ECONNRESET upstream=10.0.3.44:8443 (retries exhausted),,,8a11daf261be3f40,,ECONNRESET,10.0.3.44:8443
2026-07-02 16:22:45.000,ERROR,metrics-worker,15752,AnalyticsUploadTimeout: failed to push metrics batch to analytics.internal:9092 (attempt 2/3),,AnalyticsUploadTimeout,,,,
2026-07-02 16:22:46.190,ERROR,worker,15753,upstream call failed request_id=82e034e98bbcfae3 err=ECONNRESET upstream=10.0.3.44:8443 (retries exhausted),,,82e034e98bbcfae3,,ECONNRESET,10.0.3.44:8443
2026-07-02 16:22:57.473,ERROR,worker,15760,upstream call failed request_id=04b7db8361597919 err=ECONNRESET upstream=10.0.3.44:8443 (retries exhausted),,,04b7db8361597919,,ECONNRESET,10.0.3.44:8443
2026-07-02 16:23:00.874,ERROR,worker,15762,upstream call failed request_id=a70b427c5775de3d err=ECONNRESET upstream=10.0.3.44:8443 (retries exhausted),,,a70b427c5775de3d,,ECONNRESET,10.0.3.44:8443
2026-07-02 16:23:06.248,ERROR,worker,15766,upstream call failed request_id=e800d2429474714f err=ECONNRESET upstream=10.0.3.44:8443 (retries exhausted),,,e800d2429474714f,,ECONNRESET,10.0.3.44:8443
2026-07-02 16:23:24.423,ERROR,worker,15775,upstream call failed request_id=44ed2c69830e874a err=ECONNRESET upstream=10.0.3.44:8443 (retries exhausted),,,44ed2c69830e874a,,ECONNRESET,10.0.3.44:8443
2026-07-02 16:23:35.102,ERROR,worker,15781,upstream call failed request_id=644056ac52ff845d err=ECONNRESET upstream=10.0.3.44:8443 (retries exhausted),,,644056ac52ff845d,,ECONNRESET,10.0.3.44:8443
2026-07-02 16:23:40.862,ERROR,worker,15787,upstream call failed request_id=82a6bd317262e68d err=ECONNRESET upstream=10.0.3.44:8443 (retries exhausted),,,82a6bd317262e68d,,ECONNRESET,10.0.3.44:8443
2026-07-02 16:24:16.764,ERROR,worker,15794,upstream call failed request_id=52abd263c375fd87 err=ECONNRESET upstream=10.0.3.44:8443 (retries exhausted),,,52abd263c375fd87,,ECONNRESET,10.0.3.44:8443
2026-07-02 16:24:31.429,ERROR,worker,15802,upstream call failed request_id=4a0f899c2af3c307 err=ECONNRESET upstream=10.0.3.44:8443 (retries exhausted),,,4a0f899c2af3c307,,ECONNRESET,10.0.3.44:8443
2026-07-02 16:24:34.000,ERROR,metrics-worker,15803,AnalyticsUploadTimeout: failed to push metrics batch to analytics.internal:9092 (attempt 3/3),,AnalyticsUploadTimeout,,,,
2026-07-02 16:24:43.114,ERROR,worker,15808,upstream call failed request_id=43fec28fe9f3b7e0 err=ECONNRESET upstream=10.0.3.44:8443 (retries exhausted),,,43fec28fe9f3b7e0,,ECONNRESET,10.0.3.44:8443
2026-07-02 16:24:46.290,ERROR,worker,15810,upstream call failed request_id=53cda3149ee6d623 err=ECONNRESET upstream=10.0.3.44:8443 (retries exhausted),,,53cda3149ee6d623,,ECONNRESET,10.0.3.44:8443
2026-07-02 16:24:52.753,ERROR,worker,15814,upstream call failed request_id=37ed167c1c4bb6b1 err=ECONNRESET upstream=10.0.3.44:8443 (retries exhausted),,,37ed167c1c4bb6b1,,ECONNRESET,10.0.3.44:8443
2026-07-02 16:25:05.051,ERROR,worker,15817,upstream call failed request_id=bcdad01895a01cda err=ECONNRESET upstream=10.0.3.44:8443 (retries exhausted),,,bcdad01895a01cda,,ECONNRESET,10.0.3.44:8443
2026-07-02 16:25:06.941,ERROR,worker,15819,upstream call failed request_id=5051f9fa783ddf41 err=ECONNRESET upstream=10.0.3.44:8443 (retries exhausted),,,5051f9fa783ddf41,,ECONNRESET,10.0.3.44:8443
2026-07-02 16:25:07.164,ERROR,worker,15820,upstream call failed request_id=5325ebc85d866c98 err=ECONNRESET upstream=10.0.3.44:8443 (retries exhausted),,,5325ebc85d866c98,,ECONNRESET,10.0.3.44:8443
2026-07-02 16:25:08.503,ERROR,worker,15821,upstream call failed request_id=c372a6aa43f2b290 err=ECONNRESET upstream=10.0.3.44:8443 (retries exhausted),,,c372a6aa43f2b290,,ECONNRESET,10.0.3.44:8443
2026-07-02 16:25:30.313,ERROR,worker,15828,upstream call failed request_id=8b33759df24ea56e err=ECONNRESET upstream=10.0.3.44:8443 (retries exhausted),,,8b33759df24ea56e,,ECONNRESET,10.0.3.44:8443
2026-07-02 16:25:42.695,ERROR,worker,15834,upstream call failed request_id=2e8c488758d229d5 err=ECONNRESET upstream=10.0.3.44:8443 (retries exhausted),,,2e8c488758d229d5,,ECONNRESET,10.0.3.44:8443
2026-07-02 16:26:05.820,ERROR,worker,15850,upstream call failed request_id=af150c11c4423890 err=ECONNRESET upstream=10.0.3.44:8443 (retries exhausted),,,af150c11c4423890,,ECONNRESET,10.0.3.44:8443
2026-07-02 16:26:06.992,ERROR,worker,15851,upstream call failed request_id=b4fa597846b1fa6a err=ECONNRESET upstream=10.0.3.44:8443 (retries exhausted),,,b4fa597846b1fa6a,,ECONNRESET,10.0.3.44:8443
2026-07-02 16:26:11.917,ERROR,worker,15856,upstream call failed request_id=376246af89680c1c err=ECONNRESET upstream=10.0.3.44:8443 (retries exhausted),,,376246af89680c1c,,ECONNRESET,10.0.3.44:8443
2026-07-02 16:26:24.587,ERROR,worker,15858,upstream call failed request_id=b597cfe44d4a5c24 err=ECONNRESET upstream=10.0.3.44:8443 (retries exhausted),,,b597cfe44d4a5c24,,ECONNRESET,10.0.3.44:8443
2026-07-02 16:26:36.000,ERROR,metrics-worker,15867,AnalyticsUploadTimeout: failed to push metrics batch to analytics.internal:9092 (attempt 2/3),,AnalyticsUploadTimeout,,,,
2026-07-02 16:26:43.371,ERROR,worker,15870,upstream call failed request_id=495d653c21e97a66 err=ECONNRESET upstream=10.0.3.44:8443 (retries exhausted),,,495d653c21e97a66,,ECONNRESET,10.0.3.44:8443
2026-07-02 16:26:47.567,ERROR,worker,15872,upstream call failed request_id=024d1c377cbb1fb2 err=ECONNRESET upstream=10.0.3.44:8443 (retries exhausted),,,024d1c377cbb1fb2,,ECONNRESET,10.0.3.44:8443
2026-07-02 16:27:14.457,ERROR,worker,15885,upstream call failed request_id=d95e18000301d3ec err=ECONNRESET upstream=10.0.3.44:8443 (retries exhausted),,,d95e18000301d3ec,,ECONNRESET,10.0.3.44:8443
2026-07-02 16:27:28.776,ERROR,worker,15897,upstream call failed request_id=a5758758424629e3 err=ECONNRESET upstream=10.0.3.44:8443 (retries exhausted),,,a5758758424629e3,,ECONNRESET,10.0.3.44:8443
2026-07-02 16:27:40.120,ERROR,worker,15903,upstream call failed request_id=87fd4c84d026c18e err=ECONNRESET upstream=10.0.3.44:8443 (retries exhausted),,,87fd4c84d026c18e,,ECONNRESET,10.0.3.44:8443
2026-07-02 16:27:45.166,ERROR,worker,15906,upstream call failed request_id=e166728b3e1c0950 err=ECONNRESET upstream=10.0.3.44:8443 (retries exhausted),,,e166728b3e1c0950,,ECONNRESET,10.0.3.44:8443
2026-07-02 16:28:06.430,ERROR,worker,15916,upstream call failed request_id=8328a034d478f1ed err=ECONNRESET upstream=10.0.3.44:8443 (retries exhausted),,,8328a034d478f1ed,,ECONNRESET,10.0.3.44:8443
2026-07-02 16:28:12.000,ERROR,metrics-worker,15922,AnalyticsUploadTimeout: failed to push metrics batch to analytics.internal:9092 (attempt 3/3),,AnalyticsUploadTimeout,,,,
2026-07-02 16:28:15.867,ERROR,worker,15926,upstream call failed request_id=f54cd063c8e060d9 err=ECONNRESET upstream=10.0.3.44:8443 (retries exhausted),,,f54cd063c8e060d9,,ECONNRESET,10.0.3.44:8443
2026-07-02 16:28:19.628,ERROR,worker,15928,upstream call failed request_id=51c68e85f4133b7c err=ECONNRESET upstream=10.0.3.44:8443 (retries exhausted),,,51c68e85f4133b7c,,ECONNRESET,10.0.3.44:8443
2026-07-02 16:28:32.878,ERROR,worker,15935,upstream call failed request_id=4b0ab039966f37bc err=ECONNRESET upstream=10.0.3.44:8443 (retries exhausted),,,4b0ab039966f37bc,,ECONNRESET,10.0.3.44:8443
2026-07-02 16:28:34.718,ERROR,worker,15936,upstream call failed request_id=2727f72556a5d852 err=ECONNRESET upstream=10.0.3.44:8443 (retries exhausted),,,2727f72556a5d852,,ECONNRESET,10.0.3.44:8443
2026-07-02 16:28:37.467,ERROR,worker,15940,upstream call failed request_id=142dd9de3ce928f1 err=ECONNRESET upstream=10.0.3.44:8443 (retries exhausted),,,142dd9de3ce928f1,,ECONNRESET,10.0.3.44:8443
2026-07-02 16:28:45.196,ERROR,worker,15944,upstream call failed request_id=3b3026198029bde7 err=ECONNRESET upstream=10.0.3.44:8443 (retries exhausted),,,3b3026198029bde7,,ECONNRESET,10.0.3.44:8443
2026-07-02 16:28:47.124,ERROR,worker,15946,upstream call failed request_id=4ee17522c1c49144 err=ECONNRESET upstream=10.0.3.44:8443 (retries exhausted),,,4ee17522c1c49144,,ECONNRESET,10.0.3.44:8443
2026-07-02 16:29:01.428,ERROR,worker,15951,upstream call failed request_id=dde74f706bde1b23 err=ECONNRESET upstream=10.0.3.44:8443 (retries exhausted),,,dde74f706bde1b23,,ECONNRESET,10.0.3.44:8443
2026-07-02 16:29:10.368,ERROR,worker,15955,upstream call failed request_id=6bca9668106aa631 err=ECONNRESET upstream=10.0.3.44:8443 (retries exhausted),,,6bca9668106aa631,,ECONNRESET,10.0.3.44:8443
2026-07-02 16:29:22.433,ERROR,worker,15962,upstream call failed request_id=0df844e9d0863db3 err=ECONNRESET upstream=10.0.3.44:8443 (retries exhausted),,,0df844e9d0863db3,,ECONNRESET,10.0.3.44:8443
2026-07-02 16:29:26.769,ERROR,worker,15964,upstream call failed request_id=44c013ad1f697832 err=ECONNRESET upstream=10.0.3.44:8443 (retries exhausted),,,44c013ad1f697832,,ECONNRESET,10.0.3.44:8443
2026-07-02 16:29:35.413,ERROR,worker,15972,upstream call failed request_id=3945f9f87a053213 err=ECONNRESET upstream=10.0.3.44:8443 (retries exhausted),,,3945f9f87a053213,,ECONNRESET,10.0.3.44:8443
2026-07-02 16:30:09.897,ERROR,worker,15985,upstream call failed request_id=0d43e4ca2e653d42 err=ECONNRESET upstream=10.0.3.44:8443 (retries exhausted),,,0d43e4ca2e653d42,,ECONNRESET,10.0.3.44:8443
2026-07-02 16:30:15.039,ERROR,worker,15991,upstream call failed request_id=5ea86443e2885b12 err=ECONNRESET upstream=10.0.3.44:8443 (retries exhausted),,,5ea86443e2885b12,,ECONNRESET,10.0.3.44:8443
2026-07-02 16:30:22.000,ERROR,metrics-worker,15993,AnalyticsUploadTimeout: failed to push metrics batch to analytics.internal:9092 (attempt 1/3),,AnalyticsUploadTimeout,,,,
2026-07-02 16:31:40.000,ERROR,metrics-worker,16028,AnalyticsUploadTimeout: failed to push metrics batch to analytics.internal:9092 (attempt 3/3),,AnalyticsUploadTimeout,,,,
2026-07-02 16:31:50.592,ERROR,worker,16032,upstream call failed request_id=a0a7ecdcda6f536f err=ECONNRESET upstream=10.0.3.44:8443 (retries exhausted),,,a0a7ecdcda6f536f,,ECONNRESET,10.0.3.44:8443
2026-07-02 16:31:57.111,ERROR,worker,16036,upstream call failed request_id=18ec9a3686976c1e err=ECONNRESET upstream=10.0.3.44:8443 (retries exhausted),,,18ec9a3686976c1e,,ECONNRESET,10.0.3.44:8443
2026-07-02 16:32:15.284,ERROR,worker,16042,upstream call failed request_id=da1c2c087706bf69 err=ECONNRESET upstream=10.0.3.44:8443 (retries exhausted),,,da1c2c087706bf69,,ECONNRESET,10.0.3.44:8443
2026-07-02 16:32:16.603,ERROR,worker,16045,upstream call failed request_id=fda7a10ae2fd21c0 err=ECONNRESET upstream=10.0.3.44:8443 (retries exhausted),,,fda7a10ae2fd21c0,,ECONNRESET,10.0.3.44:8443
2026-07-02 16:32:51.383,ERROR,worker,16062,upstream call failed request_id=5a7ba5f2246a19c3 err=ECONNRESET upstream=10.0.3.44:8443 (retries exhausted),,,5a7ba5f2246a19c3,,ECONNRESET,10.0.3.44:8443
2026-07-02 16:32:54.366,ERROR,worker,16065,upstream call failed request_id=9ffaf6fa1b4c1950 err=ECONNRESET upstream=10.0.3.44:8443 (retries exhausted),,,9ffaf6fa1b4c1950,,ECONNRESET,10.0.3.44:8443
2026-07-02 16:32:55.000,ERROR,metrics-worker,16067,AnalyticsUploadTimeout: failed to push metrics batch to analytics.internal:9092 (attempt 1/3),,AnalyticsUploadTimeout,,,,
2026-07-02 16:33:01.551,ERROR,worker,16070,upstream call failed request_id=9bf6fd7d73c009eb err=ECONNRESET upstream=10.0.3.44:8443 (retries exhausted),,,9bf6fd7d73c009eb,,ECONNRESET,10.0.3.44:8443
2026-07-02 16:33:07.718,ERROR,worker,16075,upstream call failed request_id=bd37a9dad5234af4 err=ECONNRESET upstream=10.0.3.44:8443 (retries exhausted),,,bd37a9dad5234af4,,ECONNRESET,10.0.3.44:8443
2026-07-02 16:33:21.798,ERROR,worker,16079,upstream call failed request_id=3ae3bcebccbe96b5 err=ECONNRESET upstream=10.0.3.44:8443 (retries exhausted),,,3ae3bcebccbe96b5,,ECONNRESET,10.0.3.44:8443
2026-07-02 16:33:48.143,ERROR,worker,16091,upstream call failed request_id=43b401e4bd1e2a91 err=ECONNRESET upstream=10.0.3.44:8443 (retries exhausted),,,43b401e4bd1e2a91,,ECONNRESET,10.0.3.44:8443
2026-07-02 16:34:04.425,ERROR,worker,16097,upstream call failed request_id=fb9aefa56178f4a3 err=ECONNRESET upstream=10.0.3.44:8443 (retries exhausted),,,fb9aefa56178f4a3,,ECONNRESET,10.0.3.44:8443
2026-07-02 16:34:11.000,ERROR,metrics-worker,16104,AnalyticsUploadTimeout: failed to push metrics batch to analytics.internal:9092 (attempt 2/3),,AnalyticsUploadTimeout,,,,
2026-07-02 16:34:16.964,ERROR,worker,16106,upstream call failed request_id=703c68fd246ff702 err=ECONNRESET upstream=10.0.3.44:8443 (retries exhausted),,,703c68fd246ff702,,ECONNRESET,10.0.3.44:8443
2026-07-02 16:34:24.118,ERROR,worker,16108,upstream call failed request_id=524e98be0c50b7a2 err=ECONNRESET upstream=10.0.3.44:8443 (retries exhausted),,,524e98be0c50b7a2,,ECONNRESET,10.0.3.44:8443
2026-07-02 16:34:25.513,ERROR,worker,16110,upstream call failed request_id=3d8b29ec6f11bd01 err=ECONNRESET upstream=10.0.3.44:8443 (retries exhausted),,,3d8b29ec6f11bd01,,ECONNRESET,10.0.3.44:8443
2026-07-02 16:34:35.501,ERROR,worker,16111,upstream call failed request_id=f00728cca24a5be4 err=ECONNRESET upstream=10.0.3.44:8443 (retries exhausted),,,f00728cca24a5be4,,ECONNRESET,10.0.3.44:8443
2026-07-02 16:34:35.587,ERROR,worker,16112,upstream call failed request_id=1f587a532747ef32 err=ECONNRESET upstream=10.0.3.44:8443 (retries exhausted),,,1f587a532747ef32,,ECONNRESET,10.0.3.44:8443
2026-07-02 16:34:44.590,ERROR,worker,16115,upstream call failed request_id=d79289ced216d294 err=ECONNRESET upstream=10.0.3.44:8443 (retries exhausted),,,d79289ced216d294,,ECONNRESET,10.0.3.44:8443
2026-07-02 16:34:54.638,ERROR,worker,16121,upstream call failed request_id=4a2d1d1a5b6ee25b err=ECONNRESET upstream=10.0.3.44:8443 (retries exhausted),,,4a2d1d1a5b6ee25b,,ECONNRESET,10.0.3.44:8443
2026-07-02 16:35:03.165,ERROR,worker,16127,upstream call failed request_id=4005599f8ef0e9f3 err=ECONNRESET upstream=10.0.3.44:8443 (retries exhausted),,,4005599f8ef0e9f3,,ECONNRESET,10.0.3.44:8443
2026-07-02 16:35:03.564,ERROR,worker,16128,upstream call failed request_id=0b82078b8ab83530 err=ECONNRESET upstream=10.0.3.44:8443 (retries exhausted),,,0b82078b8ab83530,,ECONNRESET,10.0.3.44:8443
2026-07-02 16:35:09.115,ERROR,worker,16129,upstream call failed request_id=30088e12b4f0e3bf err=ECONNRESET upstream=10.0.3.44:8443 (retries exhausted),,,30088e12b4f0e3bf,,ECONNRESET,10.0.3.44:8443
2026-07-02 16:35:19.844,ERROR,worker,16133,upstream call failed request_id=ce95c67d35d79ac0 err=ECONNRESET upstream=10.0.3.44:8443 (retries exhausted),,,ce95c67d35d79ac0,,ECONNRESET,10.0.3.44:8443
2026-07-02 16:35:20.662,ERROR,worker,16134,upstream call failed request_id=11bc25a013dbf585 err=ECONNRESET upstream=10.0.3.44:8443 (retries exhausted),,,11bc25a013dbf585,,ECONNRESET,10.0.3.44:8443
2026-07-02 16:35:24.057,ERROR,worker,16135,upstream call failed request_id=0de676255ac9eb32 err=ECONNRESET upstream=10.0.3.44:8443 (retries exhausted),,,0de676255ac9eb32,,ECONNRESET,10.0.3.44:8443
2026-07-02 16:35:42.344,ERROR,worker,16143,upstream call failed request_id=22fa59eac40af4dc err=ECONNRESET upstream=10.0.3.44:8443 (retries exhausted),,,22fa59eac40af4dc,,ECONNRESET,10.0.3.44:8443
2026-07-02 16:36:24.480,ERROR,worker,16165,upstream call failed request_id=fe6b2c499a552749 err=ECONNRESET upstream=10.0.3.44:8443 (retries exhausted),,,fe6b2c499a552749,,ECONNRESET,10.0.3.44:8443
2026-07-02 16:36:25.670,ERROR,worker,16168,upstream call failed request_id=6072a27b91d6f903 err=ECONNRESET upstream=10.0.3.44:8443 (retries exhausted),,,6072a27b91d6f903,,ECONNRESET,10.0.3.44:8443
2026-07-02 16:36:30.525,ERROR,worker,16171,upstream call failed request_id=fc175f8eb573c172 err=ECONNRESET upstream=10.0.3.44:8443 (retries exhausted),,,fc175f8eb573c172,,ECONNRESET,10.0.3.44:8443
2026-07-02 16:36:33.000,ERROR,metrics-worker,16172,AnalyticsUploadTimeout: failed to push metrics batch to analytics.internal:9092 (attempt 1/3),,AnalyticsUploadTimeout,,,,
2026-07-02 16:36:47.390,ERROR,worker,16176,upstream call failed request_id=bc4cb09084713a5c err=ECONNRESET upstream=10.0.3.44:8443 (retries exhausted),,,bc4cb09084713a5c,,ECONNRESET,10.0.3.44:8443
2026-07-02 16:36:50.184,ERROR,worker,16179,upstream call failed request_id=906b540225f61e39 err=ECONNRESET upstream=10.0.3.44:8443 (retries exhausted),,,906b540225f61e39,,ECONNRESET,10.0.3.44:8443
2026-07-02 16:36:54.385,ERROR,worker,16181,upstream call failed request_id=2e4f8e5b6b97faa1 err=ECONNRESET upstream=10.0.3.44:8443 (retries exhausted),,,2e4f8e5b6b97faa1,,ECONNRESET,10.0.3.44:8443
2026-07-02 16:36:54.805,ERROR,worker,16182,upstream call failed request_id=dfe2a97a21e559c0 err=ECONNRESET upstream=10.0.3.44:8443 (retries exhausted),,,dfe2a97a21e559c0,,ECONNRESET,10.0.3.44:8443
2026-07-02 16:37:16.482,ERROR,worker,16191,upstream call failed request_id=61e3280b2a308347 err=ECONNRESET upstream=10.0.3.44:8443 (retries exhausted),,,61e3280b2a308347,,ECONNRESET,10.0.3.44:8443
2026-07-02 16:37:19.288,ERROR,worker,16192,upstream call failed request_id=11b9c4d39f9833c6 err=ECONNRESET upstream=10.0.3.44:8443 (retries exhausted),,,11b9c4d39f9833c6,,ECONNRESET,10.0.3.44:8443
2026-07-02 16:37:20.925,ERROR,worker,16193,upstream call failed request_id=dec4410015646444 err=ECONNRESET upstream=10.0.3.44:8443 (retries exhausted),,,dec4410015646444,,ECONNRESET,10.0.3.44:8443
2026-07-02 16:37:26.064,ERROR,worker,16195,upstream call failed request_id=d95da519f9e5b647 err=ECONNRESET upstream=10.0.3.44:8443 (retries exhausted),,,d95da519f9e5b647,,ECONNRESET,10.0.3.44:8443
2026-07-02 16:37:26.484,ERROR,worker,16196,upstream call failed request_id=7da9bbf02e5fb6e8 err=ECONNRESET upstream=10.0.3.44:8443 (retries exhausted),,,7da9bbf02e5fb6e8,,ECONNRESET,10.0.3.44:8443
2026-07-02 16:37:31.366,ERROR,worker,16198,upstream call failed request_id=51675f8ab82bd9af err=ECONNRESET upstream=10.0.3.44:8443 (retries exhausted),,,51675f8ab82bd9af,,ECONNRESET,10.0.3.44:8443
2026-07-02 16:37:43.037,ERROR,worker,16201,upstream call failed request_id=a67e1658b621e58d err=ECONNRESET upstream=10.0.3.44:8443 (retries exhausted),,,a67e1658b621e58d,,ECONNRESET,10.0.3.44:8443
2026-07-02 16:37:57.190,ERROR,worker,16205,upstream call failed request_id=b4f23bf2c5ce331d err=ECONNRESET upstream=10.0.3.44:8443 (retries exhausted),,,b4f23bf2c5ce331d,,ECONNRESET,10.0.3.44:8443
2026-07-02 16:38:10.572,ERROR,worker,16208,upstream call failed request_id=95eb2290f68a4a85 err=ECONNRESET upstream=10.0.3.44:8443 (retries exhausted),,,95eb2290f68a4a85,,ECONNRESET,10.0.3.44:8443
2026-07-02 16:38:28.417,ERROR,worker,16224,upstream call failed request_id=87e266dc2ba45b65 err=ECONNRESET upstream=10.0.3.44:8443 (retries exhausted),,,87e266dc2ba45b65,,ECONNRESET,10.0.3.44:8443
2026-07-02 16:38:42.776,ERROR,worker,16235,upstream call failed request_id=078c8238ce10195c err=ECONNRESET upstream=10.0.3.44:8443 (retries exhausted),,,078c8238ce10195c,,ECONNRESET,10.0.3.44:8443
2026-07-02 16:38:50.000,ERROR,metrics-worker,16239,AnalyticsUploadTimeout: failed to push metrics batch to analytics.internal:9092 (attempt 2/3),,AnalyticsUploadTimeout,,,,
2026-07-02 16:38:52.514,ERROR,worker,16241,upstream call failed request_id=8704ca9bec14ec2f err=ECONNRESET upstream=10.0.3.44:8443 (retries exhausted),,,8704ca9bec14ec2f,,ECONNRESET,10.0.3.44:8443
2026-07-02 16:38:54.994,ERROR,worker,16243,upstream call failed request_id=67a7f3b7dc64b293 err=ECONNRESET upstream=10.0.3.44:8443 (retries exhausted),,,67a7f3b7dc64b293,,ECONNRESET,10.0.3.44:8443
2026-07-02 16:38:57.136,ERROR,worker,16247,upstream call failed request_id=0d4a3c9fd006b757 err=ECONNRESET upstream=10.0.3.44:8443 (retries exhausted),,,0d4a3c9fd006b757,,ECONNRESET,10.0.3.44:8443
2026-07-02 16:39:11.803,ERROR,worker,16253,upstream call failed request_id=5240153ec53d5635 err=ECONNRESET upstream=10.0.3.44:8443 (retries exhausted),,,5240153ec53d5635,,ECONNRESET,10.0.3.44:8443
2026-07-02 16:39:20.934,ERROR,worker,16256,upstream call failed request_id=17a16e76b1c539a0 err=ECONNRESET upstream=10.0.3.44:8443 (retries exhausted),,,17a16e76b1c539a0,,ECONNRESET,10.0.3.44:8443
2026-07-02 16:39:29.685,ERROR,worker,16262,upstream call failed request_id=c1cdc30aa8ad23bc err=ECONNRESET upstream=10.0.3.44:8443 (retries exhausted),,,c1cdc30aa8ad23bc,,ECONNRESET,10.0.3.44:8443
2026-07-02 16:39:33.521,ERROR,worker,16264,upstream call failed request_id=49f2e4af9f0f8e4e err=ECONNRESET upstream=10.0.3.44:8443 (retries exhausted),,,49f2e4af9f0f8e4e,,ECONNRESET,10.0.3.44:8443
2026-07-02 16:39:51.829,ERROR,worker,16272,upstream call failed request_id=56d6e2397c990a55 err=ECONNRESET upstream=10.0.3.44:8443 (retries exhausted),,,56d6e2397c990a55,,ECONNRESET,10.0.3.44:8443
2026-07-02 16:39:54.381,ERROR,worker,16276,upstream call failed request_id=6c8164128f3c7061 err=ECONNRESET upstream=10.0.3.44:8443 (retries exhausted),,,6c8164128f3c7061,,ECONNRESET,10.0.3.44:8443
2026-07-02 16:40:02.591,ERROR,worker,16282,upstream call failed request_id=e6b98a2eff6987e6 err=ECONNRESET upstream=10.0.3.44:8443 (retries exhausted),,,e6b98a2eff6987e6,,ECONNRESET,10.0.3.44:8443
2026-07-02 16:40:04.615,ERROR,worker,16284,upstream call failed request_id=d66afddaa5899752 err=ECONNRESET upstream=10.0.3.44:8443 (retries exhausted),,,d66afddaa5899752,,ECONNRESET,10.0.3.44:8443
2026-07-02 16:40:31.003,ERROR,worker,16300,upstream call failed request_id=a990e0c412c37e70 err=ECONNRESET upstream=10.0.3.44:8443 (retries exhausted),,,a990e0c412c37e70,,ECONNRESET,10.0.3.44:8443
2026-07-02 16:40:36.359,ERROR,worker,16304,upstream call failed request_id=27f19f3bca4c7423 err=ECONNRESET upstream=10.0.3.44:8443 (retries exhausted),,,27f19f3bca4c7423,,ECONNRESET,10.0.3.44:8443
2026-07-02 16:40:48.232,ERROR,worker,16313,upstream call failed request_id=870de921f7101bf8 err=ECONNRESET upstream=10.0.3.44:8443 (retries exhausted),,,870de921f7101bf8,,ECONNRESET,10.0.3.44:8443
2026-07-02 16:40:59.000,ERROR,metrics-worker,16314,AnalyticsUploadTimeout: failed to push metrics batch to analytics.internal:9092 (attempt 1/3),,AnalyticsUploadTimeout,,,,
2026-07-02 16:41:08.194,ERROR,worker,16320,upstream call failed request_id=4117da408096bd1d err=ECONNRESET upstream=10.0.3.44:8443 (retries exhausted),,,4117da408096bd1d,,ECONNRESET,10.0.3.44:8443
2026-07-02 16:41:38.800,ERROR,worker,16346,upstream call failed request_id=e1ae880b5682b017 err=ECONNRESET upstream=10.0.3.44:8443 (retries exhausted),,,e1ae880b5682b017,,ECONNRESET,10.0.3.44:8443
2026-07-02 16:41:40.483,ERROR,worker,16347,upstream call failed request_id=3c6e3645e0748b7b err=ECONNRESET upstream=10.0.3.44:8443 (retries exhausted),,,3c6e3645e0748b7b,,ECONNRESET,10.0.3.44:8443
2026-07-02 16:41:50.081,ERROR,worker,16356,upstream call failed request_id=feec20c8ef56850f err=ECONNRESET upstream=10.0.3.44:8443 (retries exhausted),,,feec20c8ef56850f,,ECONNRESET,10.0.3.44:8443
2026-07-02 16:41:51.801,ERROR,worker,16360,upstream call failed request_id=87df112402bb78cf err=ECONNRESET upstream=10.0.3.44:8443 (retries exhausted),,,87df112402bb78cf,,ECONNRESET,10.0.3.44:8443
2026-07-02 16:41:57.698,ERROR,worker,16362,upstream call failed request_id=4ee323930ecd1d5a err=ECONNRESET upstream=10.0.3.44:8443 (retries exhausted),,,4ee323930ecd1d5a,,ECONNRESET,10.0.3.44:8443
2026-07-02 16:42:03.879,ERROR,worker,16366,upstream call failed request_id=1db8b2b1ea7adff5 err=ECONNRESET upstream=10.0.3.44:8443 (retries exhausted),,,1db8b2b1ea7adff5,,ECONNRESET,10.0.3.44:8443
2026-07-02 16:42:04.094,ERROR,worker,16367,upstream call failed request_id=5a7db9f77efee727 err=ECONNRESET upstream=10.0.3.44:8443 (retries exhausted),,,5a7db9f77efee727,,ECONNRESET,10.0.3.44:8443
2026-07-02 16:42:07.761,ERROR,worker,16370,upstream call failed request_id=6aaa9254166561f4 err=ECONNRESET upstream=10.0.3.44:8443 (retries exhausted),,,6aaa9254166561f4,,ECONNRESET,10.0.3.44:8443
2026-07-02 16:42:24.784,ERROR,worker,16383,upstream call failed request_id=f661bb769f773fa6 err=ECONNRESET upstream=10.0.3.44:8443 (retries exhausted),,,f661bb769f773fa6,,ECONNRESET,10.0.3.44:8443
2026-07-02 16:42:35.259,ERROR,worker,16391,upstream call failed request_id=21e745a22d4e4045 err=ECONNRESET upstream=10.0.3.44:8443 (retries exhausted),,,21e745a22d4e4045,,ECONNRESET,10.0.3.44:8443
2026-07-02 16:42:37.500,ERROR,worker,16393,upstream call failed request_id=fa95d1a7e1f7d9ac err=ECONNRESET upstream=10.0.3.44:8443 (retries exhausted),,,fa95d1a7e1f7d9ac,,ECONNRESET,10.0.3.44:8443
2026-07-02 16:42:52.000,ERROR,metrics-worker,16400,AnalyticsUploadTimeout: failed to push metrics batch to analytics.internal:9092 (attempt 2/3),,AnalyticsUploadTimeout,,,,
2026-07-02 16:43:13.772,ERROR,worker,16409,upstream call failed request_id=3c897d2056831693 err=ECONNRESET upstream=10.0.3.44:8443 (retries exhausted),,,3c897d2056831693,,ECONNRESET,10.0.3.44:8443
2026-07-02 16:43:41.877,ERROR,worker,16422,upstream call failed request_id=468a27617f8c0128 err=ECONNRESET upstream=10.0.3.44:8443 (retries exhausted),,,468a27617f8c0128,,ECONNRESET,10.0.3.44:8443
2026-07-02 16:44:13.336,ERROR,worker,16433,upstream call failed request_id=89a8e360db60c863 err=ECONNRESET upstream=10.0.3.44:8443 (retries exhausted),,,89a8e360db60c863,,ECONNRESET,10.0.3.44:8443
2026-07-02 16:44:21.316,ERROR,worker,16436,upstream call failed request_id=f6312f4531eca445 err=ECONNRESET upstream=10.0.3.44:8443 (retries exhausted),,,f6312f4531eca445,,ECONNRESET,10.0.3.44:8443
2026-07-02 16:44:46.603,ERROR,worker,16448,upstream call failed request_id=68b188b3cf4fac58 err=ECONNRESET upstream=10.0.3.44:8443 (retries exhausted),,,68b188b3cf4fac58,,ECONNRESET,10.0.3.44:8443
2026-07-02 16:44:51.000,ERROR,metrics-worker,16453,AnalyticsUploadTimeout: failed to push metrics batch to analytics.internal:9092 (attempt 3/3),,AnalyticsUploadTimeout,,,,
2026-07-02 16:45:05.398,ERROR,worker,16460,upstream call failed request_id=58f22ec6c6e9c227 err=ECONNRESET upstream=10.0.3.44:8443 (retries exhausted),,,58f22ec6c6e9c227,,ECONNRESET,10.0.3.44:8443
2026-07-02 16:45:22.400,ERROR,worker,16474,upstream call failed request_id=b9f6b59149361d15 err=ECONNRESET upstream=10.0.3.44:8443 (retries exhausted),,,b9f6b59149361d15,,ECONNRESET,10.0.3.44:8443
2026-07-02 16:45:29.142,ERROR,worker,16478,upstream call failed request_id=0878c625f33d054a err=ECONNRESET upstream=10.0.3.44:8443 (retries exhausted),,,0878c625f33d054a,,ECONNRESET,10.0.3.44:8443
2026-07-02 16:45:40.541,ERROR,worker,16484,upstream call failed request_id=9d55241759b3cf7d err=ECONNRESET upstream=10.0.3.44:8443 (retries exhausted),,,9d55241759b3cf7d,,ECONNRESET,10.0.3.44:8443
2026-07-02 16:45:42.227,ERROR,worker,16489,upstream call failed request_id=d99debae6a3f939f err=ECONNRESET upstream=10.0.3.44:8443 (retries exhausted),,,d99debae6a3f939f,,ECONNRESET,10.0.3.44:8443
2026-07-02 16:46:37.002,ERROR,worker,16525,upstream call failed request_id=14e80dd227650865 err=ECONNRESET upstream=10.0.3.44:8443 (retries exhausted),,,14e80dd227650865,,ECONNRESET,10.0.3.44:8443
2026-07-02 16:46:38.059,ERROR,worker,16526,upstream call failed request_id=2bee95f2d71f9dd9 err=ECONNRESET upstream=10.0.3.44:8443 (retries exhausted),,,2bee95f2d71f9dd9,,ECONNRESET,10.0.3.44:8443
2026-07-02 16:47:05.331,ERROR,worker,16536,upstream call failed request_id=b6471388348dacbb err=ECONNRESET upstream=10.0.3.44:8443 (retries exhausted),,,b6471388348dacbb,,ECONNRESET,10.0.3.44:8443
2026-07-02 16:47:09.579,ERROR,worker,16540,upstream call failed request_id=a7d536bee09d7e5b err=ECONNRESET upstream=10.0.3.44:8443 (retries exhausted),,,a7d536bee09d7e5b,,ECONNRESET,10.0.3.44:8443
2026-07-02 16:47:11.433,ERROR,worker,16542,upstream call failed request_id=68c21acfba67b247 err=ECONNRESET upstream=10.0.3.44:8443 (retries exhausted),,,68c21acfba67b247,,ECONNRESET,10.0.3.44:8443
2026-07-02 16:47:15.000,ERROR,metrics-worker,16544,AnalyticsUploadTimeout: failed to push metrics batch to analytics.internal:9092 (attempt 1/3),,AnalyticsUploadTimeout,,,,
2026-07-02 16:47:16.499,ERROR,worker,16545,upstream call failed request_id=4642595c9eb1e24d err=ECONNRESET upstream=10.0.3.44:8443 (retries exhausted),,,4642595c9eb1e24d,,ECONNRESET,10.0.3.44:8443
2026-07-02 16:47:16.639,ERROR,worker,16546,upstream call failed request_id=2c123eedb5c82fa8 err=ECONNRESET upstream=10.0.3.44:8443 (retries exhausted),,,2c123eedb5c82fa8,,ECONNRESET,10.0.3.44:8443
2026-07-02 16:47:35.433,ERROR,worker,16555,upstream call failed request_id=eea485d1ceb19af2 err=ECONNRESET upstream=10.0.3.44:8443 (retries exhausted),,,eea485d1ceb19af2,,ECONNRESET,10.0.3.44:8443
2026-07-02 16:47:37.246,ERROR,worker,16557,upstream call failed request_id=4900835188b8dc3a err=ECONNRESET upstream=10.0.3.44:8443 (retries exhausted),,,4900835188b8dc3a,,ECONNRESET,10.0.3.44:8443
2026-07-02 16:47:54.898,ERROR,worker,16564,upstream call failed request_id=23f0e63abb24378f err=ECONNRESET upstream=10.0.3.44:8443 (retries exhausted),,,23f0e63abb24378f,,ECONNRESET,10.0.3.44:8443
2026-07-02 16:48:10.070,ERROR,worker,16569,upstream call failed request_id=8eb01e57e1146e9d err=ECONNRESET upstream=10.0.3.44:8443 (retries exhausted),,,8eb01e57e1146e9d,,ECONNRESET,10.0.3.44:8443
2026-07-02 16:48:28.738,ERROR,worker,16578,upstream call failed request_id=06f07b5a115a7b1e err=ECONNRESET upstream=10.0.3.44:8443 (retries exhausted),,,06f07b5a115a7b1e,,ECONNRESET,10.0.3.44:8443
2026-07-02 16:48:29.436,ERROR,worker,16580,upstream call failed request_id=0c86701bd3e24519 err=ECONNRESET upstream=10.0.3.44:8443 (retries exhausted),,,0c86701bd3e24519,,ECONNRESET,10.0.3.44:8443
2026-07-02 16:48:33.616,ERROR,worker,16581,upstream call failed request_id=d49bea124ca7644b err=ECONNRESET upstream=10.0.3.44:8443 (retries exhausted),,,d49bea124ca7644b,,ECONNRESET,10.0.3.44:8443
2026-07-02 16:48:34.266,ERROR,worker,16582,upstream call failed request_id=963d946126c88115 err=ECONNRESET upstream=10.0.3.44:8443 (retries exhausted),,,963d946126c88115,,ECONNRESET,10.0.3.44:8443
2026-07-02 16:48:35.121,ERROR,worker,16585,upstream call failed request_id=78ad63a2d4a8e320 err=ECONNRESET upstream=10.0.3.44:8443 (retries exhausted),,,78ad63a2d4a8e320,,ECONNRESET,10.0.3.44:8443
2026-07-02 16:48:38.535,ERROR,worker,16588,upstream call failed request_id=2c10e63c26449a6e err=ECONNRESET upstream=10.0.3.44:8443 (retries exhausted),,,2c10e63c26449a6e,,ECONNRESET,10.0.3.44:8443
2026-07-02 16:48:43.736,ERROR,worker,16591,upstream call failed request_id=2d7f817474c1152b err=ECONNRESET upstream=10.0.3.44:8443 (retries exhausted),,,2d7f817474c1152b,,ECONNRESET,10.0.3.44:8443
2026-07-02 16:48:48.253,ERROR,worker,16593,upstream call failed request_id=ab5879f40bf15f95 err=ECONNRESET upstream=10.0.3.44:8443 (retries exhausted),,,ab5879f40bf15f95,,ECONNRESET,10.0.3.44:8443
2026-07-02 16:48:56.412,ERROR,worker,16597,upstream call failed request_id=10990873599a26fb err=ECONNRESET upstream=10.0.3.44:8443 (retries exhausted),,,10990873599a26fb,,ECONNRESET,10.0.3.44:8443
2026-07-02 16:48:57.837,ERROR,worker,16599,upstream call failed request_id=e776beca8606b635 err=ECONNRESET upstream=10.0.3.44:8443 (retries exhausted),,,e776beca8606b635,,ECONNRESET,10.0.3.44:8443
2026-07-02 16:49:11.991,ERROR,worker,16604,upstream call failed request_id=c8728b17cc6ff26d err=ECONNRESET upstream=10.0.3.44:8443 (retries exhausted),,,c8728b17cc6ff26d,,ECONNRESET,10.0.3.44:8443
2026-07-02 16:49:20.338,ERROR,worker,16608,upstream call failed request_id=9381aa429b36b537 err=ECONNRESET upstream=10.0.3.44:8443 (retries exhausted),,,9381aa429b36b537,,ECONNRESET,10.0.3.44:8443
2026-07-02 16:49:22.333,ERROR,worker,16610,upstream call failed request_id=0e818c722fbfc1a0 err=ECONNRESET upstream=10.0.3.44:8443 (retries exhausted),,,0e818c722fbfc1a0,,ECONNRESET,10.0.3.44:8443
2026-07-02 16:49:34.000,ERROR,metrics-worker,16620,AnalyticsUploadTimeout: failed to push metrics batch to analytics.internal:9092 (attempt 3/3),,AnalyticsUploadTimeout,,,,
2026-07-02 16:49:35.411,ERROR,worker,16625,upstream call failed request_id=97d31d7eaf7c74b5 err=ECONNRESET upstream=10.0.3.44:8443 (retries exhausted),,,97d31d7eaf7c74b5,,ECONNRESET,10.0.3.44:8443
2026-07-02 16:49:39.161,ERROR,worker,16626,upstream call failed request_id=d4ed2e9e9fca1a5e err=ECONNRESET upstream=10.0.3.44:8443 (retries exhausted),,,d4ed2e9e9fca1a5e,,ECONNRESET,10.0.3.44:8443
2026-07-02 16:49:42.161,ERROR,worker,16627,upstream call failed request_id=f964843175ba00f8 err=ECONNRESET upstream=10.0.3.44:8443 (retries exhausted),,,f964843175ba00f8,,ECONNRESET,10.0.3.44:8443
2026-07-02 16:49:46.128,ERROR,worker,16628,upstream call failed request_id=3e515cac1240b5c6 err=ECONNRESET upstream=10.0.3.44:8443 (retries exhausted),,,3e515cac1240b5c6,,ECONNRESET,10.0.3.44:8443
2026-07-02 16:50:05.515,ERROR,worker,16633,upstream call failed request_id=c11c0dc4a0aa159f err=ECONNRESET upstream=10.0.3.44:8443 (retries exhausted),,,c11c0dc4a0aa159f,,ECONNRESET,10.0.3.44:8443
2026-07-02 16:50:12.732,ERROR,worker,16634,upstream call failed request_id=437de4d46b467874 err=ECONNRESET upstream=10.0.3.44:8443 (retries exhausted),,,437de4d46b467874,,ECONNRESET,10.0.3.44:8443
2026-07-02 16:50:20.281,ERROR,worker,16639,upstream call failed request_id=4c749a66ed07d139 err=ECONNRESET upstream=10.0.3.44:8443 (retries exhausted),,,4c749a66ed07d139,,ECONNRESET,10.0.3.44:8443
2026-07-02 16:50:31.642,ERROR,worker,16648,upstream call failed request_id=8a7be2ce024028be err=ECONNRESET upstream=10.0.3.44:8443 (retries exhausted),,,8a7be2ce024028be,,ECONNRESET,10.0.3.44:8443
2026-07-02 16:50:33.334,ERROR,worker,16649,upstream call failed request_id=9fee0425941b6ca0 err=ECONNRESET upstream=10.0.3.44:8443 (retries exhausted),,,9fee0425941b6ca0,,ECONNRESET,10.0.3.44:8443
2026-07-02 16:50:38.068,ERROR,worker,16653,upstream call failed request_id=13b9fba0c0dd612c err=ECONNRESET upstream=10.0.3.44:8443 (retries exhausted),,,13b9fba0c0dd612c,,ECONNRESET,10.0.3.44:8443
2026-07-02 16:50:52.670,ERROR,worker,16662,upstream call failed request_id=34cc74084954b42a err=ECONNRESET upstream=10.0.3.44:8443 (retries exhausted),,,34cc74084954b42a,,ECONNRESET,10.0.3.44:8443
2026-07-02 16:51:16.325,ERROR,worker,16679,upstream call failed request_id=96db0617ab5f5cb4 err=ECONNRESET upstream=10.0.3.44:8443 (retries exhausted),,,96db0617ab5f5cb4,,ECONNRESET,10.0.3.44:8443
2026-07-02 16:51:21.616,ERROR,worker,16683,upstream call failed request_id=aedcb1d8c5165258 err=ECONNRESET upstream=10.0.3.44:8443 (retries exhausted),,,aedcb1d8c5165258,,ECONNRESET,10.0.3.44:8443
2026-07-02 16:51:22.529,ERROR,worker,16687,upstream call failed request_id=925bbc9c9327a4b8 err=ECONNRESET upstream=10.0.3.44:8443 (retries exhausted),,,925bbc9c9327a4b8,,ECONNRESET,10.0.3.44:8443
2026-07-02 16:51:24.000,ERROR,metrics-worker,16688,AnalyticsUploadTimeout: failed to push metrics batch to analytics.internal:9092 (attempt 1/3),,AnalyticsUploadTimeout,,,,
2026-07-02 16:51:52.855,ERROR,worker,16698,upstream call failed request_id=63af1789b30368ac err=ECONNRESET upstream=10.0.3.44:8443 (retries exhausted),,,63af1789b30368ac,,ECONNRESET,10.0.3.44:8443
2026-07-02 16:51:59.723,ERROR,worker,16701,upstream call failed request_id=ac3bdf603615a0ed err=ECONNRESET upstream=10.0.3.44:8443 (retries exhausted),,,ac3bdf603615a0ed,,ECONNRESET,10.0.3.44:8443
2026-07-02 16:52:20.762,ERROR,worker,16709,upstream call failed request_id=c2cfce052e24c69e err=ECONNRESET upstream=10.0.3.44:8443 (retries exhausted),,,c2cfce052e24c69e,,ECONNRESET,10.0.3.44:8443
2026-07-02 16:52:58.152,ERROR,worker,16732,upstream call failed request_id=668f7cd7bc3f4d70 err=ECONNRESET upstream=10.0.3.44:8443 (retries exhausted),,,668f7cd7bc3f4d70,,ECONNRESET,10.0.3.44:8443
2026-07-02 16:53:11.206,ERROR,worker,16737,upstream call failed request_id=4e7910e17f27ddf1 err=ECONNRESET upstream=10.0.3.44:8443 (retries exhausted),,,4e7910e17f27ddf1,,ECONNRESET,10.0.3.44:8443
2026-07-02 16:53:21.000,ERROR,metrics-worker,16745,AnalyticsUploadTimeout: failed to push metrics batch to analytics.internal:9092 (attempt 2/3),,AnalyticsUploadTimeout,,,,
2026-07-02 16:53:58.077,ERROR,worker,16758,upstream call failed request_id=f1916cf07f1a1bc8 err=ECONNRESET upstream=10.0.3.44:8443 (retries exhausted),,,f1916cf07f1a1bc8,,ECONNRESET,10.0.3.44:8443
2026-07-02 16:54:08.303,ERROR,worker,16764,upstream call failed request_id=65ede3abf47db088 err=ECONNRESET upstream=10.0.3.44:8443 (retries exhausted),,,65ede3abf47db088,,ECONNRESET,10.0.3.44:8443
2026-07-02 16:54:24.836,ERROR,worker,16775,upstream call failed request_id=e18768dace4c1536 err=ECONNRESET upstream=10.0.3.44:8443 (retries exhausted),,,e18768dace4c1536,,ECONNRESET,10.0.3.44:8443
2026-07-02 16:54:24.960,ERROR,worker,16776,upstream call failed request_id=5c369d656f9527f5 err=ECONNRESET upstream=10.0.3.44:8443 (retries exhausted),,,5c369d656f9527f5,,ECONNRESET,10.0.3.44:8443
2026-07-02 16:54:36.971,ERROR,worker,16782,upstream call failed request_id=31ae1fc43e2f3614 err=ECONNRESET upstream=10.0.3.44:8443 (retries exhausted),,,31ae1fc43e2f3614,,ECONNRESET,10.0.3.44:8443
2026-07-02 16:54:41.120,ERROR,worker,16783,upstream call failed request_id=d54122a67adeac16 err=ECONNRESET upstream=10.0.3.44:8443 (retries exhausted),,,d54122a67adeac16,,ECONNRESET,10.0.3.44:8443
2026-07-02 16:54:41.442,ERROR,worker,16784,upstream call failed request_id=730ab3251a9a8145 err=ECONNRESET upstream=10.0.3.44:8443 (retries exhausted),,,730ab3251a9a8145,,ECONNRESET,10.0.3.44:8443
2026-07-02 16:55:00.821,ERROR,worker,16795,upstream call failed request_id=dfa34d4bccef8c1a err=ECONNRESET upstream=10.0.3.44:8443 (retries exhausted),,,dfa34d4bccef8c1a,,ECONNRESET,10.0.3.44:8443
2026-07-02 16:55:01.000,ERROR,metrics-worker,16796,AnalyticsUploadTimeout: failed to push metrics batch to analytics.internal:9092 (attempt 2/3),,AnalyticsUploadTimeout,,,,
2026-07-02 16:55:02.896,ERROR,worker,16797,upstream call failed request_id=5b7af05cc4f8f433 err=ECONNRESET upstream=10.0.3.44:8443 (retries exhausted),,,5b7af05cc4f8f433,,ECONNRESET,10.0.3.44:8443
2026-07-02 16:55:05.118,ERROR,worker,16799,upstream call failed request_id=a52802b97180b065 err=ECONNRESET upstream=10.0.3.44:8443 (retries exhausted),,,a52802b97180b065,,ECONNRESET,10.0.3.44:8443
2026-07-02 16:55:30.795,ERROR,worker,16810,upstream call failed request_id=2234af22cea1b172 err=ECONNRESET upstream=10.0.3.44:8443 (retries exhausted),,,2234af22cea1b172,,ECONNRESET,10.0.3.44:8443
2026-07-02 16:56:02.433,ERROR,worker,16826,upstream call failed request_id=c54882b3711994e6 err=ECONNRESET upstream=10.0.3.44:8443 (retries exhausted),,,c54882b3711994e6,,ECONNRESET,10.0.3.44:8443
2026-07-02 16:56:07.891,ERROR,worker,16829,upstream call failed request_id=0eb48f6e6a3d620c err=ECONNRESET upstream=10.0.3.44:8443 (retries exhausted),,,0eb48f6e6a3d620c,,ECONNRESET,10.0.3.44:8443
2026-07-02 16:56:15.371,ERROR,worker,16832,upstream call failed request_id=bac8d5beb3163ccb err=ECONNRESET upstream=10.0.3.44:8443 (retries exhausted),,,bac8d5beb3163ccb,,ECONNRESET,10.0.3.44:8443
2026-07-02 16:56:16.266,ERROR,worker,16834,upstream call failed request_id=2361dfedfaff4d78 err=ECONNRESET upstream=10.0.3.44:8443 (retries exhausted),,,2361dfedfaff4d78,,ECONNRESET,10.0.3.44:8443
2026-07-02 16:56:19.000,ERROR,metrics-worker,16837,AnalyticsUploadTimeout: failed to push metrics batch to analytics.internal:9092 (attempt 1/3),,AnalyticsUploadTimeout,,,,
2026-07-02 16:56:26.080,ERROR,worker,16839,upstream call failed request_id=4c418aac0b90aabe err=ECONNRESET upstream=10.0.3.44:8443 (retries exhausted),,,4c418aac0b90aabe,,ECONNRESET,10.0.3.44:8443
2026-07-02 16:56:27.104,ERROR,worker,16840,upstream call failed request_id=fed7cc7b4f7c00eb err=ECONNRESET upstream=10.0.3.44:8443 (retries exhausted),,,fed7cc7b4f7c00eb,,ECONNRESET,10.0.3.44:8443
2026-07-02 16:56:29.929,ERROR,worker,16841,upstream call failed request_id=2259b30165739818 err=ECONNRESET upstream=10.0.3.44:8443 (retries exhausted),,,2259b30165739818,,ECONNRESET,10.0.3.44:8443
2026-07-02 16:56:40.105,ERROR,worker,16845,upstream call failed request_id=3cf11fc92b6d99b0 err=ECONNRESET upstream=10.0.3.44:8443 (retries exhausted),,,3cf11fc92b6d99b0,,ECONNRESET,10.0.3.44:8443
2026-07-02 16:56:48.902,ERROR,worker,16850,upstream call failed request_id=032c30c9c78618b2 err=ECONNRESET upstream=10.0.3.44:8443 (retries exhausted),,,032c30c9c78618b2,,ECONNRESET,10.0.3.44:8443
2026-07-02 16:56:58.725,ERROR,worker,16852,upstream call failed request_id=0033f10887a83a02 err=ECONNRESET upstream=10.0.3.44:8443 (retries exhausted),,,0033f10887a83a02,,ECONNRESET,10.0.3.44:8443
2026-07-02 16:57:21.473,ERROR,worker,16861,upstream call failed request_id=86b373bec11a9315 err=ECONNRESET upstream=10.0.3.44:8443 (retries exhausted),,,86b373bec11a9315,,ECONNRESET,10.0.3.44:8443
2026-07-02 16:57:25.764,ERROR,worker,16864,upstream call failed request_id=a47fcde9af5c2000 err=ECONNRESET upstream=10.0.3.44:8443 (retries exhausted),,,a47fcde9af5c2000,,ECONNRESET,10.0.3.44:8443
2026-07-02 16:57:37.326,ERROR,worker,16868,upstream call failed request_id=ef6b6cbd37cb1aaa err=ECONNRESET upstream=10.0.3.44:8443 (retries exhausted),,,ef6b6cbd37cb1aaa,,ECONNRESET,10.0.3.44:8443
2026-07-02 16:57:46.278,ERROR,worker,16872,upstream call failed request_id=b531b78331fbf2ec err=ECONNRESET upstream=10.0.3.44:8443 (retries exhausted),,,b531b78331fbf2ec,,ECONNRESET,10.0.3.44:8443
2026-07-02 16:58:06.194,ERROR,worker,16881,upstream call failed request_id=823b033e8741dde3 err=ECONNRESET upstream=10.0.3.44:8443 (retries exhausted),,,823b033e8741dde3,,ECONNRESET,10.0.3.44:8443
2026-07-02 16:58:09.446,ERROR,worker,16883,upstream call failed request_id=7ebb03a26b8dccbb err=ECONNRESET upstream=10.0.3.44:8443 (retries exhausted),,,7ebb03a26b8dccbb,,ECONNRESET,10.0.3.44:8443
2026-07-02 16:58:17.000,ERROR,metrics-worker,16887,AnalyticsUploadTimeout: failed to push metrics batch to analytics.internal:9092 (attempt 3/3),,AnalyticsUploadTimeout,,,,
2026-07-02 16:58:43.543,ERROR,worker,16900,upstream call failed request_id=028e7bf649b529ce err=ECONNRESET upstream=10.0.3.44:8443 (retries exhausted),,,028e7bf649b529ce,,ECONNRESET,10.0.3.44:8443
2026-07-02 16:58:49.784,ERROR,worker,16902,upstream call failed request_id=5c1f32f00f97bd20 err=ECONNRESET upstream=10.0.3.44:8443 (retries exhausted),,,5c1f32f00f97bd20,,ECONNRESET,10.0.3.44:8443
2026-07-02 16:58:58.699,ERROR,worker,16910,upstream call failed request_id=47328206d83c04cb err=ECONNRESET upstream=10.0.3.44:8443 (retries exhausted),,,47328206d83c04cb,,ECONNRESET,10.0.3.44:8443
2026-07-02 16:59:01.255,ERROR,worker,16911,upstream call failed request_id=f62abdc6fef9c0f0 err=ECONNRESET upstream=10.0.3.44:8443 (retries exhausted),,,f62abdc6fef9c0f0,,ECONNRESET,10.0.3.44:8443
2026-07-02 16:59:10.518,ERROR,worker,16914,upstream call failed request_id=ecc8e5dd822e4b26 err=ECONNRESET upstream=10.0.3.44:8443 (retries exhausted),,,ecc8e5dd822e4b26,,ECONNRESET,10.0.3.44:8443
2026-07-02 16:59:22.610,ERROR,worker,16921,upstream call failed request_id=2e5536fe21381bc5 err=ECONNRESET upstream=10.0.3.44:8443 (retries exhausted),,,2e5536fe21381bc5,,ECONNRESET,10.0.3.44:8443
2026-07-02 16:59:30.120,ERROR,worker,16926,upstream call failed request_id=2ed2438a5e88ded7 err=ECONNRESET upstream=10.0.3.44:8443 (retries exhausted),,,2ed2438a5e88ded7,,ECONNRESET,10.0.3.44:8443
2026-07-02 16:59:42.443,ERROR,worker,16933,upstream call failed request_id=b87a8b9a9bf77775 err=ECONNRESET upstream=10.0.3.44:8443 (retries exhausted),,,b87a8b9a9bf77775,,ECONNRESET,10.0.3.44:8443
2026-07-02 16:59:46.781,ERROR,worker,16935,upstream call failed request_id=a6cde0cf01907137 err=ECONNRESET upstream=10.0.3.44:8443 (retries exhausted),,,a6cde0cf01907137,,ECONNRESET,10.0.3.44:8443
2026-07-02 16:59:47.000,ERROR,metrics-worker,16936,AnalyticsUploadTimeout: failed to push metrics batch to analytics.internal:9092 (attempt 3/3),,AnalyticsUploadTimeout,,,,
2026-07-02 16:59:53.205,ERROR,worker,16939,upstream call failed request_id=331fd17646939512 err=ECONNRESET upstream=10.0.3.44:8443 (retries exhausted),,,331fd17646939512,,ECONNRESET,10.0.3.44:8443
2026-07-02 17:00:04.978,ERROR,worker,16951,upstream call failed request_id=6033885bb0fcb94c err=ECONNRESET upstream=10.0.3.44:8443 (retries exhausted),,,6033885bb0fcb94c,,ECONNRESET,10.0.3.44:8443
2026-07-02 17:00:06.612,ERROR,worker,16953,upstream call failed request_id=a2609a13bd3263d3 err=ECONNRESET upstream=10.0.3.44:8443 (retries exhausted),,,a2609a13bd3263d3,,ECONNRESET,10.0.3.44:8443
2026-07-02 17:00:15.264,ERROR,worker,16959,upstream call failed request_id=b5c062cfd8630355 err=ECONNRESET upstream=10.0.3.44:8443 (retries exhausted),,,b5c062cfd8630355,,ECONNRESET,10.0.3.44:8443
2026-07-02 17:00:20.507,ERROR,worker,16962,upstream call failed request_id=ad40a345cdfd5a86 err=ECONNRESET upstream=10.0.3.44:8443 (retries exhausted),,,ad40a345cdfd5a86,,ECONNRESET,10.0.3.44:8443
2026-07-02 17:00:43.184,ERROR,worker,16973,upstream call failed request_id=f598f70f3425bfd2 err=ECONNRESET upstream=10.0.3.44:8443 (retries exhausted),,,f598f70f3425bfd2,,ECONNRESET,10.0.3.44:8443
2026-07-02 17:00:43.556,ERROR,worker,16974,upstream call failed request_id=3ff99ca1617e19de err=ECONNRESET upstream=10.0.3.44:8443 (retries exhausted),,,3ff99ca1617e19de,,ECONNRESET,10.0.3.44:8443
2026-07-02 17:00:48.927,ERROR,worker,16976,upstream call failed request_id=ddb37dd5541c2043 err=ECONNRESET upstream=10.0.3.44:8443 (retries exhausted),,,ddb37dd5541c2043,,ECONNRESET,10.0.3.44:8443
2026-07-02 17:00:50.800,ERROR,worker,16977,upstream call failed request_id=616c62f8de2b9112 err=ECONNRESET upstream=10.0.3.44:8443 (retries exhausted),,,616c62f8de2b9112,,ECONNRESET,10.0.3.44:8443
2026-07-02 17:01:05.231,ERROR,worker,16989,upstream call failed request_id=7585443ff0f14ba2 err=ECONNRESET upstream=10.0.3.44:8443 (retries exhausted),,,7585443ff0f14ba2,,ECONNRESET,10.0.3.44:8443
2026-07-02 17:01:07.383,ERROR,worker,16993,upstream call failed request_id=7ab5f1312e7bbc54 err=ECONNRESET upstream=10.0.3.44:8443 (retries exhausted),,,7ab5f1312e7bbc54,,ECONNRESET,10.0.3.44:8443
2026-07-02 17:01:07.436,ERROR,worker,16994,upstream call failed request_id=f7b5447bb1d4597b err=ECONNRESET upstream=10.0.3.44:8443 (retries exhausted),,,f7b5447bb1d4597b,,ECONNRESET,10.0.3.44:8443
2026-07-02 17:01:15.167,ERROR,worker,17000,upstream call failed request_id=0c6e7393042dc591 err=ECONNRESET upstream=10.0.3.44:8443 (retries exhausted),,,0c6e7393042dc591,,ECONNRESET,10.0.3.44:8443
2026-07-02 17:01:16.471,ERROR,worker,17001,upstream call failed request_id=62e295b54e73fd59 err=ECONNRESET upstream=10.0.3.44:8443 (retries exhausted),,,62e295b54e73fd59,,ECONNRESET,10.0.3.44:8443
2026-07-02 17:01:21.644,ERROR,worker,17007,upstream call failed request_id=9cdbd8a8c07a4e1d err=ECONNRESET upstream=10.0.3.44:8443 (retries exhausted),,,9cdbd8a8c07a4e1d,,ECONNRESET,10.0.3.44:8443
2026-07-02 17:01:31.835,ERROR,worker,17018,upstream call failed request_id=ac819580cd67da59 err=ECONNRESET upstream=10.0.3.44:8443 (retries exhausted),,,ac819580cd67da59,,ECONNRESET,10.0.3.44:8443
2026-07-02 17:01:32.499,ERROR,worker,17020,upstream call failed request_id=4cb7665791b13c3e err=ECONNRESET upstream=10.0.3.44:8443 (retries exhausted),,,4cb7665791b13c3e,,ECONNRESET,10.0.3.44:8443
2026-07-02 17:01:44.838,ERROR,worker,17028,upstream call failed request_id=d4980166885a3cf9 err=ECONNRESET upstream=10.0.3.44:8443 (retries exhausted),,,d4980166885a3cf9,,ECONNRESET,10.0.3.44:8443
2026-07-02 17:01:49.972,ERROR,worker,17032,upstream call failed request_id=34cdeeeee0366d33 err=ECONNRESET upstream=10.0.3.44:8443 (retries exhausted),,,34cdeeeee0366d33,,ECONNRESET,10.0.3.44:8443
2026-07-02 17:02:08.032,ERROR,worker,17040,upstream call failed request_id=817976e72dd2fc22 err=ECONNRESET upstream=10.0.3.44:8443 (retries exhausted),,,817976e72dd2fc22,,ECONNRESET,10.0.3.44:8443
2026-07-02 17:02:15.000,ERROR,metrics-worker,17043,AnalyticsUploadTimeout: failed to push metrics batch to analytics.internal:9092 (attempt 3/3),,AnalyticsUploadTimeout,,,,
2026-07-02 17:02:30.436,ERROR,worker,17056,upstream call failed request_id=854e14d52c4dfce1 err=ECONNRESET upstream=10.0.3.44:8443 (retries exhausted),,,854e14d52c4dfce1,,ECONNRESET,10.0.3.44:8443
2026-07-02 17:02:32.510,ERROR,worker,17058,upstream call failed request_id=974d3a50ab09ce28 err=ECONNRESET upstream=10.0.3.44:8443 (retries exhausted),,,974d3a50ab09ce28,,ECONNRESET,10.0.3.44:8443
2026-07-02 17:02:32.960,ERROR,worker,17060,upstream call failed request_id=7e389ca37b05052c err=ECONNRESET upstream=10.0.3.44:8443 (retries exhausted),,,7e389ca37b05052c,,ECONNRESET,10.0.3.44:8443
2026-07-02 17:02:45.606,ERROR,worker,17065,upstream call failed request_id=8045dcce479e44f7 err=ECONNRESET upstream=10.0.3.44:8443 (retries exhausted),,,8045dcce479e44f7,,ECONNRESET,10.0.3.44:8443
2026-07-02 17:02:55.244,ERROR,worker,17073,upstream call failed request_id=5942db20309628b1 err=ECONNRESET upstream=10.0.3.44:8443 (retries exhausted),,,5942db20309628b1,,ECONNRESET,10.0.3.44:8443
2026-07-02 17:03:14.941,ERROR,worker,17085,upstream call failed request_id=ca23b00f67695f5a err=ECONNRESET upstream=10.0.3.44:8443 (retries exhausted),,,ca23b00f67695f5a,,ECONNRESET,10.0.3.44:8443
2026-07-02 17:03:22.474,ERROR,worker,17090,upstream call failed request_id=e2053b5343d492f2 err=ECONNRESET upstream=10.0.3.44:8443 (retries exhausted),,,e2053b5343d492f2,,ECONNRESET,10.0.3.44:8443
2026-07-02 17:03:37.934,ERROR,worker,17100,upstream call failed request_id=fd4303732a3c3da5 err=ECONNRESET upstream=10.0.3.44:8443 (retries exhausted),,,fd4303732a3c3da5,,ECONNRESET,10.0.3.44:8443
2026-07-02 17:03:40.929,ERROR,worker,17103,upstream call failed request_id=1480fb5aaad9a2ea err=ECONNRESET upstream=10.0.3.44:8443 (retries exhausted),,,1480fb5aaad9a2ea,,ECONNRESET,10.0.3.44:8443
2026-07-02 17:03:49.227,ERROR,worker,17109,upstream call failed request_id=74f7292486c7bf71 err=ECONNRESET upstream=10.0.3.44:8443 (retries exhausted),,,74f7292486c7bf71,,ECONNRESET,10.0.3.44:8443
2026-07-02 17:03:56.170,ERROR,worker,17117,upstream call failed request_id=77d90931ec812348 err=ECONNRESET upstream=10.0.3.44:8443 (retries exhausted),,,77d90931ec812348,,ECONNRESET,10.0.3.44:8443
2026-07-02 17:04:11.618,ERROR,worker,17123,upstream call failed request_id=261b0937ae431824 err=ECONNRESET upstream=10.0.3.44:8443 (retries exhausted),,,261b0937ae431824,,ECONNRESET,10.0.3.44:8443
2026-07-02 17:04:12.358,ERROR,worker,17124,upstream call failed request_id=f104f84916858a0b err=ECONNRESET upstream=10.0.3.44:8443 (retries exhausted),,,f104f84916858a0b,,ECONNRESET,10.0.3.44:8443
2026-07-02 17:04:21.736,ERROR,worker,17132,upstream call failed request_id=f9427c204716f8b7 err=ECONNRESET upstream=10.0.3.44:8443 (retries exhausted),,,f9427c204716f8b7,,ECONNRESET,10.0.3.44:8443
2026-07-02 17:04:29.159,ERROR,worker,17137,upstream call failed request_id=5e713842419f4331 err=ECONNRESET upstream=10.0.3.44:8443 (retries exhausted),,,5e713842419f4331,,ECONNRESET,10.0.3.44:8443
2026-07-02 17:04:41.000,ERROR,metrics-worker,17144,AnalyticsUploadTimeout: failed to push metrics batch to analytics.internal:9092 (attempt 3/3),,AnalyticsUploadTimeout,,,,
2026-07-02 17:05:02.010,ERROR,worker,17160,upstream call failed request_id=9c9c1d6945d2c0fc err=ECONNRESET upstream=10.0.3.44:8443 (retries exhausted),,,9c9c1d6945d2c0fc,,ECONNRESET,10.0.3.44:8443
2026-07-02 17:05:08.582,ERROR,worker,17167,upstream call failed request_id=45e73ce9b3c9d0dc err=ECONNRESET upstream=10.0.3.44:8443 (retries exhausted),,,45e73ce9b3c9d0dc,,ECONNRESET,10.0.3.44:8443
2026-07-02 17:05:08.889,ERROR,worker,17168,upstream call failed request_id=8972c965909fcea0 err=ECONNRESET upstream=10.0.3.44:8443 (retries exhausted),,,8972c965909fcea0,,ECONNRESET,10.0.3.44:8443
2026-07-02 17:05:13.135,ERROR,worker,17169,upstream call failed request_id=c7550ec1a7df4d38 err=ECONNRESET upstream=10.0.3.44:8443 (retries exhausted),,,c7550ec1a7df4d38,,ECONNRESET,10.0.3.44:8443
2026-07-02 17:05:18.772,ERROR,worker,17171,upstream call failed request_id=748157a7c4e6df35 err=ECONNRESET upstream=10.0.3.44:8443 (retries exhausted),,,748157a7c4e6df35,,ECONNRESET,10.0.3.44:8443
2026-07-02 17:05:37.423,ERROR,worker,17177,upstream call failed request_id=2e2b9d1d69186722 err=ECONNRESET upstream=10.0.3.44:8443 (retries exhausted),,,2e2b9d1d69186722,,ECONNRESET,10.0.3.44:8443
2026-07-02 17:05:54.252,ERROR,worker,17188,upstream call failed request_id=356f35ca3c092518 err=ECONNRESET upstream=10.0.3.44:8443 (retries exhausted),,,356f35ca3c092518,,ECONNRESET,10.0.3.44:8443
2026-07-02 17:05:57.000,ERROR,metrics-worker,17191,AnalyticsUploadTimeout: failed to push metrics batch to analytics.internal:9092 (attempt 1/3),,AnalyticsUploadTimeout,,,,
2026-07-02 17:05:59.717,ERROR,worker,17193,upstream call failed request_id=e6760f33ac8f57f6 err=ECONNRESET upstream=10.0.3.44:8443 (retries exhausted),,,e6760f33ac8f57f6,,ECONNRESET,10.0.3.44:8443
2026-07-02 17:06:11.804,ERROR,worker,17201,upstream call failed request_id=c947756eb2bddd66 err=ECONNRESET upstream=10.0.3.44:8443 (retries exhausted),,,c947756eb2bddd66,,ECONNRESET,10.0.3.44:8443
2026-07-02 17:06:12.615,ERROR,worker,17202,upstream call failed request_id=60661aaf73b9b3f9 err=ECONNRESET upstream=10.0.3.44:8443 (retries exhausted),,,60661aaf73b9b3f9,,ECONNRESET,10.0.3.44:8443
2026-07-02 17:06:29.015,ERROR,worker,17212,upstream call failed request_id=f32646013429a6ed err=ECONNRESET upstream=10.0.3.44:8443 (retries exhausted),,,f32646013429a6ed,,ECONNRESET,10.0.3.44:8443
2026-07-02 17:06:29.063,ERROR,worker,17213,upstream call failed request_id=dd52f79a35991d65 err=ECONNRESET upstream=10.0.3.44:8443 (retries exhausted),,,dd52f79a35991d65,,ECONNRESET,10.0.3.44:8443
2026-07-02 17:06:34.124,ERROR,worker,17215,upstream call failed request_id=9d0f2bbf1d7c4aac err=ECONNRESET upstream=10.0.3.44:8443 (retries exhausted),,,9d0f2bbf1d7c4aac,,ECONNRESET,10.0.3.44:8443
2026-07-02 17:06:52.410,ERROR,worker,17227,upstream call failed request_id=922280b9230fd2c1 err=ECONNRESET upstream=10.0.3.44:8443 (retries exhausted),,,922280b9230fd2c1,,ECONNRESET,10.0.3.44:8443
2026-07-02 17:07:01.471,ERROR,worker,17232,upstream call failed request_id=c93a0ba3e99bc381 err=ECONNRESET upstream=10.0.3.44:8443 (retries exhausted),,,c93a0ba3e99bc381,,ECONNRESET,10.0.3.44:8443
2026-07-02 17:07:05.165,ERROR,worker,17234,upstream call failed request_id=2fcc3d52e9e99de7 err=ECONNRESET upstream=10.0.3.44:8443 (retries exhausted),,,2fcc3d52e9e99de7,,ECONNRESET,10.0.3.44:8443
2026-07-02 17:07:10.155,ERROR,worker,17236,upstream call failed request_id=5030c303e7b6c669 err=ECONNRESET upstream=10.0.3.44:8443 (retries exhausted),,,5030c303e7b6c669,,ECONNRESET,10.0.3.44:8443
2026-07-02 17:07:20.961,ERROR,worker,17241,upstream call failed request_id=a411d09f4d3b8061 err=ECONNRESET upstream=10.0.3.44:8443 (retries exhausted),,,a411d09f4d3b8061,,ECONNRESET,10.0.3.44:8443
2026-07-02 17:07:27.346,ERROR,worker,17243,upstream call failed request_id=29ae19a55802e5ae err=ECONNRESET upstream=10.0.3.44:8443 (retries exhausted),,,29ae19a55802e5ae,,ECONNRESET,10.0.3.44:8443
2026-07-02 17:07:52.000,ERROR,metrics-worker,17256,AnalyticsUploadTimeout: failed to push metrics batch to analytics.internal:9092 (attempt 2/3),,AnalyticsUploadTimeout,,,,
2026-07-02 17:07:59.811,ERROR,worker,17271,upstream call failed request_id=8c168bad733ae6e0 err=ECONNRESET upstream=10.0.3.44:8443 (retries exhausted),,,8c168bad733ae6e0,,ECONNRESET,10.0.3.44:8443
2026-07-02 17:08:08.459,ERROR,worker,17275,upstream call failed request_id=9bcfb7fc320058a5 err=ECONNRESET upstream=10.0.3.44:8443 (retries exhausted),,,9bcfb7fc320058a5,,ECONNRESET,10.0.3.44:8443
2026-07-02 17:08:13.236,ERROR,worker,17280,upstream call failed request_id=207e899b277bafc3 err=ECONNRESET upstream=10.0.3.44:8443 (retries exhausted),,,207e899b277bafc3,,ECONNRESET,10.0.3.44:8443
2026-07-02 17:08:16.028,ERROR,worker,17282,upstream call failed request_id=adea971ef621c78d err=ECONNRESET upstream=10.0.3.44:8443 (retries exhausted),,,adea971ef621c78d,,ECONNRESET,10.0.3.44:8443
2026-07-02 17:08:21.929,ERROR,worker,17284,upstream call failed request_id=97475d92de799a2f err=ECONNRESET upstream=10.0.3.44:8443 (retries exhausted),,,97475d92de799a2f,,ECONNRESET,10.0.3.44:8443
2026-07-02 17:08:23.215,ERROR,worker,17285,upstream call failed request_id=3734af7412e57a6c err=ECONNRESET upstream=10.0.3.44:8443 (retries exhausted),,,3734af7412e57a6c,,ECONNRESET,10.0.3.44:8443
2026-07-02 17:08:25.548,ERROR,worker,17290,upstream call failed request_id=bb26b0fd383cc03f err=ECONNRESET upstream=10.0.3.44:8443 (retries exhausted),,,bb26b0fd383cc03f,,ECONNRESET,10.0.3.44:8443
2026-07-02 17:08:31.731,ERROR,worker,17295,upstream call failed request_id=5660c5fc112c25f6 err=ECONNRESET upstream=10.0.3.44:8443 (retries exhausted),,,5660c5fc112c25f6,,ECONNRESET,10.0.3.44:8443
2026-07-02 17:08:35.774,ERROR,worker,17299,upstream call failed request_id=5fb561835c0c0dc8 err=ECONNRESET upstream=10.0.3.44:8443 (retries exhausted),,,5fb561835c0c0dc8,,ECONNRESET,10.0.3.44:8443
2026-07-02 17:09:01.659,ERROR,worker,17312,upstream call failed request_id=a0db21f0fcf3211d err=ECONNRESET upstream=10.0.3.44:8443 (retries exhausted),,,a0db21f0fcf3211d,,ECONNRESET,10.0.3.44:8443
2026-07-02 17:09:02.836,ERROR,worker,17314,upstream call failed request_id=59534ff8d7e78c4a err=ECONNRESET upstream=10.0.3.44:8443 (retries exhausted),,,59534ff8d7e78c4a,,ECONNRESET,10.0.3.44:8443
2026-07-02 17:09:16.949,ERROR,worker,17324,upstream call failed request_id=d0dca998873edd7a err=ECONNRESET upstream=10.0.3.44:8443 (retries exhausted),,,d0dca998873edd7a,,ECONNRESET,10.0.3.44:8443
2026-07-02 17:09:20.915,ERROR,worker,17326,upstream call failed request_id=bd0fc57cf9cbe8eb err=ECONNRESET upstream=10.0.3.44:8443 (retries exhausted),,,bd0fc57cf9cbe8eb,,ECONNRESET,10.0.3.44:8443
2026-07-02 17:09:21.099,ERROR,worker,17327,upstream call failed request_id=0e127b91f94dc32d err=ECONNRESET upstream=10.0.3.44:8443 (retries exhausted),,,0e127b91f94dc32d,,ECONNRESET,10.0.3.44:8443
2026-07-02 17:09:26.199,ERROR,worker,17329,upstream call failed request_id=a4334e7563824f17 err=ECONNRESET upstream=10.0.3.44:8443 (retries exhausted),,,a4334e7563824f17,,ECONNRESET,10.0.3.44:8443
2026-07-02 17:09:27.504,ERROR,worker,17330,upstream call failed request_id=caf005f9c0e15fc3 err=ECONNRESET upstream=10.0.3.44:8443 (retries exhausted),,,caf005f9c0e15fc3,,ECONNRESET,10.0.3.44:8443
2026-07-02 17:09:32.496,ERROR,worker,17331,upstream call failed request_id=b344d648a58e9ed8 err=ECONNRESET upstream=10.0.3.44:8443 (retries exhausted),,,b344d648a58e9ed8,,ECONNRESET,10.0.3.44:8443
2026-07-02 17:09:34.354,ERROR,worker,17332,upstream call failed request_id=8292459da700afd1 err=ECONNRESET upstream=10.0.3.44:8443 (retries exhausted),,,8292459da700afd1,,ECONNRESET,10.0.3.44:8443
2026-07-02 17:09:37.358,ERROR,worker,17335,upstream call failed request_id=b46cb753eb443454 err=ECONNRESET upstream=10.0.3.44:8443 (retries exhausted),,,b46cb753eb443454,,ECONNRESET,10.0.3.44:8443
2026-07-02 17:09:38.000,ERROR,metrics-worker,17336,AnalyticsUploadTimeout: failed to push metrics batch to analytics.internal:9092 (attempt 3/3),,AnalyticsUploadTimeout,,,,
2026-07-02 17:09:48.092,ERROR,worker,17341,upstream call failed request_id=d468bc389ee48e45 err=ECONNRESET upstream=10.0.3.44:8443 (retries exhausted),,,d468bc389ee48e45,,ECONNRESET,10.0.3.44:8443
2026-07-02 17:09:50.637,ERROR,worker,17343,upstream call failed request_id=347cd661d4f5721b err=ECONNRESET upstream=10.0.3.44:8443 (retries exhausted),,,347cd661d4f5721b,,ECONNRESET,10.0.3.44:8443
2026-07-02 17:10:18.489,ERROR,worker,17356,upstream call failed request_id=ab310196acc036b7 err=ECONNRESET upstream=10.0.3.44:8443 (retries exhausted),,,ab310196acc036b7,,ECONNRESET,10.0.3.44:8443
2026-07-02 17:10:27.973,ERROR,worker,17361,upstream call failed request_id=76c4f1f60120443d err=ECONNRESET upstream=10.0.3.44:8443 (retries exhausted),,,76c4f1f60120443d,,ECONNRESET,10.0.3.44:8443
2026-07-02 17:10:42.857,ERROR,worker,17370,upstream call failed request_id=f3ea299e34e1a3e6 err=ECONNRESET upstream=10.0.3.44:8443 (retries exhausted),,,f3ea299e34e1a3e6,,ECONNRESET,10.0.3.44:8443
2026-07-02 17:10:47.788,ERROR,worker,17373,upstream call failed request_id=83d33ca99706b3fd err=ECONNRESET upstream=10.0.3.44:8443 (retries exhausted),,,83d33ca99706b3fd,,ECONNRESET,10.0.3.44:8443
2026-07-02 17:10:48.000,ERROR,metrics-worker,17374,AnalyticsUploadTimeout: failed to push metrics batch to analytics.internal:9092 (attempt 1/3),,AnalyticsUploadTimeout,,,,
2026-07-02 17:10:59.489,ERROR,worker,17384,upstream call failed request_id=ae8342b8dd75dd3d err=ECONNRESET upstream=10.0.3.44:8443 (retries exhausted),,,ae8342b8dd75dd3d,,ECONNRESET,10.0.3.44:8443
2026-07-02 17:11:03.843,ERROR,worker,17387,upstream call failed request_id=6b5d9fc9bb90dfca err=ECONNRESET upstream=10.0.3.44:8443 (retries exhausted),,,6b5d9fc9bb90dfca,,ECONNRESET,10.0.3.44:8443
2026-07-02 17:11:15.603,ERROR,worker,17397,upstream call failed request_id=7c5dc9f08fe47383 err=ECONNRESET upstream=10.0.3.44:8443 (retries exhausted),,,7c5dc9f08fe47383,,ECONNRESET,10.0.3.44:8443
2026-07-02 17:11:37.492,ERROR,worker,17412,upstream call failed request_id=f963622e9e269793 err=ECONNRESET upstream=10.0.3.44:8443 (retries exhausted),,,f963622e9e269793,,ECONNRESET,10.0.3.44:8443
2026-07-02 17:11:58.000,ERROR,metrics-worker,17426,AnalyticsUploadTimeout: failed to push metrics batch to analytics.internal:9092 (attempt 1/3),,AnalyticsUploadTimeout,,,,
2026-07-02 17:11:59.767,ERROR,worker,17428,upstream call failed request_id=3143c167b416a01f err=ECONNRESET upstream=10.0.3.44:8443 (retries exhausted),,,3143c167b416a01f,,ECONNRESET,10.0.3.44:8443
2026-07-02 17:12:18.553,ERROR,worker,17442,upstream call failed request_id=18453072c097be79 err=ECONNRESET upstream=10.0.3.44:8443 (retries exhausted),,,18453072c097be79,,ECONNRESET,10.0.3.44:8443
2026-07-02 17:12:33.652,ERROR,worker,17456,upstream call failed request_id=8ae7f484f26836ed err=ECONNRESET upstream=10.0.3.44:8443 (retries exhausted),,,8ae7f484f26836ed,,ECONNRESET,10.0.3.44:8443
2026-07-02 17:13:04.910,ERROR,worker,17470,upstream call failed request_id=053e7cadb9fbc6b9 err=ECONNRESET upstream=10.0.3.44:8443 (retries exhausted),,,053e7cadb9fbc6b9,,ECONNRESET,10.0.3.44:8443
2026-07-02 17:13:15.425,ERROR,worker,17476,upstream call failed request_id=28b3f951c56f866e err=ECONNRESET upstream=10.0.3.44:8443 (retries exhausted),,,28b3f951c56f866e,,ECONNRESET,10.0.3.44:8443
2026-07-02 17:13:18.860,ERROR,worker,17477,upstream call failed request_id=41654142c4cc5fbb err=ECONNRESET upstream=10.0.3.44:8443 (retries exhausted),,,41654142c4cc5fbb,,ECONNRESET,10.0.3.44:8443
2026-07-02 17:13:20.628,ERROR,worker,17479,upstream call failed request_id=8457b8fc2d992524 err=ECONNRESET upstream=10.0.3.44:8443 (retries exhausted),,,8457b8fc2d992524,,ECONNRESET,10.0.3.44:8443
2026-07-02 17:13:21.147,ERROR,worker,17480,upstream call failed request_id=1f97d7b0d482d903 err=ECONNRESET upstream=10.0.3.44:8443 (retries exhausted),,,1f97d7b0d482d903,,ECONNRESET,10.0.3.44:8443
2026-07-02 17:13:21.611,ERROR,worker,17482,upstream call failed request_id=57f92ec69664ed59 err=ECONNRESET upstream=10.0.3.44:8443 (retries exhausted),,,57f92ec69664ed59,,ECONNRESET,10.0.3.44:8443
2026-07-02 17:13:22.724,ERROR,worker,17484,upstream call failed request_id=e7b5cfda8a84644b err=ECONNRESET upstream=10.0.3.44:8443 (retries exhausted),,,e7b5cfda8a84644b,,ECONNRESET,10.0.3.44:8443
2026-07-02 17:13:57.272,ERROR,worker,17500,upstream call failed request_id=d5d5545b350f69cb err=ECONNRESET upstream=10.0.3.44:8443 (retries exhausted),,,d5d5545b350f69cb,,ECONNRESET,10.0.3.44:8443
2026-07-02 17:14:04.941,ERROR,worker,17506,upstream call failed request_id=b47980adb52f6094 err=ECONNRESET upstream=10.0.3.44:8443 (retries exhausted),,,b47980adb52f6094,,ECONNRESET,10.0.3.44:8443
2026-07-02 17:14:06.000,ERROR,metrics-worker,17507,AnalyticsUploadTimeout: failed to push metrics batch to analytics.internal:9092 (attempt 1/3),,AnalyticsUploadTimeout,,,,
2026-07-02 17:14:52.271,ERROR,worker,17531,upstream call failed request_id=346881cab598cebb err=ECONNRESET upstream=10.0.3.44:8443 (retries exhausted),,,346881cab598cebb,,ECONNRESET,10.0.3.44:8443
2026-07-02 17:14:54.989,ERROR,worker,17533,upstream call failed request_id=e1eb660c23fd1032 err=ECONNRESET upstream=10.0.3.44:8443 (retries exhausted),,,e1eb660c23fd1032,,ECONNRESET,10.0.3.44:8443
2026-07-02 17:15:21.292,ERROR,worker,17549,upstream call failed request_id=2ecd515ccbe47f35 err=ECONNRESET upstream=10.0.3.44:8443 (retries exhausted),,,2ecd515ccbe47f35,,ECONNRESET,10.0.3.44:8443
2026-07-02 17:15:30.000,ERROR,metrics-worker,17554,AnalyticsUploadTimeout: failed to push metrics batch to analytics.internal:9092 (attempt 3/3),,AnalyticsUploadTimeout,,,,
2026-07-02 17:15:37.424,ERROR,worker,17559,upstream call failed request_id=1778b2ff5bccb063 err=ECONNRESET upstream=10.0.3.44:8443 (retries exhausted),,,1778b2ff5bccb063,,ECONNRESET,10.0.3.44:8443
2026-07-02 17:15:52.756,ERROR,worker,17565,upstream call failed request_id=7f3609d256af2255 err=ECONNRESET upstream=10.0.3.44:8443 (retries exhausted),,,7f3609d256af2255,,ECONNRESET,10.0.3.44:8443
2026-07-02 17:16:08.240,ERROR,worker,17574,upstream call failed request_id=e9b7d66154b7b9a1 err=ECONNRESET upstream=10.0.3.44:8443 (retries exhausted),,,e9b7d66154b7b9a1,,ECONNRESET,10.0.3.44:8443
2026-07-02 17:16:18.152,ERROR,worker,17584,upstream call failed request_id=e70bb4a36548b4ed err=ECONNRESET upstream=10.0.3.44:8443 (retries exhausted),,,e70bb4a36548b4ed,,ECONNRESET,10.0.3.44:8443
2026-07-02 17:16:31.679,ERROR,worker,17588,upstream call failed request_id=1c7bb22b3e068977 err=ECONNRESET upstream=10.0.3.44:8443 (retries exhausted),,,1c7bb22b3e068977,,ECONNRESET,10.0.3.44:8443
2026-07-02 17:16:49.200,ERROR,worker,17595,upstream call failed request_id=559b79296c11e713 err=ECONNRESET upstream=10.0.3.44:8443 (retries exhausted),,,559b79296c11e713,,ECONNRESET,10.0.3.44:8443
2026-07-02 17:17:02.983,ERROR,worker,17607,upstream call failed request_id=c77bbeb079935d21 err=ECONNRESET upstream=10.0.3.44:8443 (retries exhausted),,,c77bbeb079935d21,,ECONNRESET,10.0.3.44:8443
2026-07-02 17:17:14.861,ERROR,worker,17613,upstream call failed request_id=b535acc98a5ef98e err=ECONNRESET upstream=10.0.3.44:8443 (retries exhausted),,,b535acc98a5ef98e,,ECONNRESET,10.0.3.44:8443
2026-07-02 17:17:16.079,ERROR,worker,17615,upstream call failed request_id=41a358a9c06794ff err=ECONNRESET upstream=10.0.3.44:8443 (retries exhausted),,,41a358a9c06794ff,,ECONNRESET,10.0.3.44:8443
2026-07-02 17:17:16.762,ERROR,worker,17616,upstream call failed request_id=c150852974dbd755 err=ECONNRESET upstream=10.0.3.44:8443 (retries exhausted),,,c150852974dbd755,,ECONNRESET,10.0.3.44:8443
2026-07-02 17:17:36.652,ERROR,worker,17628,upstream call failed request_id=65a9915c73d82815 err=ECONNRESET upstream=10.0.3.44:8443 (retries exhausted),,,65a9915c73d82815,,ECONNRESET,10.0.3.44:8443
2026-07-02 17:17:43.000,ERROR,metrics-worker,17631,AnalyticsUploadTimeout: failed to push metrics batch to analytics.internal:9092 (attempt 2/3),,AnalyticsUploadTimeout,,,,
2026-07-02 17:18:18.835,ERROR,worker,17653,upstream call failed request_id=6c42a4d1c993d450 err=ECONNRESET upstream=10.0.3.44:8443 (retries exhausted),,,6c42a4d1c993d450,,ECONNRESET,10.0.3.44:8443
2026-07-02 17:18:31.924,ERROR,worker,17656,upstream call failed request_id=5da2cc07714381ce err=ECONNRESET upstream=10.0.3.44:8443 (retries exhausted),,,5da2cc07714381ce,,ECONNRESET,10.0.3.44:8443
2026-07-02 17:18:36.833,ERROR,worker,17660,upstream call failed request_id=75abb2ba175b200d err=ECONNRESET upstream=10.0.3.44:8443 (retries exhausted),,,75abb2ba175b200d,,ECONNRESET,10.0.3.44:8443
2026-07-02 17:19:02.992,ERROR,worker,17677,upstream call failed request_id=80391245f9bc9fa9 err=ECONNRESET upstream=10.0.3.44:8443 (retries exhausted),,,80391245f9bc9fa9,,ECONNRESET,10.0.3.44:8443
2026-07-02 17:19:08.207,ERROR,worker,17682,upstream call failed request_id=7666f15082160ec8 err=ECONNRESET upstream=10.0.3.44:8443 (retries exhausted),,,7666f15082160ec8,,ECONNRESET,10.0.3.44:8443
2026-07-02 17:19:13.302,ERROR,worker,17683,upstream call failed request_id=ff6e824ffe27ebbe err=ECONNRESET upstream=10.0.3.44:8443 (retries exhausted),,,ff6e824ffe27ebbe,,ECONNRESET,10.0.3.44:8443
2026-07-02 17:19:48.000,ERROR,metrics-worker,17702,AnalyticsUploadTimeout: failed to push metrics batch to analytics.internal:9092 (attempt 3/3),,AnalyticsUploadTimeout,,,,
2026-07-02 17:19:48.071,ERROR,worker,17703,upstream call failed request_id=c79b17c581b1f22b err=ECONNRESET upstream=10.0.3.44:8443 (retries exhausted),,,c79b17c581b1f22b,,ECONNRESET,10.0.3.44:8443
2026-07-02 17:19:58.064,ERROR,worker,17708,upstream call failed request_id=b74e749f1c8403d7 err=ECONNRESET upstream=10.0.3.44:8443 (retries exhausted),,,b74e749f1c8403d7,,ECONNRESET,10.0.3.44:8443
2026-07-02 17:19:58.456,ERROR,worker,17710,upstream call failed request_id=5ab394d669076b58 err=ECONNRESET upstream=10.0.3.44:8443 (retries exhausted),,,5ab394d669076b58,,ECONNRESET,10.0.3.44:8443
2026-07-02 17:20:09.379,ERROR,worker,17715,upstream call failed request_id=f739c16ca878140f err=ECONNRESET upstream=10.0.3.44:8443 (retries exhausted),,,f739c16ca878140f,,ECONNRESET,10.0.3.44:8443
2026-07-02 17:20:10.346,ERROR,worker,17717,upstream call failed request_id=945e2fe074ef3755 err=ECONNRESET upstream=10.0.3.44:8443 (retries exhausted),,,945e2fe074ef3755,,ECONNRESET,10.0.3.44:8443
2026-07-02 17:20:14.708,ERROR,worker,17721,upstream call failed request_id=e713f2aca5482fbe err=ECONNRESET upstream=10.0.3.44:8443 (retries exhausted),,,e713f2aca5482fbe,,ECONNRESET,10.0.3.44:8443
2026-07-02 17:20:24.802,ERROR,worker,17724,upstream call failed request_id=12381c1c91a566c2 err=ECONNRESET upstream=10.0.3.44:8443 (retries exhausted),,,12381c1c91a566c2,,ECONNRESET,10.0.3.44:8443
2026-07-02 17:20:33.283,ERROR,worker,17727,upstream call failed request_id=75e7d8d492e2719c err=ECONNRESET upstream=10.0.3.44:8443 (retries exhausted),,,75e7d8d492e2719c,,ECONNRESET,10.0.3.44:8443
2026-07-02 17:20:41.776,ERROR,worker,17732,upstream call failed request_id=ecd2447182df9f99 err=ECONNRESET upstream=10.0.3.44:8443 (retries exhausted),,,ecd2447182df9f99,,ECONNRESET,10.0.3.44:8443
2026-07-02 17:20:49.645,ERROR,worker,17738,upstream call failed request_id=1fcb7c982c66b62a err=ECONNRESET upstream=10.0.3.44:8443 (retries exhausted),,,1fcb7c982c66b62a,,ECONNRESET,10.0.3.44:8443
2026-07-02 17:21:21.638,ERROR,worker,17756,upstream call failed request_id=eb1a5f9ecda07dad err=ECONNRESET upstream=10.0.3.44:8443 (retries exhausted),,,eb1a5f9ecda07dad,,ECONNRESET,10.0.3.44:8443
2026-07-02 17:21:37.294,ERROR,worker,17768,upstream call failed request_id=f34d2dd7b82a68a8 err=ECONNRESET upstream=10.0.3.44:8443 (retries exhausted),,,f34d2dd7b82a68a8,,ECONNRESET,10.0.3.44:8443
2026-07-02 17:21:43.320,ERROR,worker,17771,upstream call failed request_id=6728d332cb4a95d4 err=ECONNRESET upstream=10.0.3.44:8443 (retries exhausted),,,6728d332cb4a95d4,,ECONNRESET,10.0.3.44:8443
2026-07-02 17:21:51.171,ERROR,worker,17780,upstream call failed request_id=4397304f64d1b407 err=ECONNRESET upstream=10.0.3.44:8443 (retries exhausted),,,4397304f64d1b407,,ECONNRESET,10.0.3.44:8443
2026-07-02 17:22:00.000,ERROR,metrics-worker,17784,AnalyticsUploadTimeout: failed to push metrics batch to analytics.internal:9092 (attempt 2/3),,AnalyticsUploadTimeout,,,,
2026-07-02 17:22:02.013,ERROR,worker,17785,upstream call failed request_id=2ffa29a4726ef187 err=ECONNRESET upstream=10.0.3.44:8443 (retries exhausted),,,2ffa29a4726ef187,,ECONNRESET,10.0.3.44:8443
2026-07-02 17:22:09.027,ERROR,worker,17790,upstream call failed request_id=40cf8e7f2e31e4a0 err=ECONNRESET upstream=10.0.3.44:8443 (retries exhausted),,,40cf8e7f2e31e4a0,,ECONNRESET,10.0.3.44:8443
2026-07-02 17:22:12.606,ERROR,worker,17795,upstream call failed request_id=771dd55b4b35131f err=ECONNRESET upstream=10.0.3.44:8443 (retries exhausted),,,771dd55b4b35131f,,ECONNRESET,10.0.3.44:8443
2026-07-02 17:22:13.371,ERROR,worker,17796,upstream call failed request_id=d19c11decba47c5d err=ECONNRESET upstream=10.0.3.44:8443 (retries exhausted),,,d19c11decba47c5d,,ECONNRESET,10.0.3.44:8443
2026-07-02 17:22:33.461,ERROR,worker,17806,upstream call failed request_id=f36e1d57c8865f3a err=ECONNRESET upstream=10.0.3.44:8443 (retries exhausted),,,f36e1d57c8865f3a,,ECONNRESET,10.0.3.44:8443
2026-07-02 17:22:49.947,ERROR,worker,17816,upstream call failed request_id=a3f0cb89a618542a err=ECONNRESET upstream=10.0.3.44:8443 (retries exhausted),,,a3f0cb89a618542a,,ECONNRESET,10.0.3.44:8443
2026-07-02 17:23:05.786,ERROR,worker,17827,upstream call failed request_id=d244a8f493ed4621 err=ECONNRESET upstream=10.0.3.44:8443 (retries exhausted),,,d244a8f493ed4621,,ECONNRESET,10.0.3.44:8443
2026-07-02 17:23:10.200,ERROR,worker,17832,upstream call failed request_id=1eb3c1226a0da1fc err=ECONNRESET upstream=10.0.3.44:8443 (retries exhausted),,,1eb3c1226a0da1fc,,ECONNRESET,10.0.3.44:8443
2026-07-02 17:23:17.312,ERROR,worker,17834,upstream call failed request_id=0c0764eeb9b75107 err=ECONNRESET upstream=10.0.3.44:8443 (retries exhausted),,,0c0764eeb9b75107,,ECONNRESET,10.0.3.44:8443
2026-07-02 17:23:34.806,ERROR,worker,17839,upstream call failed request_id=ff7838561f0e74c0 err=ECONNRESET upstream=10.0.3.44:8443 (retries exhausted),,,ff7838561f0e74c0,,ECONNRESET,10.0.3.44:8443
2026-07-02 17:23:57.505,ERROR,worker,17848,upstream call failed request_id=036593b90d6fc07b err=ECONNRESET upstream=10.0.3.44:8443 (retries exhausted),,,036593b90d6fc07b,,ECONNRESET,10.0.3.44:8443
2026-07-02 17:24:10.583,ERROR,worker,17858,upstream call failed request_id=30ff730fc3de0f9a err=ECONNRESET upstream=10.0.3.44:8443 (retries exhausted),,,30ff730fc3de0f9a,,ECONNRESET,10.0.3.44:8443
2026-07-02 17:24:12.551,ERROR,worker,17859,upstream call failed request_id=e0631d492aade496 err=ECONNRESET upstream=10.0.3.44:8443 (retries exhausted),,,e0631d492aade496,,ECONNRESET,10.0.3.44:8443
2026-07-02 17:24:17.530,ERROR,worker,17863,upstream call failed request_id=69132a77f2fe8f6c err=ECONNRESET upstream=10.0.3.44:8443 (retries exhausted),,,69132a77f2fe8f6c,,ECONNRESET,10.0.3.44:8443
2026-07-02 17:24:27.000,ERROR,metrics-worker,17869,AnalyticsUploadTimeout: failed to push metrics batch to analytics.internal:9092 (attempt 1/3),,AnalyticsUploadTimeout,,,,
2026-07-02 17:24:30.547,ERROR,worker,17871,upstream call failed request_id=710c57e602b99eab err=ECONNRESET upstream=10.0.3.44:8443 (retries exhausted),,,710c57e602b99eab,,ECONNRESET,10.0.3.44:8443
2026-07-02 17:24:58.071,ERROR,worker,17881,upstream call failed request_id=f5b318f3c90a4213 err=ECONNRESET upstream=10.0.3.44:8443 (retries exhausted),,,f5b318f3c90a4213,,ECONNRESET,10.0.3.44:8443
2026-07-02 17:25:02.982,ERROR,worker,17885,upstream call failed request_id=9739c1653380f6f2 err=ECONNRESET upstream=10.0.3.44:8443 (retries exhausted),,,9739c1653380f6f2,,ECONNRESET,10.0.3.44:8443
2026-07-02 17:25:05.453,ERROR,worker,17886,upstream call failed request_id=d1853e3a77823c17 err=ECONNRESET upstream=10.0.3.44:8443 (retries exhausted),,,d1853e3a77823c17,,ECONNRESET,10.0.3.44:8443
2026-07-02 17:25:21.443,ERROR,worker,17897,upstream call failed request_id=491aaa95a52a13f1 err=ECONNRESET upstream=10.0.3.44:8443 (retries exhausted),,,491aaa95a52a13f1,,ECONNRESET,10.0.3.44:8443
2026-07-02 17:25:29.606,ERROR,worker,17902,upstream call failed request_id=4ccda27a6447e6bd err=ECONNRESET upstream=10.0.3.44:8443 (retries exhausted),,,4ccda27a6447e6bd,,ECONNRESET,10.0.3.44:8443
2026-07-02 17:25:30.124,ERROR,worker,17903,upstream call failed request_id=1c121b9fc3cee800 err=ECONNRESET upstream=10.0.3.44:8443 (retries exhausted),,,1c121b9fc3cee800,,ECONNRESET,10.0.3.44:8443
2026-07-02 17:25:51.535,ERROR,worker,17908,upstream call failed request_id=9f498516b053633e err=ECONNRESET upstream=10.0.3.44:8443 (retries exhausted),,,9f498516b053633e,,ECONNRESET,10.0.3.44:8443
2026-07-02 17:25:54.646,ERROR,worker,17909,upstream call failed request_id=94db3fe6df1204f2 err=ECONNRESET upstream=10.0.3.44:8443 (retries exhausted),,,94db3fe6df1204f2,,ECONNRESET,10.0.3.44:8443
2026-07-02 17:25:59.000,ERROR,metrics-worker,17911,AnalyticsUploadTimeout: failed to push metrics batch to analytics.internal:9092 (attempt 2/3),,AnalyticsUploadTimeout,,,,
2026-07-02 17:26:01.203,ERROR,worker,17913,upstream call failed request_id=0284ecbd597ccb07 err=ECONNRESET upstream=10.0.3.44:8443 (retries exhausted),,,0284ecbd597ccb07,,ECONNRESET,10.0.3.44:8443
2026-07-02 17:26:05.770,ERROR,worker,17920,upstream call failed request_id=577b4079ab6175df err=ECONNRESET upstream=10.0.3.44:8443 (retries exhausted),,,577b4079ab6175df,,ECONNRESET,10.0.3.44:8443
2026-07-02 17:26:06.014,ERROR,worker,17921,upstream call failed request_id=4c4f3547fc4d19a0 err=ECONNRESET upstream=10.0.3.44:8443 (retries exhausted),,,4c4f3547fc4d19a0,,ECONNRESET,10.0.3.44:8443
2026-07-02 17:26:16.631,ERROR,worker,17929,upstream call failed request_id=06c9e9c0d2fdb840 err=ECONNRESET upstream=10.0.3.44:8443 (retries exhausted),,,06c9e9c0d2fdb840,,ECONNRESET,10.0.3.44:8443
2026-07-02 17:26:19.754,ERROR,worker,17932,upstream call failed request_id=64e7d7bbf23df97a err=ECONNRESET upstream=10.0.3.44:8443 (retries exhausted),,,64e7d7bbf23df97a,,ECONNRESET,10.0.3.44:8443
2026-07-02 17:26:34.353,ERROR,worker,17940,upstream call failed request_id=4f2285577d4f20ff err=ECONNRESET upstream=10.0.3.44:8443 (retries exhausted),,,4f2285577d4f20ff,,ECONNRESET,10.0.3.44:8443
2026-07-02 17:26:38.209,ERROR,worker,17943,upstream call failed request_id=fee949587fb914b9 err=ECONNRESET upstream=10.0.3.44:8443 (retries exhausted),,,fee949587fb914b9,,ECONNRESET,10.0.3.44:8443
2026-07-02 17:26:39.920,ERROR,worker,17945,upstream call failed request_id=5c3e6f34b569a735 err=ECONNRESET upstream=10.0.3.44:8443 (retries exhausted),,,5c3e6f34b569a735,,ECONNRESET,10.0.3.44:8443
2026-07-02 17:26:43.945,ERROR,worker,17947,upstream call failed request_id=7c3c4eb1db1d5a46 err=ECONNRESET upstream=10.0.3.44:8443 (retries exhausted),,,7c3c4eb1db1d5a46,,ECONNRESET,10.0.3.44:8443
2026-07-02 17:27:01.494,ERROR,worker,17953,upstream call failed request_id=ec59e5aaedee9eb1 err=ECONNRESET upstream=10.0.3.44:8443 (retries exhausted),,,ec59e5aaedee9eb1,,ECONNRESET,10.0.3.44:8443
2026-07-02 17:27:13.677,ERROR,worker,17958,upstream call failed request_id=b0b4dcce87de33bc err=ECONNRESET upstream=10.0.3.44:8443 (retries exhausted),,,b0b4dcce87de33bc,,ECONNRESET,10.0.3.44:8443
2026-07-02 17:27:13.719,ERROR,worker,17959,upstream call failed request_id=359ff9eff91aa296 err=ECONNRESET upstream=10.0.3.44:8443 (retries exhausted),,,359ff9eff91aa296,,ECONNRESET,10.0.3.44:8443
2026-07-02 17:27:14.995,ERROR,worker,17962,upstream call failed request_id=522c58603216ca16 err=ECONNRESET upstream=10.0.3.44:8443 (retries exhausted),,,522c58603216ca16,,ECONNRESET,10.0.3.44:8443
2026-07-02 17:27:16.637,ERROR,worker,17963,upstream call failed request_id=92394e287c42b135 err=ECONNRESET upstream=10.0.3.44:8443 (retries exhausted),,,92394e287c42b135,,ECONNRESET,10.0.3.44:8443
2026-07-02 17:27:38.384,ERROR,worker,17973,upstream call failed request_id=d959b77dec4505ce err=ECONNRESET upstream=10.0.3.44:8443 (retries exhausted),,,d959b77dec4505ce,,ECONNRESET,10.0.3.44:8443
2026-07-02 17:27:40.000,ERROR,metrics-worker,17974,AnalyticsUploadTimeout: failed to push metrics batch to analytics.internal:9092 (attempt 3/3),,AnalyticsUploadTimeout,,,,
2026-07-02 17:28:01.616,ERROR,worker,17989,upstream call failed request_id=58d3c8a61f326ea7 err=ECONNRESET upstream=10.0.3.44:8443 (retries exhausted),,,58d3c8a61f326ea7,,ECONNRESET,10.0.3.44:8443
2026-07-02 17:28:11.505,ERROR,worker,17997,upstream call failed request_id=721a185afcb62f4b err=ECONNRESET upstream=10.0.3.44:8443 (retries exhausted),,,721a185afcb62f4b,,ECONNRESET,10.0.3.44:8443
2026-07-02 17:28:18.144,ERROR,worker,18003,upstream call failed request_id=2acb816e865ba3e4 err=ECONNRESET upstream=10.0.3.44:8443 (retries exhausted),,,2acb816e865ba3e4,,ECONNRESET,10.0.3.44:8443
2026-07-02 17:28:31.566,ERROR,worker,18007,upstream call failed request_id=07e8c3cedb751052 err=ECONNRESET upstream=10.0.3.44:8443 (retries exhausted),,,07e8c3cedb751052,,ECONNRESET,10.0.3.44:8443
2026-07-02 17:28:32.970,ERROR,worker,18009,upstream call failed request_id=cb18133fa44e60fa err=ECONNRESET upstream=10.0.3.44:8443 (retries exhausted),,,cb18133fa44e60fa,,ECONNRESET,10.0.3.44:8443
2026-07-02 17:28:37.572,ERROR,worker,18014,upstream call failed request_id=5d6d37cc217fdc86 err=ECONNRESET upstream=10.0.3.44:8443 (retries exhausted),,,5d6d37cc217fdc86,,ECONNRESET,10.0.3.44:8443
2026-07-02 17:28:39.088,ERROR,worker,18015,upstream call failed request_id=cb65bd8845b3fe03 err=ECONNRESET upstream=10.0.3.44:8443 (retries exhausted),,,cb65bd8845b3fe03,,ECONNRESET,10.0.3.44:8443
2026-07-02 17:28:46.302,ERROR,worker,18022,upstream call failed request_id=e952b7b1f918b0e2 err=ECONNRESET upstream=10.0.3.44:8443 (retries exhausted),,,e952b7b1f918b0e2,,ECONNRESET,10.0.3.44:8443
2026-07-02 17:28:53.295,ERROR,worker,18024,upstream call failed request_id=2c57b12e09e669d2 err=ECONNRESET upstream=10.0.3.44:8443 (retries exhausted),,,2c57b12e09e669d2,,ECONNRESET,10.0.3.44:8443
2026-07-02 17:28:59.820,ERROR,worker,18031,upstream call failed request_id=402717e053f9e312 err=ECONNRESET upstream=10.0.3.44:8443 (retries exhausted),,,402717e053f9e312,,ECONNRESET,10.0.3.44:8443
2026-07-02 17:29:14.387,ERROR,worker,18039,upstream call failed request_id=1ea027b0d20b905a err=ECONNRESET upstream=10.0.3.44:8443 (retries exhausted),,,1ea027b0d20b905a,,ECONNRESET,10.0.3.44:8443
2026-07-02 17:29:17.505,ERROR,worker,18041,upstream call failed request_id=4fb8de474088f13d err=ECONNRESET upstream=10.0.3.44:8443 (retries exhausted),,,4fb8de474088f13d,,ECONNRESET,10.0.3.44:8443
2026-07-02 17:29:25.100,ERROR,worker,18044,upstream call failed request_id=0474553087eaa915 err=ECONNRESET upstream=10.0.3.44:8443 (retries exhausted),,,0474553087eaa915,,ECONNRESET,10.0.3.44:8443
2026-07-02 17:29:41.465,ERROR,worker,18058,upstream call failed request_id=c8eb07677909f785 err=ECONNRESET upstream=10.0.3.44:8443 (retries exhausted),,,c8eb07677909f785,,ECONNRESET,10.0.3.44:8443
2026-07-02 17:30:10.000,ERROR,metrics-worker,18074,AnalyticsUploadTimeout: failed to push metrics batch to analytics.internal:9092 (attempt 2/3),,AnalyticsUploadTimeout,,,,
2026-07-02 17:30:41.288,ERROR,worker,18090,upstream call failed request_id=23c9ef25ef2c312d err=ECONNRESET upstream=10.0.3.44:8443 (retries exhausted),,,23c9ef25ef2c312d,,ECONNRESET,10.0.3.44:8443
2026-07-02 17:31:07.309,ERROR,worker,18103,upstream call failed request_id=65f186892d32fdd9 err=ECONNRESET upstream=10.0.3.44:8443 (retries exhausted),,,65f186892d32fdd9,,ECONNRESET,10.0.3.44:8443
2026-07-02 17:31:19.267,ERROR,worker,18109,upstream call failed request_id=b11b76dd07c83abf err=ECONNRESET upstream=10.0.3.44:8443 (retries exhausted),,,b11b76dd07c83abf,,ECONNRESET,10.0.3.44:8443
2026-07-02 17:31:39.669,ERROR,worker,18117,upstream call failed request_id=4cc20ad9cd894f65 err=ECONNRESET upstream=10.0.3.44:8443 (retries exhausted),,,4cc20ad9cd894f65,,ECONNRESET,10.0.3.44:8443
2026-07-02 17:31:42.044,ERROR,worker,18118,upstream call failed request_id=48e4246dace49fb4 err=ECONNRESET upstream=10.0.3.44:8443 (retries exhausted),,,48e4246dace49fb4,,ECONNRESET,10.0.3.44:8443
2026-07-02 17:31:45.673,ERROR,worker,18120,upstream call failed request_id=69f2651a50383208 err=ECONNRESET upstream=10.0.3.44:8443 (retries exhausted),,,69f2651a50383208,,ECONNRESET,10.0.3.44:8443
2026-07-02 17:31:52.000,ERROR,metrics-worker,18123,AnalyticsUploadTimeout: failed to push metrics batch to analytics.internal:9092 (attempt 3/3),,AnalyticsUploadTimeout,,,,
2026-07-02 17:32:12.556,ERROR,worker,18132,upstream call failed request_id=c05477e471224b45 err=ECONNRESET upstream=10.0.3.44:8443 (retries exhausted),,,c05477e471224b45,,ECONNRESET,10.0.3.44:8443
2026-07-02 17:32:12.639,ERROR,worker,18133,upstream call failed request_id=b9fd0745407522e2 err=ECONNRESET upstream=10.0.3.44:8443 (retries exhausted),,,b9fd0745407522e2,,ECONNRESET,10.0.3.44:8443
2026-07-02 17:32:46.394,ERROR,worker,18154,upstream call failed request_id=a45ea0d7795d6d22 err=ECONNRESET upstream=10.0.3.44:8443 (retries exhausted),,,a45ea0d7795d6d22,,ECONNRESET,10.0.3.44:8443
2026-07-02 17:32:52.476,ERROR,worker,18156,upstream call failed request_id=5ef92804d73ff25a err=ECONNRESET upstream=10.0.3.44:8443 (retries exhausted),,,5ef92804d73ff25a,,ECONNRESET,10.0.3.44:8443
2026-07-02 17:32:52.549,ERROR,worker,18157,upstream call failed request_id=c26ad52a294811fe err=ECONNRESET upstream=10.0.3.44:8443 (retries exhausted),,,c26ad52a294811fe,,ECONNRESET,10.0.3.44:8443
2026-07-02 17:32:54.278,ERROR,worker,18159,upstream call failed request_id=c5407828dfe00370 err=ECONNRESET upstream=10.0.3.44:8443 (retries exhausted),,,c5407828dfe00370,,ECONNRESET,10.0.3.44:8443
2026-07-02 17:32:55.687,ERROR,worker,18160,upstream call failed request_id=e47ccff6bd68b8ad err=ECONNRESET upstream=10.0.3.44:8443 (retries exhausted),,,e47ccff6bd68b8ad,,ECONNRESET,10.0.3.44:8443
2026-07-02 17:32:59.124,ERROR,worker,18162,upstream call failed request_id=73961536aec00d86 err=ECONNRESET upstream=10.0.3.44:8443 (retries exhausted),,,73961536aec00d86,,ECONNRESET,10.0.3.44:8443
2026-07-02 17:33:02.000,ERROR,metrics-worker,18166,AnalyticsUploadTimeout: failed to push metrics batch to analytics.internal:9092 (attempt 2/3),,AnalyticsUploadTimeout,,,,
2026-07-02 17:33:11.641,ERROR,worker,18168,upstream call failed request_id=397b0398320d1293 err=ECONNRESET upstream=10.0.3.44:8443 (retries exhausted),,,397b0398320d1293,,ECONNRESET,10.0.3.44:8443
2026-07-02 17:33:12.627,ERROR,worker,18169,upstream call failed request_id=d30c723c7b20ce47 err=ECONNRESET upstream=10.0.3.44:8443 (retries exhausted),,,d30c723c7b20ce47,,ECONNRESET,10.0.3.44:8443
2026-07-02 17:33:30.869,ERROR,worker,18177,upstream call failed request_id=36601816e4cdf8f8 err=ECONNRESET upstream=10.0.3.44:8443 (retries exhausted),,,36601816e4cdf8f8,,ECONNRESET,10.0.3.44:8443
2026-07-02 17:33:33.955,ERROR,worker,18178,upstream call failed request_id=f5b50acba4eb9914 err=ECONNRESET upstream=10.0.3.44:8443 (retries exhausted),,,f5b50acba4eb9914,,ECONNRESET,10.0.3.44:8443
2026-07-02 17:33:37.467,ERROR,worker,18181,upstream call failed request_id=dcb3c3af4861ffba err=ECONNRESET upstream=10.0.3.44:8443 (retries exhausted),,,dcb3c3af4861ffba,,ECONNRESET,10.0.3.44:8443
2026-07-02 17:33:42.221,ERROR,worker,18184,upstream call failed request_id=94763885e459e7f8 err=ECONNRESET upstream=10.0.3.44:8443 (retries exhausted),,,94763885e459e7f8,,ECONNRESET,10.0.3.44:8443
2026-07-02 17:33:42.678,ERROR,worker,18186,upstream call failed request_id=116096c8032808d3 err=ECONNRESET upstream=10.0.3.44:8443 (retries exhausted),,,116096c8032808d3,,ECONNRESET,10.0.3.44:8443
2026-07-02 17:33:43.168,ERROR,worker,18188,upstream call failed request_id=20b91778105ee567 err=ECONNRESET upstream=10.0.3.44:8443 (retries exhausted),,,20b91778105ee567,,ECONNRESET,10.0.3.44:8443
2026-07-02 17:33:50.550,ERROR,worker,18194,upstream call failed request_id=954d2115b0a5d8f4 err=ECONNRESET upstream=10.0.3.44:8443 (retries exhausted),,,954d2115b0a5d8f4,,ECONNRESET,10.0.3.44:8443
2026-07-02 17:34:09.754,ERROR,worker,18205,upstream call failed request_id=c8aec681d4250db6 err=ECONNRESET upstream=10.0.3.44:8443 (retries exhausted),,,c8aec681d4250db6,,ECONNRESET,10.0.3.44:8443
2026-07-02 17:34:13.763,ERROR,worker,18209,upstream call failed request_id=f4dda63aae37c45c err=ECONNRESET upstream=10.0.3.44:8443 (retries exhausted),,,f4dda63aae37c45c,,ECONNRESET,10.0.3.44:8443
2026-07-02 17:34:17.915,ERROR,worker,18211,upstream call failed request_id=138dcb898bfd67ad err=ECONNRESET upstream=10.0.3.44:8443 (retries exhausted),,,138dcb898bfd67ad,,ECONNRESET,10.0.3.44:8443
2026-07-02 17:34:18.548,ERROR,worker,18212,upstream call failed request_id=0bc6f5078e21fc85 err=ECONNRESET upstream=10.0.3.44:8443 (retries exhausted),,,0bc6f5078e21fc85,,ECONNRESET,10.0.3.44:8443
2026-07-02 17:34:23.560,ERROR,worker,18218,upstream call failed request_id=3d16e4e3bee8eba2 err=ECONNRESET upstream=10.0.3.44:8443 (retries exhausted),,,3d16e4e3bee8eba2,,ECONNRESET,10.0.3.44:8443
2026-07-02 17:34:28.321,ERROR,worker,18223,upstream call failed request_id=3dcc0200d7910bce err=ECONNRESET upstream=10.0.3.44:8443 (retries exhausted),,,3dcc0200d7910bce,,ECONNRESET,10.0.3.44:8443
2026-07-02 17:34:29.760,ERROR,worker,18224,upstream call failed request_id=9d903b9417bbd06e err=ECONNRESET upstream=10.0.3.44:8443 (retries exhausted),,,9d903b9417bbd06e,,ECONNRESET,10.0.3.44:8443
2026-07-02 17:34:31.856,ERROR,worker,18228,upstream call failed request_id=c1dd7380abfb04d7 err=ECONNRESET upstream=10.0.3.44:8443 (retries exhausted),,,c1dd7380abfb04d7,,ECONNRESET,10.0.3.44:8443
2026-07-02 17:34:33.986,ERROR,worker,18229,upstream call failed request_id=86f0a09a111ce4c6 err=ECONNRESET upstream=10.0.3.44:8443 (retries exhausted),,,86f0a09a111ce4c6,,ECONNRESET,10.0.3.44:8443
2026-07-02 17:34:39.976,ERROR,worker,18233,upstream call failed request_id=569fa432ee99abbe err=ECONNRESET upstream=10.0.3.44:8443 (retries exhausted),,,569fa432ee99abbe,,ECONNRESET,10.0.3.44:8443
2026-07-02 17:34:46.000,ERROR,metrics-worker,18238,AnalyticsUploadTimeout: failed to push metrics batch to analytics.internal:9092 (attempt 3/3),,AnalyticsUploadTimeout,,,,
2026-07-02 17:34:54.562,ERROR,worker,18241,upstream call failed request_id=3bdce390c68e9b86 err=ECONNRESET upstream=10.0.3.44:8443 (retries exhausted),,,3bdce390c68e9b86,,ECONNRESET,10.0.3.44:8443
2026-07-02 17:35:18.460,ERROR,worker,18257,upstream call failed request_id=218e5f1837cf9dd7 err=ECONNRESET upstream=10.0.3.44:8443 (retries exhausted),,,218e5f1837cf9dd7,,ECONNRESET,10.0.3.44:8443
2026-07-02 17:35:23.882,ERROR,worker,18258,upstream call failed request_id=38442a52e68c2c69 err=ECONNRESET upstream=10.0.3.44:8443 (retries exhausted),,,38442a52e68c2c69,,ECONNRESET,10.0.3.44:8443
2026-07-02 17:35:25.741,ERROR,worker,18259,upstream call failed request_id=a9c3dd548388419f err=ECONNRESET upstream=10.0.3.44:8443 (retries exhausted),,,a9c3dd548388419f,,ECONNRESET,10.0.3.44:8443
2026-07-02 17:36:00.364,ERROR,worker,18275,upstream call failed request_id=39f27f57894c7d8b err=ECONNRESET upstream=10.0.3.44:8443 (retries exhausted),,,39f27f57894c7d8b,,ECONNRESET,10.0.3.44:8443
2026-07-02 17:36:04.082,ERROR,worker,18278,upstream call failed request_id=695ade3b0139f843 err=ECONNRESET upstream=10.0.3.44:8443 (retries exhausted),,,695ade3b0139f843,,ECONNRESET,10.0.3.44:8443
2026-07-02 17:36:12.654,ERROR,worker,18284,upstream call failed request_id=f78cd49e750c5387 err=ECONNRESET upstream=10.0.3.44:8443 (retries exhausted),,,f78cd49e750c5387,,ECONNRESET,10.0.3.44:8443
2026-07-02 17:36:14.907,ERROR,worker,18287,upstream call failed request_id=d2e099ccba03875d err=ECONNRESET upstream=10.0.3.44:8443 (retries exhausted),,,d2e099ccba03875d,,ECONNRESET,10.0.3.44:8443
2026-07-02 17:36:21.084,ERROR,worker,18291,upstream call failed request_id=70853befdd5401e4 err=ECONNRESET upstream=10.0.3.44:8443 (retries exhausted),,,70853befdd5401e4,,ECONNRESET,10.0.3.44:8443
2026-07-02 17:36:25.087,ERROR,worker,18294,upstream call failed request_id=13d03782c9e5fec7 err=ECONNRESET upstream=10.0.3.44:8443 (retries exhausted),,,13d03782c9e5fec7,,ECONNRESET,10.0.3.44:8443
2026-07-02 17:36:42.000,ERROR,metrics-worker,18303,AnalyticsUploadTimeout: failed to push metrics batch to analytics.internal:9092 (attempt 1/3),,AnalyticsUploadTimeout,,,,
2026-07-02 17:36:55.265,ERROR,worker,18311,upstream call failed request_id=8df3b573ef3c8446 err=ECONNRESET upstream=10.0.3.44:8443 (retries exhausted),,,8df3b573ef3c8446,,ECONNRESET,10.0.3.44:8443
2026-07-02 17:37:49.399,ERROR,worker,18340,upstream call failed request_id=7fdc8515ec4b281f err=ECONNRESET upstream=10.0.3.44:8443 (retries exhausted),,,7fdc8515ec4b281f,,ECONNRESET,10.0.3.44:8443
2026-07-02 17:37:57.921,ERROR,worker,18346,upstream call failed request_id=50c8c3a9fe40f529 err=ECONNRESET upstream=10.0.3.44:8443 (retries exhausted),,,50c8c3a9fe40f529,,ECONNRESET,10.0.3.44:8443
2026-07-02 17:38:16.640,ERROR,worker,18358,upstream call failed request_id=a2b8ea2bf23bbbe5 err=ECONNRESET upstream=10.0.3.44:8443 (retries exhausted),,,a2b8ea2bf23bbbe5,,ECONNRESET,10.0.3.44:8443
2026-07-02 17:39:07.590,ERROR,worker,18387,upstream call failed request_id=3502349da651a9eb err=ECONNRESET upstream=10.0.3.44:8443 (retries exhausted),,,3502349da651a9eb,,ECONNRESET,10.0.3.44:8443
2026-07-02 17:39:12.000,ERROR,metrics-worker,18389,AnalyticsUploadTimeout: failed to push metrics batch to analytics.internal:9092 (attempt 1/3),,AnalyticsUploadTimeout,,,,
2026-07-02 17:39:17.459,ERROR,worker,18394,upstream call failed request_id=50e3abe70e5219b9 err=ECONNRESET upstream=10.0.3.44:8443 (retries exhausted),,,50e3abe70e5219b9,,ECONNRESET,10.0.3.44:8443
2026-07-02 17:39:23.945,ERROR,worker,18397,upstream call failed request_id=17e1d8b8cc0d88f8 err=ECONNRESET upstream=10.0.3.44:8443 (retries exhausted),,,17e1d8b8cc0d88f8,,ECONNRESET,10.0.3.44:8443
2026-07-02 17:39:28.929,ERROR,worker,18401,upstream call failed request_id=02901ba3d62d8c74 err=ECONNRESET upstream=10.0.3.44:8443 (retries exhausted),,,02901ba3d62d8c74,,ECONNRESET,10.0.3.44:8443
2026-07-02 17:39:45.800,ERROR,worker,18410,upstream call failed request_id=22e4670105b39565 err=ECONNRESET upstream=10.0.3.44:8443 (retries exhausted),,,22e4670105b39565,,ECONNRESET,10.0.3.44:8443
2026-07-02 17:39:54.514,ERROR,worker,18412,upstream call failed request_id=a025161a03e46283 err=ECONNRESET upstream=10.0.3.44:8443 (retries exhausted),,,a025161a03e46283,,ECONNRESET,10.0.3.44:8443
2026-07-02 17:40:06.010,ERROR,worker,18419,upstream call failed request_id=f3652156b14d1607 err=ECONNRESET upstream=10.0.3.44:8443 (retries exhausted),,,f3652156b14d1607,,ECONNRESET,10.0.3.44:8443
2026-07-02 17:40:15.910,ERROR,worker,18427,upstream call failed request_id=f5c679edfa7c8740 err=ECONNRESET upstream=10.0.3.44:8443 (retries exhausted),,,f5c679edfa7c8740,,ECONNRESET,10.0.3.44:8443
2026-07-02 17:40:50.199,ERROR,worker,18443,upstream call failed request_id=bf01465c9f545a02 err=ECONNRESET upstream=10.0.3.44:8443 (retries exhausted),,,bf01465c9f545a02,,ECONNRESET,10.0.3.44:8443
2026-07-02 17:40:56.965,ERROR,worker,18446,upstream call failed request_id=69972c8247155743 err=ECONNRESET upstream=10.0.3.44:8443 (retries exhausted),,,69972c8247155743,,ECONNRESET,10.0.3.44:8443
2026-07-02 17:41:01.435,ERROR,worker,18448,upstream call failed request_id=dae21cf92792537d err=ECONNRESET upstream=10.0.3.44:8443 (retries exhausted),,,dae21cf92792537d,,ECONNRESET,10.0.3.44:8443
2026-07-02 17:41:27.785,ERROR,worker,18459,upstream call failed request_id=88a43a99da9cad94 err=ECONNRESET upstream=10.0.3.44:8443 (retries exhausted),,,88a43a99da9cad94,,ECONNRESET,10.0.3.44:8443
2026-07-02 17:41:33.956,ERROR,worker,18464,upstream call failed request_id=d1d28a3241065a17 err=ECONNRESET upstream=10.0.3.44:8443 (retries exhausted),,,d1d28a3241065a17,,ECONNRESET,10.0.3.44:8443
2026-07-02 17:41:37.440,ERROR,worker,18466,upstream call failed request_id=f3c0bd4f9c514b96 err=ECONNRESET upstream=10.0.3.44:8443 (retries exhausted),,,f3c0bd4f9c514b96,,ECONNRESET,10.0.3.44:8443
2026-07-02 17:41:38.000,ERROR,metrics-worker,18467,AnalyticsUploadTimeout: failed to push metrics batch to analytics.internal:9092 (attempt 1/3),,AnalyticsUploadTimeout,,,,
2026-07-02 17:41:40.635,ERROR,worker,18469,upstream call failed request_id=7ac6c5ac4b11348d err=ECONNRESET upstream=10.0.3.44:8443 (retries exhausted),,,7ac6c5ac4b11348d,,ECONNRESET,10.0.3.44:8443
2026-07-02 17:41:44.517,ERROR,worker,18473,upstream call failed request_id=cb8494bc9a0072f4 err=ECONNRESET upstream=10.0.3.44:8443 (retries exhausted),,,cb8494bc9a0072f4,,ECONNRESET,10.0.3.44:8443
2026-07-02 17:41:45.887,ERROR,worker,18474,upstream call failed request_id=7dd771cf165b2f75 err=ECONNRESET upstream=10.0.3.44:8443 (retries exhausted),,,7dd771cf165b2f75,,ECONNRESET,10.0.3.44:8443
2026-07-02 17:41:46.204,ERROR,worker,18475,upstream call failed request_id=b8dbe13f7c4d6deb err=ECONNRESET upstream=10.0.3.44:8443 (retries exhausted),,,b8dbe13f7c4d6deb,,ECONNRESET,10.0.3.44:8443
2026-07-02 17:42:04.541,ERROR,worker,18485,upstream call failed request_id=0db12e40300e9bf2 err=ECONNRESET upstream=10.0.3.44:8443 (retries exhausted),,,0db12e40300e9bf2,,ECONNRESET,10.0.3.44:8443
2026-07-02 17:42:35.264,ERROR,worker,18496,upstream call failed request_id=f4d573ad00676836 err=ECONNRESET upstream=10.0.3.44:8443 (retries exhausted),,,f4d573ad00676836,,ECONNRESET,10.0.3.44:8443
2026-07-02 17:42:38.651,ERROR,worker,18498,upstream call failed request_id=47d9fef8f4627e65 err=ECONNRESET upstream=10.0.3.44:8443 (retries exhausted),,,47d9fef8f4627e65,,ECONNRESET,10.0.3.44:8443
2026-07-02 17:42:45.931,ERROR,worker,18505,upstream call failed request_id=a9ce527b3bd708e8 err=ECONNRESET upstream=10.0.3.44:8443 (retries exhausted),,,a9ce527b3bd708e8,,ECONNRESET,10.0.3.44:8443
2026-07-02 17:42:47.406,ERROR,worker,18507,upstream call failed request_id=65c2b5f45c4ccfa1 err=ECONNRESET upstream=10.0.3.44:8443 (retries exhausted),,,65c2b5f45c4ccfa1,,ECONNRESET,10.0.3.44:8443
2026-07-02 17:42:52.487,ERROR,worker,18511,upstream call failed request_id=a7f16e3ba4626613 err=ECONNRESET upstream=10.0.3.44:8443 (retries exhausted),,,a7f16e3ba4626613,,ECONNRESET,10.0.3.44:8443
2026-07-02 17:42:53.019,ERROR,worker,18512,upstream call failed request_id=aaec66b0500f0e4c err=ECONNRESET upstream=10.0.3.44:8443 (retries exhausted),,,aaec66b0500f0e4c,,ECONNRESET,10.0.3.44:8443
2026-07-02 17:42:56.000,ERROR,metrics-worker,18514,AnalyticsUploadTimeout: failed to push metrics batch to analytics.internal:9092 (attempt 3/3),,AnalyticsUploadTimeout,,,,
2026-07-02 17:43:19.628,ERROR,worker,18531,upstream call failed request_id=41a26237a30ffba8 err=ECONNRESET upstream=10.0.3.44:8443 (retries exhausted),,,41a26237a30ffba8,,ECONNRESET,10.0.3.44:8443
2026-07-02 17:43:20.853,ERROR,worker,18532,upstream call failed request_id=6c85cbb896d83722 err=ECONNRESET upstream=10.0.3.44:8443 (retries exhausted),,,6c85cbb896d83722,,ECONNRESET,10.0.3.44:8443
2026-07-02 17:43:25.581,ERROR,worker,18537,upstream call failed request_id=5ad859b1dc57a6ee err=ECONNRESET upstream=10.0.3.44:8443 (retries exhausted),,,5ad859b1dc57a6ee,,ECONNRESET,10.0.3.44:8443
2026-07-02 17:43:27.196,ERROR,worker,18539,upstream call failed request_id=7901ce040ed1d83d err=ECONNRESET upstream=10.0.3.44:8443 (retries exhausted),,,7901ce040ed1d83d,,ECONNRESET,10.0.3.44:8443
2026-07-02 17:43:31.929,ERROR,worker,18540,upstream call failed request_id=826256b3e0037a8b err=ECONNRESET upstream=10.0.3.44:8443 (retries exhausted),,,826256b3e0037a8b,,ECONNRESET,10.0.3.44:8443
2026-07-02 17:43:39.091,ERROR,worker,18544,upstream call failed request_id=c30951842192466c err=ECONNRESET upstream=10.0.3.44:8443 (retries exhausted),,,c30951842192466c,,ECONNRESET,10.0.3.44:8443
2026-07-02 17:43:41.952,ERROR,worker,18546,upstream call failed request_id=305b2509caccb8b0 err=ECONNRESET upstream=10.0.3.44:8443 (retries exhausted),,,305b2509caccb8b0,,ECONNRESET,10.0.3.44:8443
2026-07-02 17:43:42.651,ERROR,worker,18547,upstream call failed request_id=68929b9648ffbc79 err=ECONNRESET upstream=10.0.3.44:8443 (retries exhausted),,,68929b9648ffbc79,,ECONNRESET,10.0.3.44:8443
2026-07-02 17:43:47.716,ERROR,worker,18552,upstream call failed request_id=d807dae2df472021 err=ECONNRESET upstream=10.0.3.44:8443 (retries exhausted),,,d807dae2df472021,,ECONNRESET,10.0.3.44:8443
2026-07-02 17:44:19.664,ERROR,worker,18573,upstream call failed request_id=4873c2d95f8973e9 err=ECONNRESET upstream=10.0.3.44:8443 (retries exhausted),,,4873c2d95f8973e9,,ECONNRESET,10.0.3.44:8443
2026-07-02 17:44:44.000,ERROR,metrics-worker,18586,AnalyticsUploadTimeout: failed to push metrics batch to analytics.internal:9092 (attempt 1/3),,AnalyticsUploadTimeout,,,,
2026-07-02 17:44:45.897,ERROR,worker,18587,upstream call failed request_id=d8a35cfb1935b012 err=ECONNRESET upstream=10.0.3.44:8443 (retries exhausted),,,d8a35cfb1935b012,,ECONNRESET,10.0.3.44:8443
2026-07-02 17:44:46.422,ERROR,worker,18588,upstream call failed request_id=fd9c480863e21372 err=ECONNRESET upstream=10.0.3.44:8443 (retries exhausted),,,fd9c480863e21372,,ECONNRESET,10.0.3.44:8443
2026-07-02 17:45:03.143,ERROR,worker,18594,upstream call failed request_id=8b214f46cd03ce91 err=ECONNRESET upstream=10.0.3.44:8443 (retries exhausted),,,8b214f46cd03ce91,,ECONNRESET,10.0.3.44:8443
2026-07-02 17:45:12.138,ERROR,worker,18597,upstream call failed request_id=7054aa3d7e38c731 err=ECONNRESET upstream=10.0.3.44:8443 (retries exhausted),,,7054aa3d7e38c731,,ECONNRESET,10.0.3.44:8443
2026-07-02 17:45:14.817,ERROR,worker,18599,upstream call failed request_id=4b1867759f487215 err=ECONNRESET upstream=10.0.3.44:8443 (retries exhausted),,,4b1867759f487215,,ECONNRESET,10.0.3.44:8443
2026-07-02 17:45:27.318,ERROR,worker,18608,upstream call failed request_id=90554f1697974320 err=ECONNRESET upstream=10.0.3.44:8443 (retries exhausted),,,90554f1697974320,,ECONNRESET,10.0.3.44:8443
2026-07-02 17:45:34.421,ERROR,worker,18614,upstream call failed request_id=fcfd0deee5436b5a err=ECONNRESET upstream=10.0.3.44:8443 (retries exhausted),,,fcfd0deee5436b5a,,ECONNRESET,10.0.3.44:8443
2026-07-02 17:45:37.800,ERROR,worker,18618,upstream call failed request_id=5a7d90d3e9693c0e err=ECONNRESET upstream=10.0.3.44:8443 (retries exhausted),,,5a7d90d3e9693c0e,,ECONNRESET,10.0.3.44:8443
2026-07-02 17:45:42.361,ERROR,worker,18624,upstream call failed request_id=9f8b937645b9eef3 err=ECONNRESET upstream=10.0.3.44:8443 (retries exhausted),,,9f8b937645b9eef3,,ECONNRESET,10.0.3.44:8443
2026-07-02 17:46:16.554,ERROR,worker,18642,upstream call failed request_id=9f9825da4c11eb67 err=ECONNRESET upstream=10.0.3.44:8443 (retries exhausted),,,9f9825da4c11eb67,,ECONNRESET,10.0.3.44:8443
2026-07-02 17:46:17.694,ERROR,worker,18644,upstream call failed request_id=a4fa4c9fbd41c48e err=ECONNRESET upstream=10.0.3.44:8443 (retries exhausted),,,a4fa4c9fbd41c48e,,ECONNRESET,10.0.3.44:8443
2026-07-02 17:46:17.831,ERROR,worker,18645,upstream call failed request_id=8de00c78f5fc74b8 err=ECONNRESET upstream=10.0.3.44:8443 (retries exhausted),,,8de00c78f5fc74b8,,ECONNRESET,10.0.3.44:8443
2026-07-02 17:46:18.377,ERROR,worker,18646,upstream call failed request_id=00110a89bf90c8b1 err=ECONNRESET upstream=10.0.3.44:8443 (retries exhausted),,,00110a89bf90c8b1,,ECONNRESET,10.0.3.44:8443
2026-07-02 17:46:31.547,ERROR,worker,18652,upstream call failed request_id=2119c286769e7926 err=ECONNRESET upstream=10.0.3.44:8443 (retries exhausted),,,2119c286769e7926,,ECONNRESET,10.0.3.44:8443
2026-07-02 17:46:37.414,ERROR,worker,18654,upstream call failed request_id=af9578ca539de6e9 err=ECONNRESET upstream=10.0.3.44:8443 (retries exhausted),,,af9578ca539de6e9,,ECONNRESET,10.0.3.44:8443
2026-07-02 17:46:43.000,ERROR,metrics-worker,18657,AnalyticsUploadTimeout: failed to push metrics batch to analytics.internal:9092 (attempt 1/3),,AnalyticsUploadTimeout,,,,
2026-07-02 17:46:50.771,ERROR,worker,18662,upstream call failed request_id=416a65e90553878e err=ECONNRESET upstream=10.0.3.44:8443 (retries exhausted),,,416a65e90553878e,,ECONNRESET,10.0.3.44:8443
2026-07-02 17:47:01.654,ERROR,worker,18669,upstream call failed request_id=52e95306c457de0d err=ECONNRESET upstream=10.0.3.44:8443 (retries exhausted),,,52e95306c457de0d,,ECONNRESET,10.0.3.44:8443
2026-07-02 17:47:05.757,ERROR,worker,18671,upstream call failed request_id=2cf348fecfebcc3b err=ECONNRESET upstream=10.0.3.44:8443 (retries exhausted),,,2cf348fecfebcc3b,,ECONNRESET,10.0.3.44:8443
2026-07-02 17:47:12.429,ERROR,worker,18674,upstream call failed request_id=9ab0d4a363f55cdd err=ECONNRESET upstream=10.0.3.44:8443 (retries exhausted),,,9ab0d4a363f55cdd,,ECONNRESET,10.0.3.44:8443
2026-07-02 17:47:32.166,ERROR,worker,18687,upstream call failed request_id=f0251e86064f7897 err=ECONNRESET upstream=10.0.3.44:8443 (retries exhausted),,,f0251e86064f7897,,ECONNRESET,10.0.3.44:8443
2026-07-02 17:47:40.623,ERROR,worker,18694,upstream call failed request_id=fc8aa55013473ae5 err=ECONNRESET upstream=10.0.3.44:8443 (retries exhausted),,,fc8aa55013473ae5,,ECONNRESET,10.0.3.44:8443
2026-07-02 17:48:02.000,ERROR,metrics-worker,18707,AnalyticsUploadTimeout: failed to push metrics batch to analytics.internal:9092 (attempt 2/3),,AnalyticsUploadTimeout,,,,
2026-07-02 17:48:32.345,ERROR,worker,18718,upstream call failed request_id=c9341dee0bf67216 err=ECONNRESET upstream=10.0.3.44:8443 (retries exhausted),,,c9341dee0bf67216,,ECONNRESET,10.0.3.44:8443
2026-07-02 17:48:50.351,ERROR,worker,18730,upstream call failed request_id=c82adc8d0dab9504 err=ECONNRESET upstream=10.0.3.44:8443 (retries exhausted),,,c82adc8d0dab9504,,ECONNRESET,10.0.3.44:8443
2026-07-02 17:49:23.543,ERROR,worker,18747,upstream call failed request_id=2ba25ef0cffdadaa err=ECONNRESET upstream=10.0.3.44:8443 (retries exhausted),,,2ba25ef0cffdadaa,,ECONNRESET,10.0.3.44:8443
2026-07-02 17:49:24.523,ERROR,worker,18751,upstream call failed request_id=8e228368af08ba72 err=ECONNRESET upstream=10.0.3.44:8443 (retries exhausted),,,8e228368af08ba72,,ECONNRESET,10.0.3.44:8443
2026-07-02 17:49:25.406,ERROR,worker,18752,upstream call failed request_id=56180960e1e76603 err=ECONNRESET upstream=10.0.3.44:8443 (retries exhausted),,,56180960e1e76603,,ECONNRESET,10.0.3.44:8443
2026-07-02 17:49:48.911,ERROR,worker,18760,upstream call failed request_id=f1fd480cd35a0a4e err=ECONNRESET upstream=10.0.3.44:8443 (retries exhausted),,,f1fd480cd35a0a4e,,ECONNRESET,10.0.3.44:8443
2026-07-02 17:50:03.744,ERROR,worker,18770,upstream call failed request_id=25d810e5cb07b5f4 err=ECONNRESET upstream=10.0.3.44:8443 (retries exhausted),,,25d810e5cb07b5f4,,ECONNRESET,10.0.3.44:8443
2026-07-02 17:50:05.618,ERROR,worker,18771,upstream call failed request_id=39f9bd72d788f1ac err=ECONNRESET upstream=10.0.3.44:8443 (retries exhausted),,,39f9bd72d788f1ac,,ECONNRESET,10.0.3.44:8443
2026-07-02 17:50:08.414,ERROR,worker,18772,upstream call failed request_id=8fa4115fbd0b536e err=ECONNRESET upstream=10.0.3.44:8443 (retries exhausted),,,8fa4115fbd0b536e,,ECONNRESET,10.0.3.44:8443
2026-07-02 17:50:12.227,ERROR,worker,18775,upstream call failed request_id=9a413ebd0883d4db err=ECONNRESET upstream=10.0.3.44:8443 (retries exhausted),,,9a413ebd0883d4db,,ECONNRESET,10.0.3.44:8443
2026-07-02 17:50:21.647,ERROR,worker,18777,upstream call failed request_id=80add5c2d33b6bac err=ECONNRESET upstream=10.0.3.44:8443 (retries exhausted),,,80add5c2d33b6bac,,ECONNRESET,10.0.3.44:8443
2026-07-02 17:50:27.646,ERROR,worker,18781,upstream call failed request_id=681fb9731d6e671d err=ECONNRESET upstream=10.0.3.44:8443 (retries exhausted),,,681fb9731d6e671d,,ECONNRESET,10.0.3.44:8443
2026-07-02 17:50:31.000,ERROR,metrics-worker,18783,AnalyticsUploadTimeout: failed to push metrics batch to analytics.internal:9092 (attempt 2/3),,AnalyticsUploadTimeout,,,,
2026-07-02 17:50:34.520,ERROR,worker,18786,upstream call failed request_id=bd346b77a892dd57 err=ECONNRESET upstream=10.0.3.44:8443 (retries exhausted),,,bd346b77a892dd57,,ECONNRESET,10.0.3.44:8443
2026-07-02 17:50:42.544,ERROR,worker,18793,upstream call failed request_id=b542d8f4d68a3352 err=ECONNRESET upstream=10.0.3.44:8443 (retries exhausted),,,b542d8f4d68a3352,,ECONNRESET,10.0.3.44:8443
2026-07-02 17:50:53.280,ERROR,worker,18799,upstream call failed request_id=d573a40a09cef62e err=ECONNRESET upstream=10.0.3.44:8443 (retries exhausted),,,d573a40a09cef62e,,ECONNRESET,10.0.3.44:8443
2026-07-02 17:50:58.007,ERROR,worker,18800,upstream call failed request_id=a2ba77eb09016860 err=ECONNRESET upstream=10.0.3.44:8443 (retries exhausted),,,a2ba77eb09016860,,ECONNRESET,10.0.3.44:8443
2026-07-02 17:51:07.719,ERROR,worker,18802,upstream call failed request_id=b15b23230791299c err=ECONNRESET upstream=10.0.3.44:8443 (retries exhausted),,,b15b23230791299c,,ECONNRESET,10.0.3.44:8443
2026-07-02 17:51:17.607,ERROR,worker,18809,upstream call failed request_id=b3aa65a42478374a err=ECONNRESET upstream=10.0.3.44:8443 (retries exhausted),,,b3aa65a42478374a,,ECONNRESET,10.0.3.44:8443
2026-07-02 17:51:31.179,ERROR,worker,18818,upstream call failed request_id=db74461255dd3b3f err=ECONNRESET upstream=10.0.3.44:8443 (retries exhausted),,,db74461255dd3b3f,,ECONNRESET,10.0.3.44:8443
2026-07-02 17:51:38.796,ERROR,worker,18825,upstream call failed request_id=8bcf174414745c1d err=ECONNRESET upstream=10.0.3.44:8443 (retries exhausted),,,8bcf174414745c1d,,ECONNRESET,10.0.3.44:8443
2026-07-02 17:51:44.217,ERROR,worker,18827,upstream call failed request_id=6c44a660eb7512ea err=ECONNRESET upstream=10.0.3.44:8443 (retries exhausted),,,6c44a660eb7512ea,,ECONNRESET,10.0.3.44:8443
2026-07-02 17:52:06.048,ERROR,worker,18838,upstream call failed request_id=a5547d1f5aac8d17 err=ECONNRESET upstream=10.0.3.44:8443 (retries exhausted),,,a5547d1f5aac8d17,,ECONNRESET,10.0.3.44:8443
2026-07-02 17:52:17.140,ERROR,worker,18842,upstream call failed request_id=caf14207c482363b err=ECONNRESET upstream=10.0.3.44:8443 (retries exhausted),,,caf14207c482363b,,ECONNRESET,10.0.3.44:8443
2026-07-02 17:52:23.000,ERROR,metrics-worker,18848,AnalyticsUploadTimeout: failed to push metrics batch to analytics.internal:9092 (attempt 3/3),,AnalyticsUploadTimeout,,,,
2026-07-02 17:52:45.951,ERROR,worker,18857,upstream call failed request_id=d08111e4bb9143e3 err=ECONNRESET upstream=10.0.3.44:8443 (retries exhausted),,,d08111e4bb9143e3,,ECONNRESET,10.0.3.44:8443
2026-07-02 17:52:52.708,ERROR,worker,18864,upstream call failed request_id=fa20a91703a9a5fe err=ECONNRESET upstream=10.0.3.44:8443 (retries exhausted),,,fa20a91703a9a5fe,,ECONNRESET,10.0.3.44:8443
2026-07-02 17:53:03.443,ERROR,worker,18873,upstream call failed request_id=fab382b3df269056 err=ECONNRESET upstream=10.0.3.44:8443 (retries exhausted),,,fab382b3df269056,,ECONNRESET,10.0.3.44:8443
2026-07-02 17:53:11.863,ERROR,worker,18878,upstream call failed request_id=df35afd782b024c4 err=ECONNRESET upstream=10.0.3.44:8443 (retries exhausted),,,df35afd782b024c4,,ECONNRESET,10.0.3.44:8443
2026-07-02 17:53:20.092,ERROR,worker,18885,upstream call failed request_id=43b03cfaee8e0336 err=ECONNRESET upstream=10.0.3.44:8443 (retries exhausted),,,43b03cfaee8e0336,,ECONNRESET,10.0.3.44:8443
2026-07-02 17:53:20.342,ERROR,worker,18886,upstream call failed request_id=f06822de02347ec4 err=ECONNRESET upstream=10.0.3.44:8443 (retries exhausted),,,f06822de02347ec4,,ECONNRESET,10.0.3.44:8443
2026-07-02 17:53:33.476,ERROR,worker,18893,upstream call failed request_id=53a9b3ff409a1662 err=ECONNRESET upstream=10.0.3.44:8443 (retries exhausted),,,53a9b3ff409a1662,,ECONNRESET,10.0.3.44:8443
2026-07-02 17:53:42.000,ERROR,metrics-worker,18898,AnalyticsUploadTimeout: failed to push metrics batch to analytics.internal:9092 (attempt 3/3),,AnalyticsUploadTimeout,,,,
2026-07-02 17:53:51.136,ERROR,worker,18903,upstream call failed request_id=739f38afb2f5fcb1 err=ECONNRESET upstream=10.0.3.44:8443 (retries exhausted),,,739f38afb2f5fcb1,,ECONNRESET,10.0.3.44:8443
2026-07-02 17:53:54.304,ERROR,worker,18907,upstream call failed request_id=3ccfd10a6bf6b02b err=ECONNRESET upstream=10.0.3.44:8443 (retries exhausted),,,3ccfd10a6bf6b02b,,ECONNRESET,10.0.3.44:8443
2026-07-02 17:53:54.657,ERROR,worker,18908,upstream call failed request_id=e7e53a998496e218 err=ECONNRESET upstream=10.0.3.44:8443 (retries exhausted),,,e7e53a998496e218,,ECONNRESET,10.0.3.44:8443
2026-07-02 17:54:11.672,ERROR,worker,18916,upstream call failed request_id=7de357c7b00d1bb3 err=ECONNRESET upstream=10.0.3.44:8443 (retries exhausted),,,7de357c7b00d1bb3,,ECONNRESET,10.0.3.44:8443
2026-07-02 17:54:14.053,ERROR,worker,18918,upstream call failed request_id=3bc83ce299b721ae err=ECONNRESET upstream=10.0.3.44:8443 (retries exhausted),,,3bc83ce299b721ae,,ECONNRESET,10.0.3.44:8443
2026-07-02 17:54:15.071,ERROR,worker,18919,upstream call failed request_id=d9447b50156db1b1 err=ECONNRESET upstream=10.0.3.44:8443 (retries exhausted),,,d9447b50156db1b1,,ECONNRESET,10.0.3.44:8443
2026-07-02 17:54:22.186,ERROR,worker,18923,upstream call failed request_id=d4e4dd3b5c0dcb33 err=ECONNRESET upstream=10.0.3.44:8443 (retries exhausted),,,d4e4dd3b5c0dcb33,,ECONNRESET,10.0.3.44:8443
2026-07-02 17:54:47.226,ERROR,worker,18943,upstream call failed request_id=401fbc3fb3c2eb5d err=ECONNRESET upstream=10.0.3.44:8443 (retries exhausted),,,401fbc3fb3c2eb5d,,ECONNRESET,10.0.3.44:8443
2026-07-02 17:55:01.000,ERROR,metrics-worker,18951,AnalyticsUploadTimeout: failed to push metrics batch to analytics.internal:9092 (attempt 2/3),,AnalyticsUploadTimeout,,,,
2026-07-02 17:55:06.214,ERROR,worker,18952,upstream call failed request_id=fa892081fb525814 err=ECONNRESET upstream=10.0.3.44:8443 (retries exhausted),,,fa892081fb525814,,ECONNRESET,10.0.3.44:8443
2026-07-02 17:55:32.513,ERROR,worker,18966,upstream call failed request_id=bd654c93bbd60052 err=ECONNRESET upstream=10.0.3.44:8443 (retries exhausted),,,bd654c93bbd60052,,ECONNRESET,10.0.3.44:8443
2026-07-02 17:55:42.006,ERROR,worker,18974,upstream call failed request_id=777a751402d02fc2 err=ECONNRESET upstream=10.0.3.44:8443 (retries exhausted),,,777a751402d02fc2,,ECONNRESET,10.0.3.44:8443
2026-07-02 17:55:55.738,ERROR,worker,18984,upstream call failed request_id=53bbd996fe215a49 err=ECONNRESET upstream=10.0.3.44:8443 (retries exhausted),,,53bbd996fe215a49,,ECONNRESET,10.0.3.44:8443
2026-07-02 17:55:58.650,ERROR,worker,18989,upstream call failed request_id=bc14d2094311718d err=ECONNRESET upstream=10.0.3.44:8443 (retries exhausted),,,bc14d2094311718d,,ECONNRESET,10.0.3.44:8443
2026-07-02 17:56:00.108,ERROR,worker,18990,upstream call failed request_id=d3bb5914048bd019 err=ECONNRESET upstream=10.0.3.44:8443 (retries exhausted),,,d3bb5914048bd019,,ECONNRESET,10.0.3.44:8443
2026-07-02 17:56:04.167,ERROR,worker,18993,upstream call failed request_id=f4b2ab625d253ae8 err=ECONNRESET upstream=10.0.3.44:8443 (retries exhausted),,,f4b2ab625d253ae8,,ECONNRESET,10.0.3.44:8443
2026-07-02 17:56:45.825,ERROR,worker,19017,upstream call failed request_id=3562e8d5b6160832 err=ECONNRESET upstream=10.0.3.44:8443 (retries exhausted),,,3562e8d5b6160832,,ECONNRESET,10.0.3.44:8443
2026-07-02 17:56:51.752,ERROR,worker,19022,upstream call failed request_id=6e71a887963a4424 err=ECONNRESET upstream=10.0.3.44:8443 (retries exhausted),,,6e71a887963a4424,,ECONNRESET,10.0.3.44:8443
2026-07-02 17:57:03.096,ERROR,worker,19027,upstream call failed request_id=eb9bb1e8fa06c30f err=ECONNRESET upstream=10.0.3.44:8443 (retries exhausted),,,eb9bb1e8fa06c30f,,ECONNRESET,10.0.3.44:8443
2026-07-02 17:57:10.000,ERROR,metrics-worker,19033,AnalyticsUploadTimeout: failed to push metrics batch to analytics.internal:9092 (attempt 2/3),,AnalyticsUploadTimeout,,,,
2026-07-02 17:57:18.916,ERROR,worker,19037,upstream call failed request_id=8efa1bd222bc7af7 err=ECONNRESET upstream=10.0.3.44:8443 (retries exhausted),,,8efa1bd222bc7af7,,ECONNRESET,10.0.3.44:8443
2026-07-02 17:57:27.651,ERROR,worker,19039,upstream call failed request_id=bd8e670749d09955 err=ECONNRESET upstream=10.0.3.44:8443 (retries exhausted),,,bd8e670749d09955,,ECONNRESET,10.0.3.44:8443
2026-07-02 17:58:03.732,ERROR,worker,19074,upstream call failed request_id=10dec50d1325443e err=ECONNRESET upstream=10.0.3.44:8443 (retries exhausted),,,10dec50d1325443e,,ECONNRESET,10.0.3.44:8443
2026-07-02 17:58:39.938,ERROR,worker,19095,upstream call failed request_id=c39fc01a760feabf err=ECONNRESET upstream=10.0.3.44:8443 (retries exhausted),,,c39fc01a760feabf,,ECONNRESET,10.0.3.44:8443
2026-07-02 17:59:02.000,ERROR,metrics-worker,19104,AnalyticsUploadTimeout: failed to push metrics batch to analytics.internal:9092 (attempt 1/3),,AnalyticsUploadTimeout,,,,
2026-07-02 17:59:04.415,ERROR,worker,19105,upstream call failed request_id=00c8617d73645644 err=ECONNRESET upstream=10.0.3.44:8443 (retries exhausted),,,00c8617d73645644,,ECONNRESET,10.0.3.44:8443
2026-07-02 17:59:04.475,ERROR,worker,19106,upstream call failed request_id=b17ae2adeddf6829 err=ECONNRESET upstream=10.0.3.44:8443 (retries exhausted),,,b17ae2adeddf6829,,ECONNRESET,10.0.3.44:8443
2026-07-02 17:59:23.131,ERROR,worker,19114,upstream call failed request_id=5ba83834aae095a3 err=ECONNRESET upstream=10.0.3.44:8443 (retries exhausted),,,5ba83834aae095a3,,ECONNRESET,10.0.3.44:8443
2026-07-02 17:59:23.492,ERROR,worker,19115,upstream call failed request_id=5d4a2ab9023180d9 err=ECONNRESET upstream=10.0.3.44:8443 (retries exhausted),,,5d4a2ab9023180d9,,ECONNRESET,10.0.3.44:8443
2026-07-02 17:59:41.715,ERROR,worker,19124,upstream call failed request_id=cb67daf4048963dd err=ECONNRESET upstream=10.0.3.44:8443 (retries exhausted),,,cb67daf4048963dd,,ECONNRESET,10.0.3.44:8443
2026-07-02 17:59:48.746,ERROR,worker,19126,upstream call failed request_id=6abf973a3dc3c5c5 err=ECONNRESET upstream=10.0.3.44:8443 (retries exhausted),,,6abf973a3dc3c5c5,,ECONNRESET,10.0.3.44:8443
2026-07-02 18:00:04.904,ERROR,worker,19134,upstream call failed request_id=8c6b2aca9375e072 err=ECONNRESET upstream=10.0.3.44:8443 (retries exhausted),,,8c6b2aca9375e072,,ECONNRESET,10.0.3.44:8443
2026-07-02 18:00:16.000,ERROR,metrics-worker,19140,AnalyticsUploadTimeout: failed to push metrics batch to analytics.internal:9092 (attempt 1/3),,AnalyticsUploadTimeout,,,,
2026-07-02 18:00:16.800,ERROR,worker,19142,upstream call failed request_id=f427b86df1129922 err=ECONNRESET upstream=10.0.3.44:8443 (retries exhausted),,,f427b86df1129922,,ECONNRESET,10.0.3.44:8443
2026-07-02 18:00:43.180,ERROR,worker,19167,upstream call failed request_id=c5e62fc7cd70fd27 err=ECONNRESET upstream=10.0.3.44:8443 (retries exhausted),,,c5e62fc7cd70fd27,,ECONNRESET,10.0.3.44:8443
2026-07-02 18:00:44.847,ERROR,worker,19168,upstream call failed request_id=3d7934a0abc628bf err=ECONNRESET upstream=10.0.3.44:8443 (retries exhausted),,,3d7934a0abc628bf,,ECONNRESET,10.0.3.44:8443
2026-07-02 18:00:50.473,ERROR,worker,19171,upstream call failed request_id=7d1bdb881ba3c38b err=ECONNRESET upstream=10.0.3.44:8443 (retries exhausted),,,7d1bdb881ba3c38b,,ECONNRESET,10.0.3.44:8443
2026-07-02 18:01:14.266,ERROR,worker,19188,upstream call failed request_id=4a994b099c95c571 err=ECONNRESET upstream=10.0.3.44:8443 (retries exhausted),,,4a994b099c95c571,,ECONNRESET,10.0.3.44:8443
2026-07-02 18:01:25.662,ERROR,worker,19197,upstream call failed request_id=da799dcac1215906 err=ECONNRESET upstream=10.0.3.44:8443 (retries exhausted),,,da799dcac1215906,,ECONNRESET,10.0.3.44:8443
2026-07-02 18:01:36.000,ERROR,metrics-worker,19201,AnalyticsUploadTimeout: failed to push metrics batch to analytics.internal:9092 (attempt 2/3),,AnalyticsUploadTimeout,,,,
2026-07-02 18:01:39.920,ERROR,worker,19203,upstream call failed request_id=ee2c314830338b28 err=ECONNRESET upstream=10.0.3.44:8443 (retries exhausted),,,ee2c314830338b28,,ECONNRESET,10.0.3.44:8443
2026-07-02 18:01:55.918,ERROR,worker,19212,upstream call failed request_id=70ab6b25f5c57918 err=ECONNRESET upstream=10.0.3.44:8443 (retries exhausted),,,70ab6b25f5c57918,,ECONNRESET,10.0.3.44:8443
2026-07-02 18:02:11.729,ERROR,worker,19221,upstream call failed request_id=c044d19b13c1c5ae err=ECONNRESET upstream=10.0.3.44:8443 (retries exhausted),,,c044d19b13c1c5ae,,ECONNRESET,10.0.3.44:8443
2026-07-02 18:02:15.938,ERROR,worker,19224,upstream call failed request_id=8dc81aafe4cf0f4c err=ECONNRESET upstream=10.0.3.44:8443 (retries exhausted),,,8dc81aafe4cf0f4c,,ECONNRESET,10.0.3.44:8443
2026-07-02 18:02:19.595,ERROR,worker,19229,upstream call failed request_id=33a70322e76d3352 err=ECONNRESET upstream=10.0.3.44:8443 (retries exhausted),,,33a70322e76d3352,,ECONNRESET,10.0.3.44:8443
2026-07-02 18:02:32.522,ERROR,worker,19240,upstream call failed request_id=9be7debc11a172a9 err=ECONNRESET upstream=10.0.3.44:8443 (retries exhausted),,,9be7debc11a172a9,,ECONNRESET,10.0.3.44:8443
2026-07-02 18:02:36.566,ERROR,worker,19243,upstream call failed request_id=b68bb21ce13cb50d err=ECONNRESET upstream=10.0.3.44:8443 (retries exhausted),,,b68bb21ce13cb50d,,ECONNRESET,10.0.3.44:8443
2026-07-02 18:03:01.723,ERROR,worker,19254,upstream call failed request_id=7aa0e29eac84e3a6 err=ECONNRESET upstream=10.0.3.44:8443 (retries exhausted),,,7aa0e29eac84e3a6,,ECONNRESET,10.0.3.44:8443
2026-07-02 18:03:03.959,ERROR,worker,19257,upstream call failed request_id=7ed0098e7ea0fc45 err=ECONNRESET upstream=10.0.3.44:8443 (retries exhausted),,,7ed0098e7ea0fc45,,ECONNRESET,10.0.3.44:8443
2026-07-02 18:03:24.236,ERROR,worker,19261,upstream call failed request_id=abfc454fe8dfaa23 err=ECONNRESET upstream=10.0.3.44:8443 (retries exhausted),,,abfc454fe8dfaa23,,ECONNRESET,10.0.3.44:8443
2026-07-02 18:03:27.000,ERROR,metrics-worker,19263,AnalyticsUploadTimeout: failed to push metrics batch to analytics.internal:9092 (attempt 2/3),,AnalyticsUploadTimeout,,,,
2026-07-02 18:03:40.540,ERROR,worker,19270,upstream call failed request_id=d80a1ce82e02e088 err=ECONNRESET upstream=10.0.3.44:8443 (retries exhausted),,,d80a1ce82e02e088,,ECONNRESET,10.0.3.44:8443
2026-07-02 18:03:51.977,ERROR,worker,19282,upstream call failed request_id=1979b8629de70332 err=ECONNRESET upstream=10.0.3.44:8443 (retries exhausted),,,1979b8629de70332,,ECONNRESET,10.0.3.44:8443
2026-07-02 18:03:52.812,ERROR,worker,19283,upstream call failed request_id=b930e0d35b42ba99 err=ECONNRESET upstream=10.0.3.44:8443 (retries exhausted),,,b930e0d35b42ba99,,ECONNRESET,10.0.3.44:8443
2026-07-02 18:03:53.315,ERROR,worker,19284,upstream call failed request_id=326db5a5ace502e0 err=ECONNRESET upstream=10.0.3.44:8443 (retries exhausted),,,326db5a5ace502e0,,ECONNRESET,10.0.3.44:8443
2026-07-02 18:04:02.178,ERROR,worker,19290,upstream call failed request_id=41ddde16c6a7865e err=ECONNRESET upstream=10.0.3.44:8443 (retries exhausted),,,41ddde16c6a7865e,,ECONNRESET,10.0.3.44:8443
2026-07-02 18:04:22.219,ERROR,worker,19298,upstream call failed request_id=2ddbb8ce3ddd8ecb err=ECONNRESET upstream=10.0.3.44:8443 (retries exhausted),,,2ddbb8ce3ddd8ecb,,ECONNRESET,10.0.3.44:8443
2026-07-02 18:05:03.511,ERROR,worker,19322,upstream call failed request_id=4f4eb8c2c88c45f3 err=ECONNRESET upstream=10.0.3.44:8443 (retries exhausted),,,4f4eb8c2c88c45f3,,ECONNRESET,10.0.3.44:8443
2026-07-02 18:05:04.779,ERROR,worker,19323,upstream call failed request_id=a86a407166da6aeb err=ECONNRESET upstream=10.0.3.44:8443 (retries exhausted),,,a86a407166da6aeb,,ECONNRESET,10.0.3.44:8443
2026-07-02 18:05:17.322,ERROR,worker,19329,upstream call failed request_id=de879b4b9b7c0fa8 err=ECONNRESET upstream=10.0.3.44:8443 (retries exhausted),,,de879b4b9b7c0fa8,,ECONNRESET,10.0.3.44:8443
2026-07-02 18:05:40.355,ERROR,worker,19339,upstream call failed request_id=9a16a3c1190c7cab err=ECONNRESET upstream=10.0.3.44:8443 (retries exhausted),,,9a16a3c1190c7cab,,ECONNRESET,10.0.3.44:8443
2026-07-02 18:05:43.000,ERROR,metrics-worker,19341,AnalyticsUploadTimeout: failed to push metrics batch to analytics.internal:9092 (attempt 3/3),,AnalyticsUploadTimeout,,,,
2026-07-02 18:05:49.227,ERROR,worker,19349,upstream call failed request_id=3c91fc90ea290900 err=ECONNRESET upstream=10.0.3.44:8443 (retries exhausted),,,3c91fc90ea290900,,ECONNRESET,10.0.3.44:8443
2026-07-02 18:05:55.025,ERROR,worker,19354,upstream call failed request_id=ee0a70bc2f0ac797 err=ECONNRESET upstream=10.0.3.44:8443 (retries exhausted),,,ee0a70bc2f0ac797,,ECONNRESET,10.0.3.44:8443
2026-07-02 18:06:25.544,ERROR,worker,19378,upstream call failed request_id=82d1c0bc0951ca96 err=ECONNRESET upstream=10.0.3.44:8443 (retries exhausted),,,82d1c0bc0951ca96,,ECONNRESET,10.0.3.44:8443
2026-07-02 18:06:42.065,ERROR,worker,19384,upstream call failed request_id=2ea5134916bc6caa err=ECONNRESET upstream=10.0.3.44:8443 (retries exhausted),,,2ea5134916bc6caa,,ECONNRESET,10.0.3.44:8443
2026-07-02 18:06:56.109,ERROR,worker,19397,upstream call failed request_id=1a0db481593a026c err=ECONNRESET upstream=10.0.3.44:8443 (retries exhausted),,,1a0db481593a026c,,ECONNRESET,10.0.3.44:8443
2026-07-02 18:07:01.496,ERROR,worker,19401,upstream call failed request_id=d671e2e7cadbc5c0 err=ECONNRESET upstream=10.0.3.44:8443 (retries exhausted),,,d671e2e7cadbc5c0,,ECONNRESET,10.0.3.44:8443
2026-07-02 18:07:03.450,ERROR,worker,19403,upstream call failed request_id=f803856aed392c07 err=ECONNRESET upstream=10.0.3.44:8443 (retries exhausted),,,f803856aed392c07,,ECONNRESET,10.0.3.44:8443
2026-07-02 18:07:09.170,ERROR,worker,19407,upstream call failed request_id=1ac9a75e2ac13df3 err=ECONNRESET upstream=10.0.3.44:8443 (retries exhausted),,,1ac9a75e2ac13df3,,ECONNRESET,10.0.3.44:8443
2026-07-02 18:07:12.000,ERROR,metrics-worker,19410,AnalyticsUploadTimeout: failed to push metrics batch to analytics.internal:9092 (attempt 1/3),,AnalyticsUploadTimeout,,,,
2026-07-02 18:07:19.328,ERROR,worker,19415,upstream call failed request_id=ccda54ce8d747e4e err=ECONNRESET upstream=10.0.3.44:8443 (retries exhausted),,,ccda54ce8d747e4e,,ECONNRESET,10.0.3.44:8443
2026-07-02 18:07:26.129,ERROR,worker,19419,upstream call failed request_id=bda75ed12e6e7891 err=ECONNRESET upstream=10.0.3.44:8443 (retries exhausted),,,bda75ed12e6e7891,,ECONNRESET,10.0.3.44:8443
2026-07-02 18:07:35.608,ERROR,worker,19426,upstream call failed request_id=c8dda6fd57c46c88 err=ECONNRESET upstream=10.0.3.44:8443 (retries exhausted),,,c8dda6fd57c46c88,,ECONNRESET,10.0.3.44:8443
2026-07-02 18:07:54.507,ERROR,worker,19440,upstream call failed request_id=7031a53bc3c47030 err=ECONNRESET upstream=10.0.3.44:8443 (retries exhausted),,,7031a53bc3c47030,,ECONNRESET,10.0.3.44:8443
2026-07-02 18:08:08.095,ERROR,worker,19450,upstream call failed request_id=31e7085786a9cb30 err=ECONNRESET upstream=10.0.3.44:8443 (retries exhausted),,,31e7085786a9cb30,,ECONNRESET,10.0.3.44:8443
2026-07-02 18:08:22.388,ERROR,worker,19458,upstream call failed request_id=431478ef46bc588b err=ECONNRESET upstream=10.0.3.44:8443 (retries exhausted),,,431478ef46bc588b,,ECONNRESET,10.0.3.44:8443
2026-07-02 18:08:42.000,ERROR,metrics-worker,19468,AnalyticsUploadTimeout: failed to push metrics batch to analytics.internal:9092 (attempt 3/3),,AnalyticsUploadTimeout,,,,
2026-07-02 18:08:43.764,ERROR,worker,19472,upstream call failed request_id=76fe2a9eea4f502f err=ECONNRESET upstream=10.0.3.44:8443 (retries exhausted),,,76fe2a9eea4f502f,,ECONNRESET,10.0.3.44:8443
2026-07-02 18:08:51.166,ERROR,worker,19476,upstream call failed request_id=a50b5b5ea6f9a375 err=ECONNRESET upstream=10.0.3.44:8443 (retries exhausted),,,a50b5b5ea6f9a375,,ECONNRESET,10.0.3.44:8443
2026-07-02 18:08:56.296,ERROR,worker,19481,upstream call failed request_id=7adee96933a7a8f5 err=ECONNRESET upstream=10.0.3.44:8443 (retries exhausted),,,7adee96933a7a8f5,,ECONNRESET,10.0.3.44:8443
2026-07-02 18:08:56.347,ERROR,worker,19482,upstream call failed request_id=00e29c2af6e0dd65 err=ECONNRESET upstream=10.0.3.44:8443 (retries exhausted),,,00e29c2af6e0dd65,,ECONNRESET,10.0.3.44:8443
2026-07-02 18:08:59.376,ERROR,worker,19485,upstream call failed request_id=8d29a70e57627238 err=ECONNRESET upstream=10.0.3.44:8443 (retries exhausted),,,8d29a70e57627238,,ECONNRESET,10.0.3.44:8443
2026-07-02 18:09:04.108,ERROR,worker,19489,upstream call failed request_id=7e31c05946581f3e err=ECONNRESET upstream=10.0.3.44:8443 (retries exhausted),,,7e31c05946581f3e,,ECONNRESET,10.0.3.44:8443
2026-07-02 18:09:27.283,ERROR,worker,19514,upstream call failed request_id=8557e633c00769a6 err=ECONNRESET upstream=10.0.3.44:8443 (retries exhausted),,,8557e633c00769a6,,ECONNRESET,10.0.3.44:8443
2026-07-02 18:09:30.128,ERROR,worker,19517,upstream call failed request_id=0c137d45e3599a2c err=ECONNRESET upstream=10.0.3.44:8443 (retries exhausted),,,0c137d45e3599a2c,,ECONNRESET,10.0.3.44:8443
2026-07-02 18:09:30.451,ERROR,worker,19518,upstream call failed request_id=4880ebd92d6ea30f err=ECONNRESET upstream=10.0.3.44:8443 (retries exhausted),,,4880ebd92d6ea30f,,ECONNRESET,10.0.3.44:8443
2026-07-02 18:09:32.659,ERROR,worker,19519,upstream call failed request_id=8670050bf7896ae9 err=ECONNRESET upstream=10.0.3.44:8443 (retries exhausted),,,8670050bf7896ae9,,ECONNRESET,10.0.3.44:8443
2026-07-02 18:09:33.909,ERROR,worker,19521,upstream call failed request_id=1a3e6d2b256b790a err=ECONNRESET upstream=10.0.3.44:8443 (retries exhausted),,,1a3e6d2b256b790a,,ECONNRESET,10.0.3.44:8443
2026-07-02 18:09:41.729,ERROR,worker,19526,upstream call failed request_id=8beef09e629ced31 err=ECONNRESET upstream=10.0.3.44:8443 (retries exhausted),,,8beef09e629ced31,,ECONNRESET,10.0.3.44:8443
2026-07-02 18:09:42.440,ERROR,worker,19527,upstream call failed request_id=55329c9bf7285f95 err=ECONNRESET upstream=10.0.3.44:8443 (retries exhausted),,,55329c9bf7285f95,,ECONNRESET,10.0.3.44:8443
2026-07-02 18:10:12.909,ERROR,worker,19537,upstream call failed request_id=1921039b560c0c94 err=ECONNRESET upstream=10.0.3.44:8443 (retries exhausted),,,1921039b560c0c94,,ECONNRESET,10.0.3.44:8443
2026-07-02 18:10:18.018,ERROR,worker,19540,upstream call failed request_id=06a100a1ce4dd7fd err=ECONNRESET upstream=10.0.3.44:8443 (retries exhausted),,,06a100a1ce4dd7fd,,ECONNRESET,10.0.3.44:8443
2026-07-02 18:10:25.000,ERROR,metrics-worker,19545,AnalyticsUploadTimeout: failed to push metrics batch to analytics.internal:9092 (attempt 1/3),,AnalyticsUploadTimeout,,,,
2026-07-02 18:11:23.781,ERROR,worker,19570,upstream call failed request_id=711be0edbb921000 err=ECONNRESET upstream=10.0.3.44:8443 (retries exhausted),,,711be0edbb921000,,ECONNRESET,10.0.3.44:8443
2026-07-02 18:11:29.189,ERROR,worker,19573,upstream call failed request_id=ae813c640d7c9660 err=ECONNRESET upstream=10.0.3.44:8443 (retries exhausted),,,ae813c640d7c9660,,ECONNRESET,10.0.3.44:8443
2026-07-02 18:11:42.362,ERROR,worker,19579,upstream call failed request_id=f44bfd95f67a9b04 err=ECONNRESET upstream=10.0.3.44:8443 (retries exhausted),,,f44bfd95f67a9b04,,ECONNRESET,10.0.3.44:8443
2026-07-02 18:12:00.733,ERROR,worker,19585,upstream call failed request_id=59ca435b855bd0a5 err=ECONNRESET upstream=10.0.3.44:8443 (retries exhausted),,,59ca435b855bd0a5,,ECONNRESET,10.0.3.44:8443
2026-07-02 18:12:06.903,ERROR,worker,19590,upstream call failed request_id=82c5f649a2ba3f3a err=ECONNRESET upstream=10.0.3.44:8443 (retries exhausted),,,82c5f649a2ba3f3a,,ECONNRESET,10.0.3.44:8443
2026-07-02 18:12:07.000,ERROR,metrics-worker,19591,AnalyticsUploadTimeout: failed to push metrics batch to analytics.internal:9092 (attempt 1/3),,AnalyticsUploadTimeout,,,,
2026-07-02 18:12:08.577,ERROR,worker,19592,upstream call failed request_id=972fdae0888716dd err=ECONNRESET upstream=10.0.3.44:8443 (retries exhausted),,,972fdae0888716dd,,ECONNRESET,10.0.3.44:8443
2026-07-02 18:12:16.882,ERROR,worker,19598,upstream call failed request_id=6674ba1aa5deea63 err=ECONNRESET upstream=10.0.3.44:8443 (retries exhausted),,,6674ba1aa5deea63,,ECONNRESET,10.0.3.44:8443
2026-07-02 18:12:28.117,ERROR,worker,19605,upstream call failed request_id=4a90dcbce9162768 err=ECONNRESET upstream=10.0.3.44:8443 (retries exhausted),,,4a90dcbce9162768,,ECONNRESET,10.0.3.44:8443
2026-07-02 18:13:07.260,ERROR,worker,19620,upstream call failed request_id=0153bc29498b0045 err=ECONNRESET upstream=10.0.3.44:8443 (retries exhausted),,,0153bc29498b0045,,ECONNRESET,10.0.3.44:8443
2026-07-02 18:13:08.126,ERROR,worker,19621,upstream call failed request_id=1252c6601dc4af9f err=ECONNRESET upstream=10.0.3.44:8443 (retries exhausted),,,1252c6601dc4af9f,,ECONNRESET,10.0.3.44:8443
2026-07-02 18:13:10.600,ERROR,worker,19623,upstream call failed request_id=2ad22f4058a91e8f err=ECONNRESET upstream=10.0.3.44:8443 (retries exhausted),,,2ad22f4058a91e8f,,ECONNRESET,10.0.3.44:8443
2026-07-02 18:13:25.978,ERROR,worker,19631,upstream call failed request_id=c6d7d9acf2f4a8fe err=ECONNRESET upstream=10.0.3.44:8443 (retries exhausted),,,c6d7d9acf2f4a8fe,,ECONNRESET,10.0.3.44:8443
2026-07-02 18:13:27.002,ERROR,worker,19632,upstream call failed request_id=c08699e248184ccd err=ECONNRESET upstream=10.0.3.44:8443 (retries exhausted),,,c08699e248184ccd,,ECONNRESET,10.0.3.44:8443
2026-07-02 18:13:46.771,ERROR,worker,19647,upstream call failed request_id=0902c74e76cef77c err=ECONNRESET upstream=10.0.3.44:8443 (retries exhausted),,,0902c74e76cef77c,,ECONNRESET,10.0.3.44:8443
2026-07-02 18:13:48.923,ERROR,worker,19649,upstream call failed request_id=90084429ec58aad8 err=ECONNRESET upstream=10.0.3.44:8443 (retries exhausted),,,90084429ec58aad8,,ECONNRESET,10.0.3.44:8443
2026-07-02 18:13:59.247,ERROR,worker,19653,upstream call failed request_id=a88846e5c42d0470 err=ECONNRESET upstream=10.0.3.44:8443 (retries exhausted),,,a88846e5c42d0470,,ECONNRESET,10.0.3.44:8443
2026-07-02 18:14:14.122,ERROR,worker,19661,upstream call failed request_id=b45df49b78f92880 err=ECONNRESET upstream=10.0.3.44:8443 (retries exhausted),,,b45df49b78f92880,,ECONNRESET,10.0.3.44:8443
2026-07-02 18:14:14.742,ERROR,worker,19662,upstream call failed request_id=66b02444a92e5e51 err=ECONNRESET upstream=10.0.3.44:8443 (retries exhausted),,,66b02444a92e5e51,,ECONNRESET,10.0.3.44:8443
2026-07-02 18:14:23.000,ERROR,metrics-worker,19667,AnalyticsUploadTimeout: failed to push metrics batch to analytics.internal:9092 (attempt 2/3),,AnalyticsUploadTimeout,,,,
2026-07-02 18:14:29.322,ERROR,worker,19674,upstream call failed request_id=16625953e0f04df4 err=ECONNRESET upstream=10.0.3.44:8443 (retries exhausted),,,16625953e0f04df4,,ECONNRESET,10.0.3.44:8443
2026-07-02 18:14:32.949,ERROR,worker,19677,upstream call failed request_id=b1e3bc3fea2868c4 err=ECONNRESET upstream=10.0.3.44:8443 (retries exhausted),,,b1e3bc3fea2868c4,,ECONNRESET,10.0.3.44:8443
2026-07-02 18:14:41.451,ERROR,worker,19683,upstream call failed request_id=ce1f05c2e2876bb6 err=ECONNRESET upstream=10.0.3.44:8443 (retries exhausted),,,ce1f05c2e2876bb6,,ECONNRESET,10.0.3.44:8443
2026-07-02 18:15:19.051,ERROR,worker,19707,upstream call failed request_id=a17ca8d7ec828d0f err=ECONNRESET upstream=10.0.3.44:8443 (retries exhausted),,,a17ca8d7ec828d0f,,ECONNRESET,10.0.3.44:8443
2026-07-02 18:15:22.935,ERROR,worker,19710,upstream call failed request_id=19dbdd0c4f77fb99 err=ECONNRESET upstream=10.0.3.44:8443 (retries exhausted),,,19dbdd0c4f77fb99,,ECONNRESET,10.0.3.44:8443
2026-07-02 18:15:27.645,ERROR,worker,19713,upstream call failed request_id=36634978da4f556e err=ECONNRESET upstream=10.0.3.44:8443 (retries exhausted),,,36634978da4f556e,,ECONNRESET,10.0.3.44:8443
2026-07-02 18:15:37.541,ERROR,worker,19721,upstream call failed request_id=35434a44223463dd err=ECONNRESET upstream=10.0.3.44:8443 (retries exhausted),,,35434a44223463dd,,ECONNRESET,10.0.3.44:8443
2026-07-02 18:15:43.065,ERROR,worker,19723,upstream call failed request_id=3385614bb66faa9c err=ECONNRESET upstream=10.0.3.44:8443 (retries exhausted),,,3385614bb66faa9c,,ECONNRESET,10.0.3.44:8443
2026-07-02 18:15:43.799,ERROR,worker,19725,upstream call failed request_id=3adfa936a8baee0e err=ECONNRESET upstream=10.0.3.44:8443 (retries exhausted),,,3adfa936a8baee0e,,ECONNRESET,10.0.3.44:8443
2026-07-02 18:15:46.464,ERROR,worker,19733,upstream call failed request_id=70cafdd92101ccb2 err=ECONNRESET upstream=10.0.3.44:8443 (retries exhausted),,,70cafdd92101ccb2,,ECONNRESET,10.0.3.44:8443
2026-07-02 18:16:00.264,ERROR,worker,19746,upstream call failed request_id=b32f865f8a4c83ef err=ECONNRESET upstream=10.0.3.44:8443 (retries exhausted),,,b32f865f8a4c83ef,,ECONNRESET,10.0.3.44:8443
2026-07-02 18:16:01.681,ERROR,worker,19748,upstream call failed request_id=b18fd009f7a5b258 err=ECONNRESET upstream=10.0.3.44:8443 (retries exhausted),,,b18fd009f7a5b258,,ECONNRESET,10.0.3.44:8443
2026-07-02 18:16:02.610,ERROR,worker,19749,upstream call failed request_id=0b8a14836e1cb34f err=ECONNRESET upstream=10.0.3.44:8443 (retries exhausted),,,0b8a14836e1cb34f,,ECONNRESET,10.0.3.44:8443
2026-07-02 18:16:20.321,ERROR,worker,19760,upstream call failed request_id=f3f2f056e515c305 err=ECONNRESET upstream=10.0.3.44:8443 (retries exhausted),,,f3f2f056e515c305,,ECONNRESET,10.0.3.44:8443
2026-07-02 18:16:30.000,ERROR,metrics-worker,19769,AnalyticsUploadTimeout: failed to push metrics batch to analytics.internal:9092 (attempt 3/3),,AnalyticsUploadTimeout,,,,
2026-07-02 18:16:50.668,ERROR,worker,19781,upstream call failed request_id=708a2d6576a7fc06 err=ECONNRESET upstream=10.0.3.44:8443 (retries exhausted),,,708a2d6576a7fc06,,ECONNRESET,10.0.3.44:8443
2026-07-02 18:16:53.142,ERROR,worker,19784,upstream call failed request_id=9853b69b902b890d err=ECONNRESET upstream=10.0.3.44:8443 (retries exhausted),,,9853b69b902b890d,,ECONNRESET,10.0.3.44:8443
2026-07-02 18:17:17.527,ERROR,worker,19795,upstream call failed request_id=5916ae7db0de758d err=ECONNRESET upstream=10.0.3.44:8443 (retries exhausted),,,5916ae7db0de758d,,ECONNRESET,10.0.3.44:8443
2026-07-02 18:17:35.019,ERROR,worker,19801,upstream call failed request_id=479501a4b33d04bd err=ECONNRESET upstream=10.0.3.44:8443 (retries exhausted),,,479501a4b33d04bd,,ECONNRESET,10.0.3.44:8443
2026-07-02 18:17:41.922,ERROR,worker,19808,upstream call failed request_id=50ab1bf428e4cc1c err=ECONNRESET upstream=10.0.3.44:8443 (retries exhausted),,,50ab1bf428e4cc1c,,ECONNRESET,10.0.3.44:8443
2026-07-02 18:17:42.445,ERROR,worker,19809,upstream call failed request_id=a8bc70c3c74683be err=ECONNRESET upstream=10.0.3.44:8443 (retries exhausted),,,a8bc70c3c74683be,,ECONNRESET,10.0.3.44:8443
2026-07-02 18:17:44.377,ERROR,worker,19811,upstream call failed request_id=2b6b07accc5f04b1 err=ECONNRESET upstream=10.0.3.44:8443 (retries exhausted),,,2b6b07accc5f04b1,,ECONNRESET,10.0.3.44:8443
2026-07-02 18:17:51.978,ERROR,worker,19814,upstream call failed request_id=ad80b4e30f7ddff4 err=ECONNRESET upstream=10.0.3.44:8443 (retries exhausted),,,ad80b4e30f7ddff4,,ECONNRESET,10.0.3.44:8443
2026-07-02 18:18:00.678,ERROR,worker,19821,upstream call failed request_id=496cd8f04b76fa16 err=ECONNRESET upstream=10.0.3.44:8443 (retries exhausted),,,496cd8f04b76fa16,,ECONNRESET,10.0.3.44:8443
2026-07-02 18:18:10.432,ERROR,worker,19829,upstream call failed request_id=6816786b89b87077 err=ECONNRESET upstream=10.0.3.44:8443 (retries exhausted),,,6816786b89b87077,,ECONNRESET,10.0.3.44:8443
2026-07-02 18:18:13.000,ERROR,metrics-worker,19830,AnalyticsUploadTimeout: failed to push metrics batch to analytics.internal:9092 (attempt 3/3),,AnalyticsUploadTimeout,,,,
2026-07-02 18:18:23.906,ERROR,worker,19839,upstream call failed request_id=fa18d421eb4b51a8 err=ECONNRESET upstream=10.0.3.44:8443 (retries exhausted),,,fa18d421eb4b51a8,,ECONNRESET,10.0.3.44:8443
2026-07-02 18:18:29.324,ERROR,worker,19842,upstream call failed request_id=b47eb0c57bfb8581 err=ECONNRESET upstream=10.0.3.44:8443 (retries exhausted),,,b47eb0c57bfb8581,,ECONNRESET,10.0.3.44:8443
2026-07-02 18:18:33.123,ERROR,worker,19844,upstream call failed request_id=1a7c6231bfdd967a err=ECONNRESET upstream=10.0.3.44:8443 (retries exhausted),,,1a7c6231bfdd967a,,ECONNRESET,10.0.3.44:8443
2026-07-02 18:18:40.946,ERROR,worker,19852,upstream call failed request_id=17e3965dbdfca0a8 err=ECONNRESET upstream=10.0.3.44:8443 (retries exhausted),,,17e3965dbdfca0a8,,ECONNRESET,10.0.3.44:8443
2026-07-02 18:18:48.394,ERROR,worker,19855,upstream call failed request_id=da406f3fa80b7ad6 err=ECONNRESET upstream=10.0.3.44:8443 (retries exhausted),,,da406f3fa80b7ad6,,ECONNRESET,10.0.3.44:8443
2026-07-02 18:18:54.508,ERROR,worker,19860,upstream call failed request_id=8ba973066fc4a625 err=ECONNRESET upstream=10.0.3.44:8443 (retries exhausted),,,8ba973066fc4a625,,ECONNRESET,10.0.3.44:8443
2026-07-02 18:19:14.647,ERROR,worker,19872,upstream call failed request_id=fddcd95859697f90 err=ECONNRESET upstream=10.0.3.44:8443 (retries exhausted),,,fddcd95859697f90,,ECONNRESET,10.0.3.44:8443
2026-07-02 18:19:14.708,ERROR,worker,19873,upstream call failed request_id=827a280130c08867 err=ECONNRESET upstream=10.0.3.44:8443 (retries exhausted),,,827a280130c08867,,ECONNRESET,10.0.3.44:8443
2026-07-02 18:19:23.218,ERROR,worker,19876,upstream call failed request_id=d4b9ff6a7c457c52 err=ECONNRESET upstream=10.0.3.44:8443 (retries exhausted),,,d4b9ff6a7c457c52,,ECONNRESET,10.0.3.44:8443
2026-07-02 18:19:31.812,ERROR,worker,19882,upstream call failed request_id=aaa818320f003635 err=ECONNRESET upstream=10.0.3.44:8443 (retries exhausted),,,aaa818320f003635,,ECONNRESET,10.0.3.44:8443
2026-07-02 18:19:57.570,ERROR,worker,19893,upstream call failed request_id=65452f1b1eae08f8 err=ECONNRESET upstream=10.0.3.44:8443 (retries exhausted),,,65452f1b1eae08f8,,ECONNRESET,10.0.3.44:8443
2026-07-02 18:20:04.126,ERROR,worker,19899,upstream call failed request_id=7d07d96595d73c99 err=ECONNRESET upstream=10.0.3.44:8443 (retries exhausted),,,7d07d96595d73c99,,ECONNRESET,10.0.3.44:8443
2026-07-02 18:20:04.209,ERROR,worker,19900,upstream call failed request_id=d282b46cd32acb9a err=ECONNRESET upstream=10.0.3.44:8443 (retries exhausted),,,d282b46cd32acb9a,,ECONNRESET,10.0.3.44:8443
2026-07-02 18:20:12.000,ERROR,metrics-worker,19910,AnalyticsUploadTimeout: failed to push metrics batch to analytics.internal:9092 (attempt 2/3),,AnalyticsUploadTimeout,,,,
2026-07-02 18:20:13.464,ERROR,worker,19912,upstream call failed request_id=01d8d3aee658cc85 err=ECONNRESET upstream=10.0.3.44:8443 (retries exhausted),,,01d8d3aee658cc85,,ECONNRESET,10.0.3.44:8443
2026-07-02 18:20:16.370,ERROR,worker,19913,upstream call failed request_id=19bf8372c71e9ac5 err=ECONNRESET upstream=10.0.3.44:8443 (retries exhausted),,,19bf8372c71e9ac5,,ECONNRESET,10.0.3.44:8443
2026-07-02 18:20:24.565,ERROR,worker,19921,upstream call failed request_id=aa1ee137abe6b8b0 err=ECONNRESET upstream=10.0.3.44:8443 (retries exhausted),,,aa1ee137abe6b8b0,,ECONNRESET,10.0.3.44:8443
2026-07-02 18:20:51.359,ERROR,worker,19939,upstream call failed request_id=af688bd35adb2ae8 err=ECONNRESET upstream=10.0.3.44:8443 (retries exhausted),,,af688bd35adb2ae8,,ECONNRESET,10.0.3.44:8443
2026-07-02 18:20:51.966,ERROR,worker,19940,upstream call failed request_id=1a1ab7c14b37eb17 err=ECONNRESET upstream=10.0.3.44:8443 (retries exhausted),,,1a1ab7c14b37eb17,,ECONNRESET,10.0.3.44:8443
2026-07-02 18:20:54.339,ERROR,worker,19942,upstream call failed request_id=227da6005f491588 err=ECONNRESET upstream=10.0.3.44:8443 (retries exhausted),,,227da6005f491588,,ECONNRESET,10.0.3.44:8443
2026-07-02 18:20:56.547,ERROR,worker,19945,upstream call failed request_id=f1c87fb099e1a718 err=ECONNRESET upstream=10.0.3.44:8443 (retries exhausted),,,f1c87fb099e1a718,,ECONNRESET,10.0.3.44:8443
2026-07-02 18:21:12.617,ERROR,worker,19957,upstream call failed request_id=111d032edcc3e5b9 err=ECONNRESET upstream=10.0.3.44:8443 (retries exhausted),,,111d032edcc3e5b9,,ECONNRESET,10.0.3.44:8443
2026-07-02 18:21:21.458,ERROR,worker,19964,upstream call failed request_id=2a56169b59956631 err=ECONNRESET upstream=10.0.3.44:8443 (retries exhausted),,,2a56169b59956631,,ECONNRESET,10.0.3.44:8443
2026-07-02 18:21:23.000,ERROR,metrics-worker,19968,AnalyticsUploadTimeout: failed to push metrics batch to analytics.internal:9092 (attempt 3/3),,AnalyticsUploadTimeout,,,,
2026-07-02 18:21:25.114,ERROR,worker,19969,upstream call failed request_id=0f14ce620d50bb8e err=ECONNRESET upstream=10.0.3.44:8443 (retries exhausted),,,0f14ce620d50bb8e,,ECONNRESET,10.0.3.44:8443
2026-07-02 18:21:29.371,ERROR,worker,19972,upstream call failed request_id=e08f7ffb8950aaac err=ECONNRESET upstream=10.0.3.44:8443 (retries exhausted),,,e08f7ffb8950aaac,,ECONNRESET,10.0.3.44:8443
2026-07-02 18:21:29.893,ERROR,worker,19973,upstream call failed request_id=aae61cfe9647839f err=ECONNRESET upstream=10.0.3.44:8443 (retries exhausted),,,aae61cfe9647839f,,ECONNRESET,10.0.3.44:8443
2026-07-02 18:21:35.623,ERROR,worker,19979,upstream call failed request_id=06454e29b7176b91 err=ECONNRESET upstream=10.0.3.44:8443 (retries exhausted),,,06454e29b7176b91,,ECONNRESET,10.0.3.44:8443
2026-07-02 18:21:49.833,ERROR,worker,19990,upstream call failed request_id=529f729663a5ac60 err=ECONNRESET upstream=10.0.3.44:8443 (retries exhausted),,,529f729663a5ac60,,ECONNRESET,10.0.3.44:8443
2026-07-02 18:21:56.023,ERROR,worker,19998,upstream call failed request_id=30e307cc08a153e6 err=ECONNRESET upstream=10.0.3.44:8443 (retries exhausted),,,30e307cc08a153e6,,ECONNRESET,10.0.3.44:8443
2026-07-02 18:22:02.646,ERROR,worker,20001,upstream call failed request_id=11f526bac8bbd375 err=ECONNRESET upstream=10.0.3.44:8443 (retries exhausted),,,11f526bac8bbd375,,ECONNRESET,10.0.3.44:8443
2026-07-02 18:22:05.455,ERROR,worker,20004,upstream call failed request_id=45b95331a1888581 err=ECONNRESET upstream=10.0.3.44:8443 (retries exhausted),,,45b95331a1888581,,ECONNRESET,10.0.3.44:8443
2026-07-02 18:22:06.142,ERROR,worker,20005,upstream call failed request_id=649f581b63eb6911 err=ECONNRESET upstream=10.0.3.44:8443 (retries exhausted),,,649f581b63eb6911,,ECONNRESET,10.0.3.44:8443
2026-07-02 18:22:06.158,ERROR,worker,20006,upstream call failed request_id=8799e960e6b00005 err=ECONNRESET upstream=10.0.3.44:8443 (retries exhausted),,,8799e960e6b00005,,ECONNRESET,10.0.3.44:8443
2026-07-02 18:22:07.554,ERROR,worker,20008,upstream call failed request_id=5174cfc80bfd0501 err=ECONNRESET upstream=10.0.3.44:8443 (retries exhausted),,,5174cfc80bfd0501,,ECONNRESET,10.0.3.44:8443
2026-07-02 18:22:09.989,ERROR,worker,20010,upstream call failed request_id=d2a756bc8b4a505c err=ECONNRESET upstream=10.0.3.44:8443 (retries exhausted),,,d2a756bc8b4a505c,,ECONNRESET,10.0.3.44:8443
2026-07-02 18:22:12.965,ERROR,worker,20014,upstream call failed request_id=b24c5a00eff58606 err=ECONNRESET upstream=10.0.3.44:8443 (retries exhausted),,,b24c5a00eff58606,,ECONNRESET,10.0.3.44:8443
2026-07-02 18:22:16.168,ERROR,worker,20016,upstream call failed request_id=926a2f136d73c76e err=ECONNRESET upstream=10.0.3.44:8443 (retries exhausted),,,926a2f136d73c76e,,ECONNRESET,10.0.3.44:8443
2026-07-02 18:22:20.036,ERROR,worker,20018,upstream call failed request_id=46a40a30956c9898 err=ECONNRESET upstream=10.0.3.44:8443 (retries exhausted),,,46a40a30956c9898,,ECONNRESET,10.0.3.44:8443
2026-07-02 18:22:26.616,ERROR,worker,20025,upstream call failed request_id=9614dca64cafc07c err=ECONNRESET upstream=10.0.3.44:8443 (retries exhausted),,,9614dca64cafc07c,,ECONNRESET,10.0.3.44:8443
2026-07-02 18:22:28.357,ERROR,worker,20026,upstream call failed request_id=b29a2c949df348be err=ECONNRESET upstream=10.0.3.44:8443 (retries exhausted),,,b29a2c949df348be,,ECONNRESET,10.0.3.44:8443
2026-07-02 18:22:37.662,ERROR,worker,20032,upstream call failed request_id=6505e68b559a1339 err=ECONNRESET upstream=10.0.3.44:8443 (retries exhausted),,,6505e68b559a1339,,ECONNRESET,10.0.3.44:8443
2026-07-02 18:22:37.682,ERROR,worker,20033,upstream call failed request_id=357ac9a9cb107b50 err=ECONNRESET upstream=10.0.3.44:8443 (retries exhausted),,,357ac9a9cb107b50,,ECONNRESET,10.0.3.44:8443
2026-07-02 18:22:39.641,ERROR,worker,20034,upstream call failed request_id=084d538a5cf67ecb err=ECONNRESET upstream=10.0.3.44:8443 (retries exhausted),,,084d538a5cf67ecb,,ECONNRESET,10.0.3.44:8443
2026-07-02 18:22:55.665,ERROR,worker,20041,upstream call failed request_id=400cb644f3a1a23a err=ECONNRESET upstream=10.0.3.44:8443 (retries exhausted),,,400cb644f3a1a23a,,ECONNRESET,10.0.3.44:8443
2026-07-02 18:22:57.000,ERROR,metrics-worker,20042,AnalyticsUploadTimeout: failed to push metrics batch to analytics.internal:9092 (attempt 3/3),,AnalyticsUploadTimeout,,,,
2026-07-02 18:23:11.681,ERROR,worker,20056,upstream call failed request_id=6f0ee5f5687dbc14 err=ECONNRESET upstream=10.0.3.44:8443 (retries exhausted),,,6f0ee5f5687dbc14,,ECONNRESET,10.0.3.44:8443
2026-07-02 18:23:51.557,ERROR,worker,20071,upstream call failed request_id=9ac7a1e625ac59a9 err=ECONNRESET upstream=10.0.3.44:8443 (retries exhausted),,,9ac7a1e625ac59a9,,ECONNRESET,10.0.3.44:8443
2026-07-02 18:23:56.312,ERROR,worker,20074,upstream call failed request_id=82448d416416e632 err=ECONNRESET upstream=10.0.3.44:8443 (retries exhausted),,,82448d416416e632,,ECONNRESET,10.0.3.44:8443
2026-07-02 18:23:57.000,ERROR,worker,20075,upstream call failed request_id=57d7e8cd6d8affd6 err=ECONNRESET upstream=10.0.3.44:8443 (retries exhausted),,,57d7e8cd6d8affd6,,ECONNRESET,10.0.3.44:8443
2026-07-02 18:23:58.302,ERROR,worker,20076,upstream call failed request_id=bec8f1a46f1ac2a3 err=ECONNRESET upstream=10.0.3.44:8443 (retries exhausted),,,bec8f1a46f1ac2a3,,ECONNRESET,10.0.3.44:8443
2026-07-02 18:24:01.973,ERROR,worker,20079,upstream call failed request_id=aac81476cdfd1704 err=ECONNRESET upstream=10.0.3.44:8443 (retries exhausted),,,aac81476cdfd1704,,ECONNRESET,10.0.3.44:8443
2026-07-02 18:24:10.594,ERROR,worker,20084,upstream call failed request_id=41541615cd7f6088 err=ECONNRESET upstream=10.0.3.44:8443 (retries exhausted),,,41541615cd7f6088,,ECONNRESET,10.0.3.44:8443
2026-07-02 18:24:21.983,ERROR,worker,20093,upstream call failed request_id=24165063349bee19 err=ECONNRESET upstream=10.0.3.44:8443 (retries exhausted),,,24165063349bee19,,ECONNRESET,10.0.3.44:8443
2026-07-02 18:24:24.074,ERROR,worker,20094,upstream call failed request_id=53a7d9f036120565 err=ECONNRESET upstream=10.0.3.44:8443 (retries exhausted),,,53a7d9f036120565,,ECONNRESET,10.0.3.44:8443
2026-07-02 18:24:37.855,ERROR,worker,20102,upstream call failed request_id=8aabbe8f77a41f7a err=ECONNRESET upstream=10.0.3.44:8443 (retries exhausted),,,8aabbe8f77a41f7a,,ECONNRESET,10.0.3.44:8443
2026-07-02 18:24:44.188,ERROR,worker,20107,upstream call failed request_id=1c027e5a4ff3fd9f err=ECONNRESET upstream=10.0.3.44:8443 (retries exhausted),,,1c027e5a4ff3fd9f,,ECONNRESET,10.0.3.44:8443
2026-07-02 18:24:44.712,ERROR,worker,20108,upstream call failed request_id=cc0d8b455421a382 err=ECONNRESET upstream=10.0.3.44:8443 (retries exhausted),,,cc0d8b455421a382,,ECONNRESET,10.0.3.44:8443
2026-07-02 18:24:47.511,ERROR,worker,20113,upstream call failed request_id=01979ffe6eb26136 err=ECONNRESET upstream=10.0.3.44:8443 (retries exhausted),,,01979ffe6eb26136,,ECONNRESET,10.0.3.44:8443
2026-07-02 18:25:12.000,ERROR,metrics-worker,20130,AnalyticsUploadTimeout: failed to push metrics batch to analytics.internal:9092 (attempt 2/3),,AnalyticsUploadTimeout,,,,
2026-07-02 18:25:16.680,ERROR,worker,20134,upstream call failed request_id=a445fefd2133521b err=ECONNRESET upstream=10.0.3.44:8443 (retries exhausted),,,a445fefd2133521b,,ECONNRESET,10.0.3.44:8443
2026-07-02 18:25:17.857,ERROR,worker,20135,upstream call failed request_id=ef7661413d90631a err=ECONNRESET upstream=10.0.3.44:8443 (retries exhausted),,,ef7661413d90631a,,ECONNRESET,10.0.3.44:8443
2026-07-02 18:25:26.066,ERROR,worker,20141,upstream call failed request_id=bcf4c2250ca77eac err=ECONNRESET upstream=10.0.3.44:8443 (retries exhausted),,,bcf4c2250ca77eac,,ECONNRESET,10.0.3.44:8443
2026-07-02 18:25:42.905,ERROR,worker,20150,upstream call failed request_id=414c43e37e79ae4d err=ECONNRESET upstream=10.0.3.44:8443 (retries exhausted),,,414c43e37e79ae4d,,ECONNRESET,10.0.3.44:8443
2026-07-02 18:25:50.936,ERROR,worker,20155,upstream call failed request_id=0656e4cb48fc1734 err=ECONNRESET upstream=10.0.3.44:8443 (retries exhausted),,,0656e4cb48fc1734,,ECONNRESET,10.0.3.44:8443
2026-07-02 18:26:01.079,ERROR,worker,20161,upstream call failed request_id=3a98b492fe6bd4ba err=ECONNRESET upstream=10.0.3.44:8443 (retries exhausted),,,3a98b492fe6bd4ba,,ECONNRESET,10.0.3.44:8443
2026-07-02 18:26:30.340,ERROR,worker,20174,upstream call failed request_id=90932fb768d0ebb4 err=ECONNRESET upstream=10.0.3.44:8443 (retries exhausted),,,90932fb768d0ebb4,,ECONNRESET,10.0.3.44:8443
2026-07-02 18:26:34.950,ERROR,worker,20180,upstream call failed request_id=90e6f7788c4b258d err=ECONNRESET upstream=10.0.3.44:8443 (retries exhausted),,,90e6f7788c4b258d,,ECONNRESET,10.0.3.44:8443
2026-07-02 18:26:37.883,ERROR,worker,20183,upstream call failed request_id=28203a0c6385ccbb err=ECONNRESET upstream=10.0.3.44:8443 (retries exhausted),,,28203a0c6385ccbb,,ECONNRESET,10.0.3.44:8443
2026-07-02 18:26:50.847,ERROR,worker,20191,upstream call failed request_id=593c9898ea1f3769 err=ECONNRESET upstream=10.0.3.44:8443 (retries exhausted),,,593c9898ea1f3769,,ECONNRESET,10.0.3.44:8443
2026-07-02 18:26:54.992,ERROR,worker,20193,upstream call failed request_id=257ff2c98cf61ad0 err=ECONNRESET upstream=10.0.3.44:8443 (retries exhausted),,,257ff2c98cf61ad0,,ECONNRESET,10.0.3.44:8443
2026-07-02 18:27:00.499,ERROR,worker,20197,upstream call failed request_id=69aa78a19eb92353 err=ECONNRESET upstream=10.0.3.44:8443 (retries exhausted),,,69aa78a19eb92353,,ECONNRESET,10.0.3.44:8443
2026-07-02 18:27:07.493,ERROR,worker,20203,upstream call failed request_id=2e5e59baca883a0a err=ECONNRESET upstream=10.0.3.44:8443 (retries exhausted),,,2e5e59baca883a0a,,ECONNRESET,10.0.3.44:8443
2026-07-02 18:27:08.628,ERROR,worker,20205,upstream call failed request_id=795e3492941a3b25 err=ECONNRESET upstream=10.0.3.44:8443 (retries exhausted),,,795e3492941a3b25,,ECONNRESET,10.0.3.44:8443
2026-07-02 18:27:10.699,ERROR,worker,20206,upstream call failed request_id=de97dedd3624b0d9 err=ECONNRESET upstream=10.0.3.44:8443 (retries exhausted),,,de97dedd3624b0d9,,ECONNRESET,10.0.3.44:8443
2026-07-02 18:27:13.273,ERROR,worker,20210,upstream call failed request_id=52a116e9b796ba4e err=ECONNRESET upstream=10.0.3.44:8443 (retries exhausted),,,52a116e9b796ba4e,,ECONNRESET,10.0.3.44:8443
2026-07-02 18:27:29.992,ERROR,worker,20223,upstream call failed request_id=429c3447349b391d err=ECONNRESET upstream=10.0.3.44:8443 (retries exhausted),,,429c3447349b391d,,ECONNRESET,10.0.3.44:8443
2026-07-02 18:27:31.378,ERROR,worker,20225,upstream call failed request_id=6879d521bfe26bcb err=ECONNRESET upstream=10.0.3.44:8443 (retries exhausted),,,6879d521bfe26bcb,,ECONNRESET,10.0.3.44:8443
2026-07-02 18:27:32.000,ERROR,metrics-worker,20226,AnalyticsUploadTimeout: failed to push metrics batch to analytics.internal:9092 (attempt 1/3),,AnalyticsUploadTimeout,,,,
2026-07-02 18:27:33.324,ERROR,worker,20228,upstream call failed request_id=9c30f595d42c6bbd err=ECONNRESET upstream=10.0.3.44:8443 (retries exhausted),,,9c30f595d42c6bbd,,ECONNRESET,10.0.3.44:8443
2026-07-02 18:27:49.988,ERROR,worker,20237,upstream call failed request_id=f1aa6d1100fb5157 err=ECONNRESET upstream=10.0.3.44:8443 (retries exhausted),,,f1aa6d1100fb5157,,ECONNRESET,10.0.3.44:8443
2026-07-02 18:27:53.217,ERROR,worker,20241,upstream call failed request_id=fb6112da96971387 err=ECONNRESET upstream=10.0.3.44:8443 (retries exhausted),,,fb6112da96971387,,ECONNRESET,10.0.3.44:8443
2026-07-02 18:28:02.050,ERROR,worker,20245,upstream call failed request_id=40b9b1e64be2d51f err=ECONNRESET upstream=10.0.3.44:8443 (retries exhausted),,,40b9b1e64be2d51f,,ECONNRESET,10.0.3.44:8443
2026-07-02 18:28:18.465,ERROR,worker,20253,upstream call failed request_id=108c2b211ac6be55 err=ECONNRESET upstream=10.0.3.44:8443 (retries exhausted),,,108c2b211ac6be55,,ECONNRESET,10.0.3.44:8443
2026-07-02 18:28:23.348,ERROR,worker,20255,upstream call failed request_id=23b14ebde832e2fa err=ECONNRESET upstream=10.0.3.44:8443 (retries exhausted),,,23b14ebde832e2fa,,ECONNRESET,10.0.3.44:8443
2026-07-02 18:28:39.107,ERROR,worker,20262,upstream call failed request_id=2e29795bafe5bf53 err=ECONNRESET upstream=10.0.3.44:8443 (retries exhausted),,,2e29795bafe5bf53,,ECONNRESET,10.0.3.44:8443
2026-07-02 18:28:48.796,ERROR,worker,20267,upstream call failed request_id=0932616f0350867e err=ECONNRESET upstream=10.0.3.44:8443 (retries exhausted),,,0932616f0350867e,,ECONNRESET,10.0.3.44:8443
2026-07-02 18:29:02.555,ERROR,worker,20275,upstream call failed request_id=0160000d924a5a1b err=ECONNRESET upstream=10.0.3.44:8443 (retries exhausted),,,0160000d924a5a1b,,ECONNRESET,10.0.3.44:8443
2026-07-02 18:29:12.875,ERROR,worker,20280,upstream call failed request_id=7ab93b1b60dfdcd4 err=ECONNRESET upstream=10.0.3.44:8443 (retries exhausted),,,7ab93b1b60dfdcd4,,ECONNRESET,10.0.3.44:8443
2026-07-02 18:29:25.000,ERROR,metrics-worker,20287,AnalyticsUploadTimeout: failed to push metrics batch to analytics.internal:9092 (attempt 3/3),,AnalyticsUploadTimeout,,,,
2026-07-02 18:29:30.223,ERROR,worker,20290,upstream call failed request_id=7d3c9e3cf9a08be1 err=ECONNRESET upstream=10.0.3.44:8443 (retries exhausted),,,7d3c9e3cf9a08be1,,ECONNRESET,10.0.3.44:8443
2026-07-02 18:29:30.640,ERROR,worker,20291,upstream call failed request_id=064105c49eb96983 err=ECONNRESET upstream=10.0.3.44:8443 (retries exhausted),,,064105c49eb96983,,ECONNRESET,10.0.3.44:8443
2026-07-02 18:29:53.091,ERROR,worker,20304,upstream call failed request_id=240a8217b7ade6f4 err=ECONNRESET upstream=10.0.3.44:8443 (retries exhausted),,,240a8217b7ade6f4,,ECONNRESET,10.0.3.44:8443
2026-07-02 18:30:01.996,ERROR,worker,20311,upstream call failed request_id=f4ffc680623cc9ac err=ECONNRESET upstream=10.0.3.44:8443 (retries exhausted),,,f4ffc680623cc9ac,,ECONNRESET,10.0.3.44:8443
2026-07-02 18:30:12.319,ERROR,worker,20316,upstream call failed request_id=d831bf365c928f32 err=ECONNRESET upstream=10.0.3.44:8443 (retries exhausted),,,d831bf365c928f32,,ECONNRESET,10.0.3.44:8443
2026-07-02 18:30:23.510,ERROR,worker,20323,upstream call failed request_id=2ae91d4ec84b034a err=ECONNRESET upstream=10.0.3.44:8443 (retries exhausted),,,2ae91d4ec84b034a,,ECONNRESET,10.0.3.44:8443
2026-07-02 18:30:26.343,ERROR,worker,20327,upstream call failed request_id=4a4ea0403d21c1f2 err=ECONNRESET upstream=10.0.3.44:8443 (retries exhausted),,,4a4ea0403d21c1f2,,ECONNRESET,10.0.3.44:8443
2026-07-02 18:30:36.792,ERROR,worker,20337,upstream call failed request_id=fac9575fc6498e79 err=ECONNRESET upstream=10.0.3.44:8443 (retries exhausted),,,fac9575fc6498e79,,ECONNRESET,10.0.3.44:8443
2026-07-02 18:30:41.634,ERROR,worker,20339,upstream call failed request_id=ebbd3dc10e14f371 err=ECONNRESET upstream=10.0.3.44:8443 (retries exhausted),,,ebbd3dc10e14f371,,ECONNRESET,10.0.3.44:8443
2026-07-02 18:30:48.037,ERROR,worker,20342,upstream call failed request_id=ae6834bad2b08681 err=ECONNRESET upstream=10.0.3.44:8443 (retries exhausted),,,ae6834bad2b08681,,ECONNRESET,10.0.3.44:8443
2026-07-02 18:30:52.947,ERROR,worker,20347,upstream call failed request_id=ef9c30418d36d6e2 err=ECONNRESET upstream=10.0.3.44:8443 (retries exhausted),,,ef9c30418d36d6e2,,ECONNRESET,10.0.3.44:8443
2026-07-02 18:31:16.728,ERROR,worker,20358,upstream call failed request_id=41010e5553e9027c err=ECONNRESET upstream=10.0.3.44:8443 (retries exhausted),,,41010e5553e9027c,,ECONNRESET,10.0.3.44:8443
2026-07-02 18:31:22.862,ERROR,worker,20362,upstream call failed request_id=97692afc183d3cbe err=ECONNRESET upstream=10.0.3.44:8443 (retries exhausted),,,97692afc183d3cbe,,ECONNRESET,10.0.3.44:8443
2026-07-02 18:31:32.000,ERROR,metrics-worker,20369,AnalyticsUploadTimeout: failed to push metrics batch to analytics.internal:9092 (attempt 2/3),,AnalyticsUploadTimeout,,,,
2026-07-02 18:32:06.647,ERROR,worker,20385,upstream call failed request_id=41ac9c48533c2d19 err=ECONNRESET upstream=10.0.3.44:8443 (retries exhausted),,,41ac9c48533c2d19,,ECONNRESET,10.0.3.44:8443
2026-07-02 18:32:28.007,ERROR,worker,20396,upstream call failed request_id=26c4724a39966881 err=ECONNRESET upstream=10.0.3.44:8443 (retries exhausted),,,26c4724a39966881,,ECONNRESET,10.0.3.44:8443
2026-07-02 18:32:30.079,ERROR,worker,20397,upstream call failed request_id=feb640e48cced722 err=ECONNRESET upstream=10.0.3.44:8443 (retries exhausted),,,feb640e48cced722,,ECONNRESET,10.0.3.44:8443
2026-07-02 18:32:51.128,ERROR,worker,20409,upstream call failed request_id=b0f9fbafcccb3667 err=ECONNRESET upstream=10.0.3.44:8443 (retries exhausted),,,b0f9fbafcccb3667,,ECONNRESET,10.0.3.44:8443
2026-07-02 18:32:56.215,ERROR,worker,20413,upstream call failed request_id=35a0ab916fc42843 err=ECONNRESET upstream=10.0.3.44:8443 (retries exhausted),,,35a0ab916fc42843,,ECONNRESET,10.0.3.44:8443
2026-07-02 18:33:16.000,ERROR,metrics-worker,20420,AnalyticsUploadTimeout: failed to push metrics batch to analytics.internal:9092 (attempt 1/3),,AnalyticsUploadTimeout,,,,
2026-07-02 18:33:28.910,ERROR,worker,20429,upstream call failed request_id=83720ccc14f49a36 err=ECONNRESET upstream=10.0.3.44:8443 (retries exhausted),,,83720ccc14f49a36,,ECONNRESET,10.0.3.44:8443
2026-07-02 18:33:45.192,ERROR,worker,20443,upstream call failed request_id=093549c830a6817d err=ECONNRESET upstream=10.0.3.44:8443 (retries exhausted),,,093549c830a6817d,,ECONNRESET,10.0.3.44:8443
2026-07-02 18:34:06.074,ERROR,worker,20456,upstream call failed request_id=06c64241f96647f6 err=ECONNRESET upstream=10.0.3.44:8443 (retries exhausted),,,06c64241f96647f6,,ECONNRESET,10.0.3.44:8443
2026-07-02 18:34:13.900,ERROR,worker,20468,upstream call failed request_id=f2fae63707e08baa err=ECONNRESET upstream=10.0.3.44:8443 (retries exhausted),,,f2fae63707e08baa,,ECONNRESET,10.0.3.44:8443
2026-07-02 18:34:21.501,ERROR,worker,20474,upstream call failed request_id=f47c1da8f95f4d05 err=ECONNRESET upstream=10.0.3.44:8443 (retries exhausted),,,f47c1da8f95f4d05,,ECONNRESET,10.0.3.44:8443
2026-07-02 18:34:28.750,ERROR,worker,20480,upstream call failed request_id=58e8c56df02ede94 err=ECONNRESET upstream=10.0.3.44:8443 (retries exhausted),,,58e8c56df02ede94,,ECONNRESET,10.0.3.44:8443
2026-07-02 18:34:51.927,ERROR,worker,20499,upstream call failed request_id=d04f2ffe8f4c6b2e err=ECONNRESET upstream=10.0.3.44:8443 (retries exhausted),,,d04f2ffe8f4c6b2e,,ECONNRESET,10.0.3.44:8443
2026-07-02 18:34:53.000,ERROR,metrics-worker,20501,AnalyticsUploadTimeout: failed to push metrics batch to analytics.internal:9092 (attempt 2/3),,AnalyticsUploadTimeout,,,,
2026-07-02 18:35:06.651,ERROR,worker,20509,upstream call failed request_id=7b3e58207bcb476d err=ECONNRESET upstream=10.0.3.44:8443 (retries exhausted),,,7b3e58207bcb476d,,ECONNRESET,10.0.3.44:8443
2026-07-02 18:35:14.420,ERROR,worker,20516,upstream call failed request_id=84d2f186f74590af err=ECONNRESET upstream=10.0.3.44:8443 (retries exhausted),,,84d2f186f74590af,,ECONNRESET,10.0.3.44:8443
2026-07-02 18:35:20.059,ERROR,worker,20520,upstream call failed request_id=fbcdebb09ce45141 err=ECONNRESET upstream=10.0.3.44:8443 (retries exhausted),,,fbcdebb09ce45141,,ECONNRESET,10.0.3.44:8443
2026-07-02 18:35:21.794,ERROR,worker,20522,upstream call failed request_id=ccd23acfe7343862 err=ECONNRESET upstream=10.0.3.44:8443 (retries exhausted),,,ccd23acfe7343862,,ECONNRESET,10.0.3.44:8443
2026-07-02 18:35:23.415,ERROR,worker,20523,upstream call failed request_id=2ddabe84bf3b79a9 err=ECONNRESET upstream=10.0.3.44:8443 (retries exhausted),,,2ddabe84bf3b79a9,,ECONNRESET,10.0.3.44:8443
2026-07-02 18:35:28.906,ERROR,worker,20526,upstream call failed request_id=9530ffbc69bdf1c0 err=ECONNRESET upstream=10.0.3.44:8443 (retries exhausted),,,9530ffbc69bdf1c0,,ECONNRESET,10.0.3.44:8443
2026-07-02 18:35:49.021,ERROR,worker,20543,upstream call failed request_id=8b428196221795ec err=ECONNRESET upstream=10.0.3.44:8443 (retries exhausted),,,8b428196221795ec,,ECONNRESET,10.0.3.44:8443
2026-07-02 18:35:57.057,ERROR,worker,20547,upstream call failed request_id=8282aef088c115de err=ECONNRESET upstream=10.0.3.44:8443 (retries exhausted),,,8282aef088c115de,,ECONNRESET,10.0.3.44:8443
2026-07-02 18:36:12.068,ERROR,worker,20557,upstream call failed request_id=cf698aaf692f66a8 err=ECONNRESET upstream=10.0.3.44:8443 (retries exhausted),,,cf698aaf692f66a8,,ECONNRESET,10.0.3.44:8443
2026-07-02 18:36:13.452,ERROR,worker,20558,upstream call failed request_id=e30dbd425de918a7 err=ECONNRESET upstream=10.0.3.44:8443 (retries exhausted),,,e30dbd425de918a7,,ECONNRESET,10.0.3.44:8443
2026-07-02 18:36:21.455,ERROR,worker,20565,upstream call failed request_id=5123a1f265936171 err=ECONNRESET upstream=10.0.3.44:8443 (retries exhausted),,,5123a1f265936171,,ECONNRESET,10.0.3.44:8443
2026-07-02 18:36:22.506,ERROR,worker,20568,upstream call failed request_id=a36bd57fe7b13afa err=ECONNRESET upstream=10.0.3.44:8443 (retries exhausted),,,a36bd57fe7b13afa,,ECONNRESET,10.0.3.44:8443
2026-07-02 18:36:23.000,ERROR,metrics-worker,20569,AnalyticsUploadTimeout: failed to push metrics batch to analytics.internal:9092 (attempt 3/3),,AnalyticsUploadTimeout,,,,
2026-07-02 18:36:23.101,ERROR,worker,20570,upstream call failed request_id=b1438711de1c140b err=ECONNRESET upstream=10.0.3.44:8443 (retries exhausted),,,b1438711de1c140b,,ECONNRESET,10.0.3.44:8443
2026-07-02 18:36:26.381,ERROR,worker,20572,upstream call failed request_id=b920fe9ff762f4ed err=ECONNRESET upstream=10.0.3.44:8443 (retries exhausted),,,b920fe9ff762f4ed,,ECONNRESET,10.0.3.44:8443
2026-07-02 18:36:31.096,ERROR,worker,20576,upstream call failed request_id=8610ce7418474d4a err=ECONNRESET upstream=10.0.3.44:8443 (retries exhausted),,,8610ce7418474d4a,,ECONNRESET,10.0.3.44:8443
2026-07-02 18:36:33.675,ERROR,worker,20578,upstream call failed request_id=7c97da96d94e96b3 err=ECONNRESET upstream=10.0.3.44:8443 (retries exhausted),,,7c97da96d94e96b3,,ECONNRESET,10.0.3.44:8443
2026-07-02 18:36:33.732,ERROR,worker,20579,upstream call failed request_id=dc42f0c4f3175835 err=ECONNRESET upstream=10.0.3.44:8443 (retries exhausted),,,dc42f0c4f3175835,,ECONNRESET,10.0.3.44:8443
2026-07-02 18:36:42.835,ERROR,worker,20584,upstream call failed request_id=32a5b08373f15df7 err=ECONNRESET upstream=10.0.3.44:8443 (retries exhausted),,,32a5b08373f15df7,,ECONNRESET,10.0.3.44:8443
2026-07-02 18:36:44.498,ERROR,worker,20585,upstream call failed request_id=efc99f7a2ec7c133 err=ECONNRESET upstream=10.0.3.44:8443 (retries exhausted),,,efc99f7a2ec7c133,,ECONNRESET,10.0.3.44:8443
2026-07-02 18:36:56.169,ERROR,worker,20592,upstream call failed request_id=bcb4798a7adb7a56 err=ECONNRESET upstream=10.0.3.44:8443 (retries exhausted),,,bcb4798a7adb7a56,,ECONNRESET,10.0.3.44:8443
2026-07-02 18:37:01.998,ERROR,worker,20595,upstream call failed request_id=59b240cc0950e0f1 err=ECONNRESET upstream=10.0.3.44:8443 (retries exhausted),,,59b240cc0950e0f1,,ECONNRESET,10.0.3.44:8443
2026-07-02 18:37:09.744,ERROR,worker,20601,upstream call failed request_id=1f79c2e4ba9db239 err=ECONNRESET upstream=10.0.3.44:8443 (retries exhausted),,,1f79c2e4ba9db239,,ECONNRESET,10.0.3.44:8443
2026-07-02 18:37:23.841,ERROR,worker,20611,upstream call failed request_id=ec8a4f15b4120f2d err=ECONNRESET upstream=10.0.3.44:8443 (retries exhausted),,,ec8a4f15b4120f2d,,ECONNRESET,10.0.3.44:8443
2026-07-02 18:37:25.815,ERROR,worker,20612,upstream call failed request_id=60cda2c2bbd55677 err=ECONNRESET upstream=10.0.3.44:8443 (retries exhausted),,,60cda2c2bbd55677,,ECONNRESET,10.0.3.44:8443
2026-07-02 18:37:26.269,ERROR,worker,20613,upstream call failed request_id=6557dca88cc9dfe3 err=ECONNRESET upstream=10.0.3.44:8443 (retries exhausted),,,6557dca88cc9dfe3,,ECONNRESET,10.0.3.44:8443
2026-07-02 18:37:30.307,ERROR,worker,20615,upstream call failed request_id=dc0273fd2c594eae err=ECONNRESET upstream=10.0.3.44:8443 (retries exhausted),,,dc0273fd2c594eae,,ECONNRESET,10.0.3.44:8443
2026-07-02 18:37:52.627,ERROR,worker,20629,upstream call failed request_id=68f487f8d23ca1a5 err=ECONNRESET upstream=10.0.3.44:8443 (retries exhausted),,,68f487f8d23ca1a5,,ECONNRESET,10.0.3.44:8443
2026-07-02 18:38:04.938,ERROR,worker,20637,upstream call failed request_id=5bc474a3370bd8d4 err=ECONNRESET upstream=10.0.3.44:8443 (retries exhausted),,,5bc474a3370bd8d4,,ECONNRESET,10.0.3.44:8443
2026-07-02 18:38:06.733,ERROR,worker,20639,upstream call failed request_id=5daef7b23c8b64b0 err=ECONNRESET upstream=10.0.3.44:8443 (retries exhausted),,,5daef7b23c8b64b0,,ECONNRESET,10.0.3.44:8443
2026-07-02 18:38:07.124,ERROR,worker,20640,upstream call failed request_id=1f1bb2d35c70546d err=ECONNRESET upstream=10.0.3.44:8443 (retries exhausted),,,1f1bb2d35c70546d,,ECONNRESET,10.0.3.44:8443
2026-07-02 18:38:15.809,ERROR,worker,20646,upstream call failed request_id=647ddd72aa872006 err=ECONNRESET upstream=10.0.3.44:8443 (retries exhausted),,,647ddd72aa872006,,ECONNRESET,10.0.3.44:8443
2026-07-02 18:38:17.327,ERROR,worker,20649,upstream call failed request_id=86ffedb856c074b2 err=ECONNRESET upstream=10.0.3.44:8443 (retries exhausted),,,86ffedb856c074b2,,ECONNRESET,10.0.3.44:8443
2026-07-02 18:38:20.668,ERROR,worker,20651,upstream call failed request_id=faa60098cfa99970 err=ECONNRESET upstream=10.0.3.44:8443 (retries exhausted),,,faa60098cfa99970,,ECONNRESET,10.0.3.44:8443
2026-07-02 18:38:31.301,ERROR,worker,20663,upstream call failed request_id=6fb6631bd5520740 err=ECONNRESET upstream=10.0.3.44:8443 (retries exhausted),,,6fb6631bd5520740,,ECONNRESET,10.0.3.44:8443
2026-07-02 18:38:32.000,ERROR,metrics-worker,20666,AnalyticsUploadTimeout: failed to push metrics batch to analytics.internal:9092 (attempt 3/3),,AnalyticsUploadTimeout,,,,
2026-07-02 18:38:42.718,ERROR,worker,20675,upstream call failed request_id=32f3d8d5e9d3c83d err=ECONNRESET upstream=10.0.3.44:8443 (retries exhausted),,,32f3d8d5e9d3c83d,,ECONNRESET,10.0.3.44:8443
2026-07-02 18:38:43.119,ERROR,worker,20676,upstream call failed request_id=673500b573f42841 err=ECONNRESET upstream=10.0.3.44:8443 (retries exhausted),,,673500b573f42841,,ECONNRESET,10.0.3.44:8443
2026-07-02 18:38:49.679,ERROR,worker,20680,upstream call failed request_id=d5d572cc0e4aa2c0 err=ECONNRESET upstream=10.0.3.44:8443 (retries exhausted),,,d5d572cc0e4aa2c0,,ECONNRESET,10.0.3.44:8443
2026-07-02 18:39:00.279,ERROR,worker,20685,upstream call failed request_id=28f97844ded15901 err=ECONNRESET upstream=10.0.3.44:8443 (retries exhausted),,,28f97844ded15901,,ECONNRESET,10.0.3.44:8443
2026-07-02 18:39:07.635,ERROR,worker,20688,upstream call failed request_id=1aa2d239a75b8004 err=ECONNRESET upstream=10.0.3.44:8443 (retries exhausted),,,1aa2d239a75b8004,,ECONNRESET,10.0.3.44:8443
2026-07-02 18:39:24.077,ERROR,worker,20703,upstream call failed request_id=f243f4d5e387a907 err=ECONNRESET upstream=10.0.3.44:8443 (retries exhausted),,,f243f4d5e387a907,,ECONNRESET,10.0.3.44:8443
2026-07-02 18:39:26.918,ERROR,worker,20705,upstream call failed request_id=95384f715f65100b err=ECONNRESET upstream=10.0.3.44:8443 (retries exhausted),,,95384f715f65100b,,ECONNRESET,10.0.3.44:8443
2026-07-02 18:39:40.596,ERROR,worker,20711,upstream call failed request_id=a0be4982d730a7d9 err=ECONNRESET upstream=10.0.3.44:8443 (retries exhausted),,,a0be4982d730a7d9,,ECONNRESET,10.0.3.44:8443
2026-07-02 18:39:44.795,ERROR,worker,20715,upstream call failed request_id=8932eb4bfa3c764f err=ECONNRESET upstream=10.0.3.44:8443 (retries exhausted),,,8932eb4bfa3c764f,,ECONNRESET,10.0.3.44:8443
2026-07-02 18:39:52.000,ERROR,metrics-worker,20722,AnalyticsUploadTimeout: failed to push metrics batch to analytics.internal:9092 (attempt 2/3),,AnalyticsUploadTimeout,,,,
2026-07-02 18:39:59.137,ERROR,worker,20729,upstream call failed request_id=c62fdbe75b81ecb4 err=ECONNRESET upstream=10.0.3.44:8443 (retries exhausted),,,c62fdbe75b81ecb4,,ECONNRESET,10.0.3.44:8443
2026-07-02 18:40:04.673,ERROR,worker,20731,upstream call failed request_id=811ea2fc603c7de3 err=ECONNRESET upstream=10.0.3.44:8443 (retries exhausted),,,811ea2fc603c7de3,,ECONNRESET,10.0.3.44:8443
2026-07-02 18:40:15.811,ERROR,worker,20737,upstream call failed request_id=61f8355807b69d60 err=ECONNRESET upstream=10.0.3.44:8443 (retries exhausted),,,61f8355807b69d60,,ECONNRESET,10.0.3.44:8443
2026-07-02 18:40:29.023,ERROR,worker,20749,upstream call failed request_id=0de5274c0e1198c3 err=ECONNRESET upstream=10.0.3.44:8443 (retries exhausted),,,0de5274c0e1198c3,,ECONNRESET,10.0.3.44:8443
2026-07-02 18:40:32.457,ERROR,worker,20754,upstream call failed request_id=b770fe89436686d4 err=ECONNRESET upstream=10.0.3.44:8443 (retries exhausted),,,b770fe89436686d4,,ECONNRESET,10.0.3.44:8443
2026-07-02 18:40:39.034,ERROR,worker,20764,upstream call failed request_id=f68e1a4f1f9d9116 err=ECONNRESET upstream=10.0.3.44:8443 (retries exhausted),,,f68e1a4f1f9d9116,,ECONNRESET,10.0.3.44:8443
2026-07-02 18:40:48.206,ERROR,worker,20768,upstream call failed request_id=f9783a960a8838ee err=ECONNRESET upstream=10.0.3.44:8443 (retries exhausted),,,f9783a960a8838ee,,ECONNRESET,10.0.3.44:8443
2026-07-02 18:40:49.654,ERROR,worker,20769,upstream call failed request_id=069bc9394c8c8552 err=ECONNRESET upstream=10.0.3.44:8443 (retries exhausted),,,069bc9394c8c8552,,ECONNRESET,10.0.3.44:8443
2026-07-02 18:41:22.139,ERROR,worker,20787,upstream call failed request_id=b481b428116b971a err=ECONNRESET upstream=10.0.3.44:8443 (retries exhausted),,,b481b428116b971a,,ECONNRESET,10.0.3.44:8443
2026-07-02 18:41:59.000,ERROR,metrics-worker,20806,AnalyticsUploadTimeout: failed to push metrics batch to analytics.internal:9092 (attempt 1/3),,AnalyticsUploadTimeout,,,,
2026-07-02 18:42:12.904,ERROR,worker,20815,upstream call failed request_id=5a64781d8fcb526e err=ECONNRESET upstream=10.0.3.44:8443 (retries exhausted),,,5a64781d8fcb526e,,ECONNRESET,10.0.3.44:8443
2026-07-02 18:42:14.815,ERROR,worker,20818,upstream call failed request_id=b04e67693db8ebfe err=ECONNRESET upstream=10.0.3.44:8443 (retries exhausted),,,b04e67693db8ebfe,,ECONNRESET,10.0.3.44:8443
2026-07-02 18:42:29.873,ERROR,worker,20826,upstream call failed request_id=6a7cf715ef390d05 err=ECONNRESET upstream=10.0.3.44:8443 (retries exhausted),,,6a7cf715ef390d05,,ECONNRESET,10.0.3.44:8443
2026-07-02 18:42:37.633,ERROR,worker,20832,upstream call failed request_id=671e04b79b4a4fd2 err=ECONNRESET upstream=10.0.3.44:8443 (retries exhausted),,,671e04b79b4a4fd2,,ECONNRESET,10.0.3.44:8443
2026-07-02 18:42:38.254,ERROR,worker,20833,upstream call failed request_id=c83da2f82cc18ab6 err=ECONNRESET upstream=10.0.3.44:8443 (retries exhausted),,,c83da2f82cc18ab6,,ECONNRESET,10.0.3.44:8443
2026-07-02 18:42:44.683,ERROR,worker,20835,upstream call failed request_id=3fbb040374f1539c err=ECONNRESET upstream=10.0.3.44:8443 (retries exhausted),,,3fbb040374f1539c,,ECONNRESET,10.0.3.44:8443
2026-07-02 18:42:54.630,ERROR,worker,20840,upstream call failed request_id=1f946c7eefa44f59 err=ECONNRESET upstream=10.0.3.44:8443 (retries exhausted),,,1f946c7eefa44f59,,ECONNRESET,10.0.3.44:8443
2026-07-02 18:43:05.890,ERROR,worker,20848,upstream call failed request_id=61d218975e2751b3 err=ECONNRESET upstream=10.0.3.44:8443 (retries exhausted),,,61d218975e2751b3,,ECONNRESET,10.0.3.44:8443
2026-07-02 18:43:13.110,ERROR,worker,20852,upstream call failed request_id=31fbd5f956ed462f err=ECONNRESET upstream=10.0.3.44:8443 (retries exhausted),,,31fbd5f956ed462f,,ECONNRESET,10.0.3.44:8443
2026-07-02 18:43:38.627,ERROR,worker,20863,upstream call failed request_id=bfe79481a246699c err=ECONNRESET upstream=10.0.3.44:8443 (retries exhausted),,,bfe79481a246699c,,ECONNRESET,10.0.3.44:8443
2026-07-02 18:43:49.269,ERROR,worker,20871,upstream call failed request_id=a2cd360ebc4c8d36 err=ECONNRESET upstream=10.0.3.44:8443 (retries exhausted),,,a2cd360ebc4c8d36,,ECONNRESET,10.0.3.44:8443
2026-07-02 18:43:51.777,ERROR,worker,20872,upstream call failed request_id=668c915ac68da8c6 err=ECONNRESET upstream=10.0.3.44:8443 (retries exhausted),,,668c915ac68da8c6,,ECONNRESET,10.0.3.44:8443
2026-07-02 18:43:52.715,ERROR,worker,20874,upstream call failed request_id=8c8592580143a01d err=ECONNRESET upstream=10.0.3.44:8443 (retries exhausted),,,8c8592580143a01d,,ECONNRESET,10.0.3.44:8443
2026-07-02 18:43:58.000,ERROR,metrics-worker,20880,AnalyticsUploadTimeout: failed to push metrics batch to analytics.internal:9092 (attempt 1/3),,AnalyticsUploadTimeout,,,,
2026-07-02 18:43:58.687,ERROR,worker,20881,upstream call failed request_id=69aba2838c155b02 err=ECONNRESET upstream=10.0.3.44:8443 (retries exhausted),,,69aba2838c155b02,,ECONNRESET,10.0.3.44:8443
2026-07-02 18:44:00.559,ERROR,worker,20884,upstream call failed request_id=07d94490e1bc119e err=ECONNRESET upstream=10.0.3.44:8443 (retries exhausted),,,07d94490e1bc119e,,ECONNRESET,10.0.3.44:8443
2026-07-02 18:44:01.302,ERROR,worker,20886,upstream call failed request_id=90b4aed90a91510d err=ECONNRESET upstream=10.0.3.44:8443 (retries exhausted),,,90b4aed90a91510d,,ECONNRESET,10.0.3.44:8443
2026-07-02 18:44:09.064,ERROR,worker,20890,upstream call failed request_id=47401d741d0e9f72 err=ECONNRESET upstream=10.0.3.44:8443 (retries exhausted),,,47401d741d0e9f72,,ECONNRESET,10.0.3.44:8443
2026-07-02 18:44:18.031,ERROR,worker,20902,upstream call failed request_id=3d70df693fed27e8 err=ECONNRESET upstream=10.0.3.44:8443 (retries exhausted),,,3d70df693fed27e8,,ECONNRESET,10.0.3.44:8443
2026-07-02 18:44:31.738,ERROR,worker,20905,upstream call failed request_id=8e0c6034febe695c err=ECONNRESET upstream=10.0.3.44:8443 (retries exhausted),,,8e0c6034febe695c,,ECONNRESET,10.0.3.44:8443
2026-07-02 18:44:53.141,ERROR,worker,20919,upstream call failed request_id=2963737d22d124a3 err=ECONNRESET upstream=10.0.3.44:8443 (retries exhausted),,,2963737d22d124a3,,ECONNRESET,10.0.3.44:8443
2026-07-02 18:45:03.595,ERROR,worker,20928,upstream call failed request_id=b402e97780818121 err=ECONNRESET upstream=10.0.3.44:8443 (retries exhausted),,,b402e97780818121,,ECONNRESET,10.0.3.44:8443
2026-07-02 18:45:06.835,ERROR,worker,20932,upstream call failed request_id=10e29ca790e009e4 err=ECONNRESET upstream=10.0.3.44:8443 (retries exhausted),,,10e29ca790e009e4,,ECONNRESET,10.0.3.44:8443
2026-07-02 18:45:10.942,ERROR,worker,20934,upstream call failed request_id=73250351aec44f20 err=ECONNRESET upstream=10.0.3.44:8443 (retries exhausted),,,73250351aec44f20,,ECONNRESET,10.0.3.44:8443
2026-07-02 18:45:15.457,ERROR,worker,20936,upstream call failed request_id=1be6a7770e8ed305 err=ECONNRESET upstream=10.0.3.44:8443 (retries exhausted),,,1be6a7770e8ed305,,ECONNRESET,10.0.3.44:8443
2026-07-02 18:45:29.161,ERROR,worker,20945,upstream call failed request_id=9b4cfbd8ee57d3bb err=ECONNRESET upstream=10.0.3.44:8443 (retries exhausted),,,9b4cfbd8ee57d3bb,,ECONNRESET,10.0.3.44:8443
2026-07-02 18:45:50.536,ERROR,worker,20953,upstream call failed request_id=c3b840e7bda12a79 err=ECONNRESET upstream=10.0.3.44:8443 (retries exhausted),,,c3b840e7bda12a79,,ECONNRESET,10.0.3.44:8443
2026-07-02 18:46:00.296,ERROR,worker,20959,upstream call failed request_id=b5697bb0fc87288a err=ECONNRESET upstream=10.0.3.44:8443 (retries exhausted),,,b5697bb0fc87288a,,ECONNRESET,10.0.3.44:8443
2026-07-02 18:46:01.044,ERROR,worker,20961,upstream call failed request_id=061f135df446fe07 err=ECONNRESET upstream=10.0.3.44:8443 (retries exhausted),,,061f135df446fe07,,ECONNRESET,10.0.3.44:8443
2026-07-02 18:46:02.116,ERROR,worker,20962,upstream call failed request_id=f9172449148c3cee err=ECONNRESET upstream=10.0.3.44:8443 (retries exhausted),,,f9172449148c3cee,,ECONNRESET,10.0.3.44:8443
2026-07-02 18:46:04.786,ERROR,worker,20964,upstream call failed request_id=2e1d2e2f626072e3 err=ECONNRESET upstream=10.0.3.44:8443 (retries exhausted),,,2e1d2e2f626072e3,,ECONNRESET,10.0.3.44:8443
2026-07-02 18:46:11.000,ERROR,metrics-worker,20967,AnalyticsUploadTimeout: failed to push metrics batch to analytics.internal:9092 (attempt 3/3),,AnalyticsUploadTimeout,,,,
2026-07-02 18:46:57.439,ERROR,worker,20998,upstream call failed request_id=dbe585d1e161b5c3 err=ECONNRESET upstream=10.0.3.44:8443 (retries exhausted),,,dbe585d1e161b5c3,,ECONNRESET,10.0.3.44:8443
2026-07-02 18:47:28.524,ERROR,worker,21012,upstream call failed request_id=0e82920091c52e4c err=ECONNRESET upstream=10.0.3.44:8443 (retries exhausted),,,0e82920091c52e4c,,ECONNRESET,10.0.3.44:8443
2026-07-02 18:47:30.315,ERROR,worker,21013,upstream call failed request_id=1fe5f0918d9f77b1 err=ECONNRESET upstream=10.0.3.44:8443 (retries exhausted),,,1fe5f0918d9f77b1,,ECONNRESET,10.0.3.44:8443
2026-07-02 18:47:33.300,ERROR,worker,21016,upstream call failed request_id=d24dcba1c12c9903 err=ECONNRESET upstream=10.0.3.44:8443 (retries exhausted),,,d24dcba1c12c9903,,ECONNRESET,10.0.3.44:8443
2026-07-02 18:47:42.000,ERROR,metrics-worker,21026,AnalyticsUploadTimeout: failed to push metrics batch to analytics.internal:9092 (attempt 3/3),,AnalyticsUploadTimeout,,,,
2026-07-02 18:47:42.657,ERROR,worker,21027,upstream call failed request_id=a02e8bcb3135a685 err=ECONNRESET upstream=10.0.3.44:8443 (retries exhausted),,,a02e8bcb3135a685,,ECONNRESET,10.0.3.44:8443
2026-07-02 18:47:54.441,ERROR,worker,21035,upstream call failed request_id=a2eaf6643eca4a22 err=ECONNRESET upstream=10.0.3.44:8443 (retries exhausted),,,a2eaf6643eca4a22,,ECONNRESET,10.0.3.44:8443
2026-07-02 18:48:25.239,ERROR,worker,21050,upstream call failed request_id=a88855b3a649b9de err=ECONNRESET upstream=10.0.3.44:8443 (retries exhausted),,,a88855b3a649b9de,,ECONNRESET,10.0.3.44:8443
2026-07-02 18:48:58.428,ERROR,worker,21076,upstream call failed request_id=93eb73a64c7acc3e err=ECONNRESET upstream=10.0.3.44:8443 (retries exhausted),,,93eb73a64c7acc3e,,ECONNRESET,10.0.3.44:8443
2026-07-02 18:49:28.000,ERROR,metrics-worker,21092,AnalyticsUploadTimeout: failed to push metrics batch to analytics.internal:9092 (attempt 2/3),,AnalyticsUploadTimeout,,,,
2026-07-02 18:49:29.843,ERROR,worker,21094,upstream call failed request_id=e5006913312c4c11 err=ECONNRESET upstream=10.0.3.44:8443 (retries exhausted),,,e5006913312c4c11,,ECONNRESET,10.0.3.44:8443
2026-07-02 18:49:40.659,ERROR,worker,21098,upstream call failed request_id=ef588ee558807208 err=ECONNRESET upstream=10.0.3.44:8443 (retries exhausted),,,ef588ee558807208,,ECONNRESET,10.0.3.44:8443
2026-07-02 18:49:42.553,ERROR,worker,21099,upstream call failed request_id=c61b75d1b5c0cd7d err=ECONNRESET upstream=10.0.3.44:8443 (retries exhausted),,,c61b75d1b5c0cd7d,,ECONNRESET,10.0.3.44:8443
2026-07-02 18:49:52.003,ERROR,worker,21106,upstream call failed request_id=1f74157959c9ed7c err=ECONNRESET upstream=10.0.3.44:8443 (retries exhausted),,,1f74157959c9ed7c,,ECONNRESET,10.0.3.44:8443
2026-07-02 18:49:55.115,ERROR,worker,21108,upstream call failed request_id=e2adf09c5a105280 err=ECONNRESET upstream=10.0.3.44:8443 (retries exhausted),,,e2adf09c5a105280,,ECONNRESET,10.0.3.44:8443
2026-07-02 18:49:56.903,ERROR,worker,21109,upstream call failed request_id=c174ac6d32a51937 err=ECONNRESET upstream=10.0.3.44:8443 (retries exhausted),,,c174ac6d32a51937,,ECONNRESET,10.0.3.44:8443
2026-07-02 18:50:13.320,ERROR,worker,21117,upstream call failed request_id=c50d764df9225edb err=ECONNRESET upstream=10.0.3.44:8443 (retries exhausted),,,c50d764df9225edb,,ECONNRESET,10.0.3.44:8443
2026-07-02 18:50:14.256,ERROR,worker,21119,upstream call failed request_id=2d854181e48a4f4b err=ECONNRESET upstream=10.0.3.44:8443 (retries exhausted),,,2d854181e48a4f4b,,ECONNRESET,10.0.3.44:8443
2026-07-02 18:50:33.683,ERROR,worker,21131,upstream call failed request_id=91297ee04a3a80b7 err=ECONNRESET upstream=10.0.3.44:8443 (retries exhausted),,,91297ee04a3a80b7,,ECONNRESET,10.0.3.44:8443
2026-07-02 18:50:37.930,ERROR,worker,21134,upstream call failed request_id=13d5018752c4cd0c err=ECONNRESET upstream=10.0.3.44:8443 (retries exhausted),,,13d5018752c4cd0c,,ECONNRESET,10.0.3.44:8443
2026-07-02 18:50:52.000,ERROR,metrics-worker,21149,AnalyticsUploadTimeout: failed to push metrics batch to analytics.internal:9092 (attempt 3/3),,AnalyticsUploadTimeout,,,,
2026-07-02 18:50:58.260,ERROR,worker,21156,upstream call failed request_id=b230d4220a468930 err=ECONNRESET upstream=10.0.3.44:8443 (retries exhausted),,,b230d4220a468930,,ECONNRESET,10.0.3.44:8443
2026-07-02 18:51:11.842,ERROR,worker,21166,upstream call failed request_id=6f8a76dd5b79d50f err=ECONNRESET upstream=10.0.3.44:8443 (retries exhausted),,,6f8a76dd5b79d50f,,ECONNRESET,10.0.3.44:8443
2026-07-02 18:51:16.349,ERROR,worker,21169,upstream call failed request_id=a44b6614e4e60030 err=ECONNRESET upstream=10.0.3.44:8443 (retries exhausted),,,a44b6614e4e60030,,ECONNRESET,10.0.3.44:8443
2026-07-02 18:51:36.198,ERROR,worker,21175,upstream call failed request_id=787fc5615121bdc4 err=ECONNRESET upstream=10.0.3.44:8443 (retries exhausted),,,787fc5615121bdc4,,ECONNRESET,10.0.3.44:8443
2026-07-02 18:51:36.312,ERROR,worker,21176,upstream call failed request_id=7c4c02d6868738dc err=ECONNRESET upstream=10.0.3.44:8443 (retries exhausted),,,7c4c02d6868738dc,,ECONNRESET,10.0.3.44:8443
2026-07-02 18:51:41.851,ERROR,worker,21179,upstream call failed request_id=897b260636de19cf err=ECONNRESET upstream=10.0.3.44:8443 (retries exhausted),,,897b260636de19cf,,ECONNRESET,10.0.3.44:8443
2026-07-02 18:51:45.265,ERROR,worker,21183,upstream call failed request_id=227d938a1947e3e8 err=ECONNRESET upstream=10.0.3.44:8443 (retries exhausted),,,227d938a1947e3e8,,ECONNRESET,10.0.3.44:8443
2026-07-02 18:51:51.362,ERROR,worker,21185,upstream call failed request_id=0c1266d167def39a err=ECONNRESET upstream=10.0.3.44:8443 (retries exhausted),,,0c1266d167def39a,,ECONNRESET,10.0.3.44:8443
2026-07-02 18:51:59.134,ERROR,worker,21186,upstream call failed request_id=2d599ebd6234260f err=ECONNRESET upstream=10.0.3.44:8443 (retries exhausted),,,2d599ebd6234260f,,ECONNRESET,10.0.3.44:8443
2026-07-02 18:51:59.977,ERROR,worker,21187,upstream call failed request_id=59ab81bf479194b7 err=ECONNRESET upstream=10.0.3.44:8443 (retries exhausted),,,59ab81bf479194b7,,ECONNRESET,10.0.3.44:8443
2026-07-02 18:52:00.068,ERROR,worker,21188,upstream call failed request_id=056eb10851cdf611 err=ECONNRESET upstream=10.0.3.44:8443 (retries exhausted),,,056eb10851cdf611,,ECONNRESET,10.0.3.44:8443
2026-07-02 18:52:01.775,ERROR,worker,21189,upstream call failed request_id=36282598b5c6dbf1 err=ECONNRESET upstream=10.0.3.44:8443 (retries exhausted),,,36282598b5c6dbf1,,ECONNRESET,10.0.3.44:8443
2026-07-02 18:52:12.674,ERROR,worker,21194,upstream call failed request_id=006c40ca9cdb7a49 err=ECONNRESET upstream=10.0.3.44:8443 (retries exhausted),,,006c40ca9cdb7a49,,ECONNRESET,10.0.3.44:8443
2026-07-02 18:52:33.588,ERROR,worker,21217,upstream call failed request_id=c3e32364a05db993 err=ECONNRESET upstream=10.0.3.44:8443 (retries exhausted),,,c3e32364a05db993,,ECONNRESET,10.0.3.44:8443
2026-07-02 18:52:36.181,ERROR,worker,21218,upstream call failed request_id=a22f5db1de008210 err=ECONNRESET upstream=10.0.3.44:8443 (retries exhausted),,,a22f5db1de008210,,ECONNRESET,10.0.3.44:8443
2026-07-02 18:52:36.826,ERROR,worker,21219,upstream call failed request_id=22530d12e69a1e1a err=ECONNRESET upstream=10.0.3.44:8443 (retries exhausted),,,22530d12e69a1e1a,,ECONNRESET,10.0.3.44:8443
2026-07-02 18:53:00.000,ERROR,metrics-worker,21234,AnalyticsUploadTimeout: failed to push metrics batch to analytics.internal:9092 (attempt 2/3),,AnalyticsUploadTimeout,,,,
2026-07-02 18:53:33.756,ERROR,worker,21251,upstream call failed request_id=677fdeb50f4a8d16 err=ECONNRESET upstream=10.0.3.44:8443 (retries exhausted),,,677fdeb50f4a8d16,,ECONNRESET,10.0.3.44:8443
2026-07-02 18:53:51.591,ERROR,worker,21260,upstream call failed request_id=8cd566a67f98ba3e err=ECONNRESET upstream=10.0.3.44:8443 (retries exhausted),,,8cd566a67f98ba3e,,ECONNRESET,10.0.3.44:8443
2026-07-02 18:53:52.802,ERROR,worker,21262,upstream call failed request_id=80042e1b05a094fb err=ECONNRESET upstream=10.0.3.44:8443 (retries exhausted),,,80042e1b05a094fb,,ECONNRESET,10.0.3.44:8443
2026-07-02 18:53:54.584,ERROR,worker,21263,upstream call failed request_id=ab16c986bd1f96bb err=ECONNRESET upstream=10.0.3.44:8443 (retries exhausted),,,ab16c986bd1f96bb,,ECONNRESET,10.0.3.44:8443
2026-07-02 18:54:05.520,ERROR,worker,21273,upstream call failed request_id=66c5de9120c8ebea err=ECONNRESET upstream=10.0.3.44:8443 (retries exhausted),,,66c5de9120c8ebea,,ECONNRESET,10.0.3.44:8443
2026-07-02 18:54:11.108,ERROR,worker,21279,upstream call failed request_id=3c3aa16727cd86a4 err=ECONNRESET upstream=10.0.3.44:8443 (retries exhausted),,,3c3aa16727cd86a4,,ECONNRESET,10.0.3.44:8443
2026-07-02 18:54:14.411,ERROR,worker,21282,upstream call failed request_id=eac97952949cf522 err=ECONNRESET upstream=10.0.3.44:8443 (retries exhausted),,,eac97952949cf522,,ECONNRESET,10.0.3.44:8443
2026-07-02 18:54:15.263,ERROR,worker,21283,upstream call failed request_id=4f84a86f7b32b088 err=ECONNRESET upstream=10.0.3.44:8443 (retries exhausted),,,4f84a86f7b32b088,,ECONNRESET,10.0.3.44:8443
2026-07-02 18:54:21.766,ERROR,worker,21288,upstream call failed request_id=9a400ab7f823d53f err=ECONNRESET upstream=10.0.3.44:8443 (retries exhausted),,,9a400ab7f823d53f,,ECONNRESET,10.0.3.44:8443
2026-07-02 18:55:07.000,ERROR,metrics-worker,21311,AnalyticsUploadTimeout: failed to push metrics batch to analytics.internal:9092 (attempt 1/3),,AnalyticsUploadTimeout,,,,
2026-07-02 18:55:13.152,ERROR,worker,21315,upstream call failed request_id=1df719b2bef5bb4a err=ECONNRESET upstream=10.0.3.44:8443 (retries exhausted),,,1df719b2bef5bb4a,,ECONNRESET,10.0.3.44:8443
2026-07-02 18:55:16.461,ERROR,worker,21317,upstream call failed request_id=41e08a051026da1a err=ECONNRESET upstream=10.0.3.44:8443 (retries exhausted),,,41e08a051026da1a,,ECONNRESET,10.0.3.44:8443
2026-07-02 18:55:22.241,ERROR,worker,21323,upstream call failed request_id=efe14cecac9f6763 err=ECONNRESET upstream=10.0.3.44:8443 (retries exhausted),,,efe14cecac9f6763,,ECONNRESET,10.0.3.44:8443
2026-07-02 18:55:33.142,ERROR,worker,21329,upstream call failed request_id=79a666a76ea68fab err=ECONNRESET upstream=10.0.3.44:8443 (retries exhausted),,,79a666a76ea68fab,,ECONNRESET,10.0.3.44:8443
2026-07-02 18:55:58.580,ERROR,worker,21339,upstream call failed request_id=b24e3774f4c16a47 err=ECONNRESET upstream=10.0.3.44:8443 (retries exhausted),,,b24e3774f4c16a47,,ECONNRESET,10.0.3.44:8443
2026-07-02 18:56:02.320,ERROR,worker,21343,upstream call failed request_id=0e94d8b413cb68a3 err=ECONNRESET upstream=10.0.3.44:8443 (retries exhausted),,,0e94d8b413cb68a3,,ECONNRESET,10.0.3.44:8443
2026-07-02 18:56:16.733,ERROR,worker,21350,upstream call failed request_id=4de9156dad467cdc err=ECONNRESET upstream=10.0.3.44:8443 (retries exhausted),,,4de9156dad467cdc,,ECONNRESET,10.0.3.44:8443
2026-07-02 18:56:37.633,ERROR,worker,21360,upstream call failed request_id=3a9a780025ed5469 err=ECONNRESET upstream=10.0.3.44:8443 (retries exhausted),,,3a9a780025ed5469,,ECONNRESET,10.0.3.44:8443
2026-07-02 18:56:41.000,ERROR,metrics-worker,21362,AnalyticsUploadTimeout: failed to push metrics batch to analytics.internal:9092 (attempt 2/3),,AnalyticsUploadTimeout,,,,
2026-07-02 18:56:48.103,ERROR,worker,21363,upstream call failed request_id=65a9726d1386f5e9 err=ECONNRESET upstream=10.0.3.44:8443 (retries exhausted),,,65a9726d1386f5e9,,ECONNRESET,10.0.3.44:8443
2026-07-02 18:56:49.777,ERROR,worker,21365,upstream call failed request_id=769c1719932c7581 err=ECONNRESET upstream=10.0.3.44:8443 (retries exhausted),,,769c1719932c7581,,ECONNRESET,10.0.3.44:8443
2026-07-02 18:56:50.328,ERROR,worker,21366,upstream call failed request_id=02b01130bc504e70 err=ECONNRESET upstream=10.0.3.44:8443 (retries exhausted),,,02b01130bc504e70,,ECONNRESET,10.0.3.44:8443
2026-07-02 18:56:52.671,ERROR,worker,21370,upstream call failed request_id=079940f78341ea10 err=ECONNRESET upstream=10.0.3.44:8443 (retries exhausted),,,079940f78341ea10,,ECONNRESET,10.0.3.44:8443
2026-07-02 18:56:54.502,ERROR,worker,21373,upstream call failed request_id=22cc5b6d477652b2 err=ECONNRESET upstream=10.0.3.44:8443 (retries exhausted),,,22cc5b6d477652b2,,ECONNRESET,10.0.3.44:8443
2026-07-02 18:56:55.863,ERROR,worker,21374,upstream call failed request_id=cd8e315b56cf153e err=ECONNRESET upstream=10.0.3.44:8443 (retries exhausted),,,cd8e315b56cf153e,,ECONNRESET,10.0.3.44:8443
2026-07-02 18:57:00.349,ERROR,worker,21378,upstream call failed request_id=a2a9b3d3137ca4f9 err=ECONNRESET upstream=10.0.3.44:8443 (retries exhausted),,,a2a9b3d3137ca4f9,,ECONNRESET,10.0.3.44:8443
2026-07-02 18:57:28.910,ERROR,worker,21389,upstream call failed request_id=f1c6315de99deea8 err=ECONNRESET upstream=10.0.3.44:8443 (retries exhausted),,,f1c6315de99deea8,,ECONNRESET,10.0.3.44:8443
2026-07-02 18:57:29.812,ERROR,worker,21391,upstream call failed request_id=a2dded48a31f5ac2 err=ECONNRESET upstream=10.0.3.44:8443 (retries exhausted),,,a2dded48a31f5ac2,,ECONNRESET,10.0.3.44:8443
2026-07-02 18:57:40.348,ERROR,worker,21398,upstream call failed request_id=76b1cb410e5dc1f3 err=ECONNRESET upstream=10.0.3.44:8443 (retries exhausted),,,76b1cb410e5dc1f3,,ECONNRESET,10.0.3.44:8443
2026-07-02 18:57:55.058,ERROR,worker,21408,upstream call failed request_id=bd368e6775e6af57 err=ECONNRESET upstream=10.0.3.44:8443 (retries exhausted),,,bd368e6775e6af57,,ECONNRESET,10.0.3.44:8443
2026-07-02 18:57:59.693,ERROR,worker,21413,upstream call failed request_id=40cd69928505a9e7 err=ECONNRESET upstream=10.0.3.44:8443 (retries exhausted),,,40cd69928505a9e7,,ECONNRESET,10.0.3.44:8443
2026-07-02 18:58:02.531,ERROR,worker,21416,upstream call failed request_id=626e783e4c63a0bc err=ECONNRESET upstream=10.0.3.44:8443 (retries exhausted),,,626e783e4c63a0bc,,ECONNRESET,10.0.3.44:8443
2026-07-02 18:58:16.000,ERROR,metrics-worker,21422,AnalyticsUploadTimeout: failed to push metrics batch to analytics.internal:9092 (attempt 1/3),,AnalyticsUploadTimeout,,,,
2026-07-02 18:58:35.828,ERROR,worker,21435,upstream call failed request_id=a14d0b3f7c4c3e2c err=ECONNRESET upstream=10.0.3.44:8443 (retries exhausted),,,a14d0b3f7c4c3e2c,,ECONNRESET,10.0.3.44:8443
2026-07-02 18:58:38.127,ERROR,worker,21439,upstream call failed request_id=bb35df3eb572eb96 err=ECONNRESET upstream=10.0.3.44:8443 (retries exhausted),,,bb35df3eb572eb96,,ECONNRESET,10.0.3.44:8443
2026-07-02 18:58:59.890,ERROR,worker,21450,upstream call failed request_id=495d1eccfe045404 err=ECONNRESET upstream=10.0.3.44:8443 (retries exhausted),,,495d1eccfe045404,,ECONNRESET,10.0.3.44:8443
2026-07-02 18:59:00.915,ERROR,worker,21452,upstream call failed request_id=5da4a65c4aef717b err=ECONNRESET upstream=10.0.3.44:8443 (retries exhausted),,,5da4a65c4aef717b,,ECONNRESET,10.0.3.44:8443
2026-07-02 18:59:05.359,ERROR,worker,21454,upstream call failed request_id=4b54ce69fba6b668 err=ECONNRESET upstream=10.0.3.44:8443 (retries exhausted),,,4b54ce69fba6b668,,ECONNRESET,10.0.3.44:8443
2026-07-02 18:59:08.815,ERROR,worker,21456,upstream call failed request_id=82540b3176818948 err=ECONNRESET upstream=10.0.3.44:8443 (retries exhausted),,,82540b3176818948,,ECONNRESET,10.0.3.44:8443
2026-07-02 18:59:16.271,ERROR,worker,21461,upstream call failed request_id=c990b00f3d403a4b err=ECONNRESET upstream=10.0.3.44:8443 (retries exhausted),,,c990b00f3d403a4b,,ECONNRESET,10.0.3.44:8443
2026-07-02 18:59:23.529,ERROR,worker,21466,upstream call failed request_id=86e028b51bf362e5 err=ECONNRESET upstream=10.0.3.44:8443 (retries exhausted),,,86e028b51bf362e5,,ECONNRESET,10.0.3.44:8443
2026-07-02 18:59:25.858,ERROR,worker,21467,upstream call failed request_id=9de8bc9ca676e58b err=ECONNRESET upstream=10.0.3.44:8443 (retries exhausted),,,9de8bc9ca676e58b,,ECONNRESET,10.0.3.44:8443
2026-07-02 18:59:40.000,ERROR,metrics-worker,21478,AnalyticsUploadTimeout: failed to push metrics batch to analytics.internal:9092 (attempt 1/3),,AnalyticsUploadTimeout,,,,
2026-07-02 18:59:54.154,ERROR,worker,21487,upstream call failed request_id=8182c4d6174251fc err=ECONNRESET upstream=10.0.3.44:8443 (retries exhausted),,,8182c4d6174251fc,,ECONNRESET,10.0.3.44:8443
2026-07-02 18:59:56.885,ERROR,worker,21489,upstream call failed request_id=2d8ad95c53fef733 err=ECONNRESET upstream=10.0.3.44:8443 (retries exhausted),,,2d8ad95c53fef733,,ECONNRESET,10.0.3.44:8443
2026-07-02 19:00:12.321,ERROR,worker,21500,upstream call failed request_id=575cc00a44302b04 err=ECONNRESET upstream=10.0.3.44:8443 (retries exhausted),,,575cc00a44302b04,,ECONNRESET,10.0.3.44:8443
2026-07-02 19:00:17.822,ERROR,worker,21503,upstream call failed request_id=01e6583bcd265a93 err=ECONNRESET upstream=10.0.3.44:8443 (retries exhausted),,,01e6583bcd265a93,,ECONNRESET,10.0.3.44:8443
2026-07-02 19:01:00.483,ERROR,worker,21531,upstream call failed request_id=73d02d2482f46cc4 err=ECONNRESET upstream=10.0.3.44:8443 (retries exhausted),,,73d02d2482f46cc4,,ECONNRESET,10.0.3.44:8443
2026-07-02 19:01:02.051,ERROR,worker,21532,upstream call failed request_id=e0e95ccc318afa9c err=ECONNRESET upstream=10.0.3.44:8443 (retries exhausted),,,e0e95ccc318afa9c,,ECONNRESET,10.0.3.44:8443
2026-07-02 19:01:05.000,ERROR,metrics-worker,21535,AnalyticsUploadTimeout: failed to push metrics batch to analytics.internal:9092 (attempt 3/3),,AnalyticsUploadTimeout,,,,
2026-07-02 19:01:10.910,ERROR,worker,21538,upstream call failed request_id=408cf6849594b60a err=ECONNRESET upstream=10.0.3.44:8443 (retries exhausted),,,408cf6849594b60a,,ECONNRESET,10.0.3.44:8443
2026-07-02 19:01:29.740,ERROR,worker,21551,upstream call failed request_id=ac243b176c3e2298 err=ECONNRESET upstream=10.0.3.44:8443 (retries exhausted),,,ac243b176c3e2298,,ECONNRESET,10.0.3.44:8443
2026-07-02 19:01:33.105,ERROR,worker,21554,upstream call failed request_id=ae3813fcd180bebc err=ECONNRESET upstream=10.0.3.44:8443 (retries exhausted),,,ae3813fcd180bebc,,ECONNRESET,10.0.3.44:8443
2026-07-02 19:01:41.559,ERROR,worker,21557,upstream call failed request_id=2b5224eec0d89da8 err=ECONNRESET upstream=10.0.3.44:8443 (retries exhausted),,,2b5224eec0d89da8,,ECONNRESET,10.0.3.44:8443
2026-07-02 19:01:42.097,ERROR,worker,21559,upstream call failed request_id=8e3cc47ed40ea966 err=ECONNRESET upstream=10.0.3.44:8443 (retries exhausted),,,8e3cc47ed40ea966,,ECONNRESET,10.0.3.44:8443
2026-07-02 19:01:52.907,ERROR,worker,21566,upstream call failed request_id=b5a76caa494d858e err=ECONNRESET upstream=10.0.3.44:8443 (retries exhausted),,,b5a76caa494d858e,,ECONNRESET,10.0.3.44:8443
2026-07-02 19:01:55.824,ERROR,worker,21568,upstream call failed request_id=8be4de812e3b5d2a err=ECONNRESET upstream=10.0.3.44:8443 (retries exhausted),,,8be4de812e3b5d2a,,ECONNRESET,10.0.3.44:8443
2026-07-02 19:02:09.414,ERROR,worker,21578,upstream call failed request_id=b410b83753f472ce err=ECONNRESET upstream=10.0.3.44:8443 (retries exhausted),,,b410b83753f472ce,,ECONNRESET,10.0.3.44:8443
2026-07-02 19:02:20.546,ERROR,worker,21582,upstream call failed request_id=a9667439788d9e17 err=ECONNRESET upstream=10.0.3.44:8443 (retries exhausted),,,a9667439788d9e17,,ECONNRESET,10.0.3.44:8443
2026-07-02 19:02:24.000,ERROR,metrics-worker,21584,AnalyticsUploadTimeout: failed to push metrics batch to analytics.internal:9092 (attempt 3/3),,AnalyticsUploadTimeout,,,,
2026-07-02 19:02:56.825,ERROR,worker,21601,upstream call failed request_id=54625e68cd686caf err=ECONNRESET upstream=10.0.3.44:8443 (retries exhausted),,,54625e68cd686caf,,ECONNRESET,10.0.3.44:8443
2026-07-02 19:03:04.728,ERROR,worker,21604,upstream call failed request_id=5930dde2aa47defd err=ECONNRESET upstream=10.0.3.44:8443 (retries exhausted),,,5930dde2aa47defd,,ECONNRESET,10.0.3.44:8443
2026-07-02 19:03:06.619,ERROR,worker,21606,upstream call failed request_id=459f010aed837675 err=ECONNRESET upstream=10.0.3.44:8443 (retries exhausted),,,459f010aed837675,,ECONNRESET,10.0.3.44:8443
2026-07-02 19:03:22.819,ERROR,worker,21618,upstream call failed request_id=564e7d18b5cc05c2 err=ECONNRESET upstream=10.0.3.44:8443 (retries exhausted),,,564e7d18b5cc05c2,,ECONNRESET,10.0.3.44:8443
2026-07-02 19:03:23.266,ERROR,worker,21619,upstream call failed request_id=2567c5debd331fe8 err=ECONNRESET upstream=10.0.3.44:8443 (retries exhausted),,,2567c5debd331fe8,,ECONNRESET,10.0.3.44:8443
2026-07-02 19:03:32.781,ERROR,worker,21630,upstream call failed request_id=636faa33c86c1e0a err=ECONNRESET upstream=10.0.3.44:8443 (retries exhausted),,,636faa33c86c1e0a,,ECONNRESET,10.0.3.44:8443
2026-07-02 19:03:41.684,ERROR,worker,21637,upstream call failed request_id=47a9f1eab727f7b7 err=ECONNRESET upstream=10.0.3.44:8443 (retries exhausted),,,47a9f1eab727f7b7,,ECONNRESET,10.0.3.44:8443
2026-07-02 19:03:54.205,ERROR,worker,21641,upstream call failed request_id=f9b903e75ca48213 err=ECONNRESET upstream=10.0.3.44:8443 (retries exhausted),,,f9b903e75ca48213,,ECONNRESET,10.0.3.44:8443
2026-07-02 19:04:00.027,ERROR,worker,21645,upstream call failed request_id=51b89ec0255ac416 err=ECONNRESET upstream=10.0.3.44:8443 (retries exhausted),,,51b89ec0255ac416,,ECONNRESET,10.0.3.44:8443
2026-07-02 19:04:05.270,ERROR,worker,21647,upstream call failed request_id=2e1006b1e4705bb9 err=ECONNRESET upstream=10.0.3.44:8443 (retries exhausted),,,2e1006b1e4705bb9,,ECONNRESET,10.0.3.44:8443
2026-07-02 19:04:10.843,ERROR,worker,21650,upstream call failed request_id=06b05fea76352213 err=ECONNRESET upstream=10.0.3.44:8443 (retries exhausted),,,06b05fea76352213,,ECONNRESET,10.0.3.44:8443
2026-07-02 19:04:14.994,ERROR,worker,21651,upstream call failed request_id=6a5d991537e894ce err=ECONNRESET upstream=10.0.3.44:8443 (retries exhausted),,,6a5d991537e894ce,,ECONNRESET,10.0.3.44:8443
2026-07-02 19:04:24.456,ERROR,worker,21652,upstream call failed request_id=f75e0dee96a63dc0 err=ECONNRESET upstream=10.0.3.44:8443 (retries exhausted),,,f75e0dee96a63dc0,,ECONNRESET,10.0.3.44:8443
2026-07-02 19:04:37.670,ERROR,worker,21663,upstream call failed request_id=abc7aae01d82667d err=ECONNRESET upstream=10.0.3.44:8443 (retries exhausted),,,abc7aae01d82667d,,ECONNRESET,10.0.3.44:8443
2026-07-02 19:04:52.000,ERROR,metrics-worker,21670,AnalyticsUploadTimeout: failed to push metrics batch to analytics.internal:9092 (attempt 2/3),,AnalyticsUploadTimeout,,,,
2026-07-02 19:05:28.369,ERROR,worker,21694,upstream call failed request_id=dc5e6055c386c882 err=ECONNRESET upstream=10.0.3.44:8443 (retries exhausted),,,dc5e6055c386c882,,ECONNRESET,10.0.3.44:8443
2026-07-02 19:05:32.679,ERROR,worker,21700,upstream call failed request_id=e736a5ed742be48f err=ECONNRESET upstream=10.0.3.44:8443 (retries exhausted),,,e736a5ed742be48f,,ECONNRESET,10.0.3.44:8443
2026-07-02 19:05:41.167,ERROR,worker,21705,upstream call failed request_id=ff2a90e2807c612d err=ECONNRESET upstream=10.0.3.44:8443 (retries exhausted),,,ff2a90e2807c612d,,ECONNRESET,10.0.3.44:8443
2026-07-02 19:05:46.151,ERROR,worker,21711,upstream call failed request_id=f305bab5ff06cfc4 err=ECONNRESET upstream=10.0.3.44:8443 (retries exhausted),,,f305bab5ff06cfc4,,ECONNRESET,10.0.3.44:8443
2026-07-02 19:05:49.794,ERROR,worker,21712,upstream call failed request_id=dfee8d01213e4b3f err=ECONNRESET upstream=10.0.3.44:8443 (retries exhausted),,,dfee8d01213e4b3f,,ECONNRESET,10.0.3.44:8443
2026-07-02 19:05:59.319,ERROR,worker,21722,upstream call failed request_id=6c3673e5a66f3144 err=ECONNRESET upstream=10.0.3.44:8443 (retries exhausted),,,6c3673e5a66f3144,,ECONNRESET,10.0.3.44:8443
2026-07-02 19:06:00.781,ERROR,worker,21725,upstream call failed request_id=e00c83ebb4769345 err=ECONNRESET upstream=10.0.3.44:8443 (retries exhausted),,,e00c83ebb4769345,,ECONNRESET,10.0.3.44:8443
2026-07-02 19:06:11.155,ERROR,worker,21730,upstream call failed request_id=0c33ecd1771317e3 err=ECONNRESET upstream=10.0.3.44:8443 (retries exhausted),,,0c33ecd1771317e3,,ECONNRESET,10.0.3.44:8443
2026-07-02 19:06:28.000,ERROR,metrics-worker,21738,AnalyticsUploadTimeout: failed to push metrics batch to analytics.internal:9092 (attempt 1/3),,AnalyticsUploadTimeout,,,,
2026-07-02 19:06:36.966,ERROR,worker,21743,upstream call failed request_id=24cb5d7d1fef577a err=ECONNRESET upstream=10.0.3.44:8443 (retries exhausted),,,24cb5d7d1fef577a,,ECONNRESET,10.0.3.44:8443
2026-07-02 19:06:47.693,ERROR,worker,21752,upstream call failed request_id=c69a25a2602f33ae err=ECONNRESET upstream=10.0.3.44:8443 (retries exhausted),,,c69a25a2602f33ae,,ECONNRESET,10.0.3.44:8443
2026-07-02 19:06:50.524,ERROR,worker,21753,upstream call failed request_id=61009a64aa50187b err=ECONNRESET upstream=10.0.3.44:8443 (retries exhausted),,,61009a64aa50187b,,ECONNRESET,10.0.3.44:8443
2026-07-02 19:06:57.413,ERROR,worker,21758,upstream call failed request_id=541a294a87e9c871 err=ECONNRESET upstream=10.0.3.44:8443 (retries exhausted),,,541a294a87e9c871,,ECONNRESET,10.0.3.44:8443
2026-07-02 19:07:04.275,ERROR,worker,21765,upstream call failed request_id=715ac173f7fc631b err=ECONNRESET upstream=10.0.3.44:8443 (retries exhausted),,,715ac173f7fc631b,,ECONNRESET,10.0.3.44:8443
2026-07-02 19:07:05.127,ERROR,worker,21766,upstream call failed request_id=defc4cbb654c27f2 err=ECONNRESET upstream=10.0.3.44:8443 (retries exhausted),,,defc4cbb654c27f2,,ECONNRESET,10.0.3.44:8443
2026-07-02 19:07:07.749,ERROR,worker,21771,upstream call failed request_id=f1cf4f4e4b27487e err=ECONNRESET upstream=10.0.3.44:8443 (retries exhausted),,,f1cf4f4e4b27487e,,ECONNRESET,10.0.3.44:8443
2026-07-02 19:07:16.810,ERROR,worker,21778,upstream call failed request_id=0c51cbcee2dcf53d err=ECONNRESET upstream=10.0.3.44:8443 (retries exhausted),,,0c51cbcee2dcf53d,,ECONNRESET,10.0.3.44:8443
2026-07-02 19:07:28.366,ERROR,worker,21785,upstream call failed request_id=085a9857ebdbf73a err=ECONNRESET upstream=10.0.3.44:8443 (retries exhausted),,,085a9857ebdbf73a,,ECONNRESET,10.0.3.44:8443
2026-07-02 19:07:32.288,ERROR,worker,21787,upstream call failed request_id=02853af307507c25 err=ECONNRESET upstream=10.0.3.44:8443 (retries exhausted),,,02853af307507c25,,ECONNRESET,10.0.3.44:8443
2026-07-02 19:07:36.283,ERROR,worker,21791,upstream call failed request_id=7bed733a3180348b err=ECONNRESET upstream=10.0.3.44:8443 (retries exhausted),,,7bed733a3180348b,,ECONNRESET,10.0.3.44:8443
2026-07-02 19:07:38.670,ERROR,worker,21793,upstream call failed request_id=7a4669b55480fb39 err=ECONNRESET upstream=10.0.3.44:8443 (retries exhausted),,,7a4669b55480fb39,,ECONNRESET,10.0.3.44:8443
2026-07-02 19:07:53.951,ERROR,worker,21805,upstream call failed request_id=6359b9e1d48a109b err=ECONNRESET upstream=10.0.3.44:8443 (retries exhausted),,,6359b9e1d48a109b,,ECONNRESET,10.0.3.44:8443
2026-07-02 19:07:54.711,ERROR,worker,21806,upstream call failed request_id=71ada0ae2840f2a3 err=ECONNRESET upstream=10.0.3.44:8443 (retries exhausted),,,71ada0ae2840f2a3,,ECONNRESET,10.0.3.44:8443
2026-07-02 19:08:24.000,ERROR,metrics-worker,21824,AnalyticsUploadTimeout: failed to push metrics batch to analytics.internal:9092 (attempt 3/3),,AnalyticsUploadTimeout,,,,
2026-07-02 19:08:24.093,ERROR,worker,21825,upstream call failed request_id=cff74c8f86534c9d err=ECONNRESET upstream=10.0.3.44:8443 (retries exhausted),,,cff74c8f86534c9d,,ECONNRESET,10.0.3.44:8443
2026-07-02 19:08:50.978,ERROR,worker,21840,upstream call failed request_id=bb01528a0efeeb3e err=ECONNRESET upstream=10.0.3.44:8443 (retries exhausted),,,bb01528a0efeeb3e,,ECONNRESET,10.0.3.44:8443
2026-07-02 19:09:14.524,ERROR,worker,21846,upstream call failed request_id=b1bd6fe7fbe89aa4 err=ECONNRESET upstream=10.0.3.44:8443 (retries exhausted),,,b1bd6fe7fbe89aa4,,ECONNRESET,10.0.3.44:8443
2026-07-02 19:09:17.490,ERROR,worker,21848,upstream call failed request_id=ac68fcd2eb681dc1 err=ECONNRESET upstream=10.0.3.44:8443 (retries exhausted),,,ac68fcd2eb681dc1,,ECONNRESET,10.0.3.44:8443
2026-07-02 19:09:19.453,ERROR,worker,21849,upstream call failed request_id=4ed3369d4bc195b3 err=ECONNRESET upstream=10.0.3.44:8443 (retries exhausted),,,4ed3369d4bc195b3,,ECONNRESET,10.0.3.44:8443
2026-07-02 19:09:37.511,ERROR,worker,21861,upstream call failed request_id=7539398ca15a349f err=ECONNRESET upstream=10.0.3.44:8443 (retries exhausted),,,7539398ca15a349f,,ECONNRESET,10.0.3.44:8443
2026-07-02 19:09:44.244,ERROR,worker,21865,upstream call failed request_id=92706b20ae4cffcf err=ECONNRESET upstream=10.0.3.44:8443 (retries exhausted),,,92706b20ae4cffcf,,ECONNRESET,10.0.3.44:8443
2026-07-02 19:09:59.403,ERROR,worker,21883,upstream call failed request_id=11bb532e59c9ed1e err=ECONNRESET upstream=10.0.3.44:8443 (retries exhausted),,,11bb532e59c9ed1e,,ECONNRESET,10.0.3.44:8443
2026-07-02 19:10:08.700,ERROR,worker,21890,upstream call failed request_id=b814ff47814c4325 err=ECONNRESET upstream=10.0.3.44:8443 (retries exhausted),,,b814ff47814c4325,,ECONNRESET,10.0.3.44:8443
2026-07-02 19:10:22.078,ERROR,worker,21897,upstream call failed request_id=1ecac97133f97507 err=ECONNRESET upstream=10.0.3.44:8443 (retries exhausted),,,1ecac97133f97507,,ECONNRESET,10.0.3.44:8443
2026-07-02 19:10:23.294,ERROR,worker,21899,upstream call failed request_id=895b080a9afd33ac err=ECONNRESET upstream=10.0.3.44:8443 (retries exhausted),,,895b080a9afd33ac,,ECONNRESET,10.0.3.44:8443
2026-07-02 19:10:25.000,ERROR,metrics-worker,21902,AnalyticsUploadTimeout: failed to push metrics batch to analytics.internal:9092 (attempt 2/3),,AnalyticsUploadTimeout,,,,
2026-07-02 19:10:27.819,ERROR,worker,21904,upstream call failed request_id=b0e770819d32b696 err=ECONNRESET upstream=10.0.3.44:8443 (retries exhausted),,,b0e770819d32b696,,ECONNRESET,10.0.3.44:8443
2026-07-02 19:10:44.518,ERROR,worker,21909,upstream call failed request_id=481f92dc097d5f95 err=ECONNRESET upstream=10.0.3.44:8443 (retries exhausted),,,481f92dc097d5f95,,ECONNRESET,10.0.3.44:8443
2026-07-02 19:10:51.217,ERROR,worker,21913,upstream call failed request_id=42609ac374195ce4 err=ECONNRESET upstream=10.0.3.44:8443 (retries exhausted),,,42609ac374195ce4,,ECONNRESET,10.0.3.44:8443
2026-07-02 19:11:08.128,ERROR,worker,21920,upstream call failed request_id=0d3ca7e70a6950f2 err=ECONNRESET upstream=10.0.3.44:8443 (retries exhausted),,,0d3ca7e70a6950f2,,ECONNRESET,10.0.3.44:8443
2026-07-02 19:11:08.329,ERROR,worker,21921,upstream call failed request_id=58ef3e3ff278cc3e err=ECONNRESET upstream=10.0.3.44:8443 (retries exhausted),,,58ef3e3ff278cc3e,,ECONNRESET,10.0.3.44:8443
2026-07-02 19:11:22.314,ERROR,worker,21927,upstream call failed request_id=db76fcd73ffb3cf6 err=ECONNRESET upstream=10.0.3.44:8443 (retries exhausted),,,db76fcd73ffb3cf6,,ECONNRESET,10.0.3.44:8443
2026-07-02 19:11:50.710,ERROR,worker,21944,upstream call failed request_id=d18b050b5aa73196 err=ECONNRESET upstream=10.0.3.44:8443 (retries exhausted),,,d18b050b5aa73196,,ECONNRESET,10.0.3.44:8443
2026-07-02 19:11:55.240,ERROR,worker,21947,upstream call failed request_id=f5d33604b58051f1 err=ECONNRESET upstream=10.0.3.44:8443 (retries exhausted),,,f5d33604b58051f1,,ECONNRESET,10.0.3.44:8443
2026-07-02 19:11:55.561,ERROR,worker,21948,upstream call failed request_id=655ff3988c214e4a err=ECONNRESET upstream=10.0.3.44:8443 (retries exhausted),,,655ff3988c214e4a,,ECONNRESET,10.0.3.44:8443
2026-07-02 19:12:02.504,ERROR,worker,21950,upstream call failed request_id=e35673911667cc35 err=ECONNRESET upstream=10.0.3.44:8443 (retries exhausted),,,e35673911667cc35,,ECONNRESET,10.0.3.44:8443
2026-07-02 19:12:18.566,ERROR,worker,21961,upstream call failed request_id=6f4cdfa61cda628d err=ECONNRESET upstream=10.0.3.44:8443 (retries exhausted),,,6f4cdfa61cda628d,,ECONNRESET,10.0.3.44:8443
2026-07-02 19:12:25.657,ERROR,worker,21966,upstream call failed request_id=6cf1ea15ad45e4ad err=ECONNRESET upstream=10.0.3.44:8443 (retries exhausted),,,6cf1ea15ad45e4ad,,ECONNRESET,10.0.3.44:8443
2026-07-02 19:12:41.517,ERROR,worker,21973,upstream call failed request_id=eeca91da78f45174 err=ECONNRESET upstream=10.0.3.44:8443 (retries exhausted),,,eeca91da78f45174,,ECONNRESET,10.0.3.44:8443
2026-07-02 19:12:49.000,ERROR,metrics-worker,21977,AnalyticsUploadTimeout: failed to push metrics batch to analytics.internal:9092 (attempt 2/3),,AnalyticsUploadTimeout,,,,
2026-07-02 19:13:01.120,ERROR,worker,21988,upstream call failed request_id=c8813faf225f43ec err=ECONNRESET upstream=10.0.3.44:8443 (retries exhausted),,,c8813faf225f43ec,,ECONNRESET,10.0.3.44:8443
2026-07-02 19:13:25.379,ERROR,worker,21998,upstream call failed request_id=1ba90f5b94fae127 err=ECONNRESET upstream=10.0.3.44:8443 (retries exhausted),,,1ba90f5b94fae127,,ECONNRESET,10.0.3.44:8443
2026-07-02 19:13:35.088,ERROR,worker,22001,upstream call failed request_id=6b35aec7c6dad309 err=ECONNRESET upstream=10.0.3.44:8443 (retries exhausted),,,6b35aec7c6dad309,,ECONNRESET,10.0.3.44:8443
2026-07-02 19:13:52.166,ERROR,worker,22012,upstream call failed request_id=617b113c0a0069d7 err=ECONNRESET upstream=10.0.3.44:8443 (retries exhausted),,,617b113c0a0069d7,,ECONNRESET,10.0.3.44:8443
2026-07-02 19:13:53.745,ERROR,worker,22013,upstream call failed request_id=4144b09aebb9950a err=ECONNRESET upstream=10.0.3.44:8443 (retries exhausted),,,4144b09aebb9950a,,ECONNRESET,10.0.3.44:8443
2026-07-02 19:13:56.194,ERROR,worker,22015,upstream call failed request_id=547f342578c0ec7f err=ECONNRESET upstream=10.0.3.44:8443 (retries exhausted),,,547f342578c0ec7f,,ECONNRESET,10.0.3.44:8443
2026-07-02 19:13:57.254,ERROR,worker,22016,upstream call failed request_id=315a888e9cfb7fd1 err=ECONNRESET upstream=10.0.3.44:8443 (retries exhausted),,,315a888e9cfb7fd1,,ECONNRESET,10.0.3.44:8443
2026-07-02 19:14:00.350,ERROR,worker,22017,upstream call failed request_id=ceb77a0ba1760390 err=ECONNRESET upstream=10.0.3.44:8443 (retries exhausted),,,ceb77a0ba1760390,,ECONNRESET,10.0.3.44:8443
2026-07-02 19:14:01.047,ERROR,worker,22018,upstream call failed request_id=7403821049667ded err=ECONNRESET upstream=10.0.3.44:8443 (retries exhausted),,,7403821049667ded,,ECONNRESET,10.0.3.44:8443
2026-07-02 19:14:10.986,ERROR,worker,22028,upstream call failed request_id=3189f2a7826f48be err=ECONNRESET upstream=10.0.3.44:8443 (retries exhausted),,,3189f2a7826f48be,,ECONNRESET,10.0.3.44:8443
2026-07-02 19:14:26.130,ERROR,worker,22036,upstream call failed request_id=3924560d09cc73e2 err=ECONNRESET upstream=10.0.3.44:8443 (retries exhausted),,,3924560d09cc73e2,,ECONNRESET,10.0.3.44:8443
2026-07-02 19:14:28.332,ERROR,worker,22038,upstream call failed request_id=784f5324e04993fe err=ECONNRESET upstream=10.0.3.44:8443 (retries exhausted),,,784f5324e04993fe,,ECONNRESET,10.0.3.44:8443
2026-07-02 19:14:47.609,ERROR,worker,22046,upstream call failed request_id=62a9af9853b1ee5f err=ECONNRESET upstream=10.0.3.44:8443 (retries exhausted),,,62a9af9853b1ee5f,,ECONNRESET,10.0.3.44:8443
2026-07-02 19:14:57.463,ERROR,worker,22053,upstream call failed request_id=c02b62ecc6ad300c err=ECONNRESET upstream=10.0.3.44:8443 (retries exhausted),,,c02b62ecc6ad300c,,ECONNRESET,10.0.3.44:8443
2026-07-02 19:14:58.000,ERROR,metrics-worker,22054,AnalyticsUploadTimeout: failed to push metrics batch to analytics.internal:9092 (attempt 3/3),,AnalyticsUploadTimeout,,,,
2026-07-02 19:15:00.345,ERROR,worker,22056,upstream call failed request_id=0bae9371e3822b51 err=ECONNRESET upstream=10.0.3.44:8443 (retries exhausted),,,0bae9371e3822b51,,ECONNRESET,10.0.3.44:8443
2026-07-02 19:15:11.121,ERROR,worker,22063,upstream call failed request_id=2ebcdb91004a4b51 err=ECONNRESET upstream=10.0.3.44:8443 (retries exhausted),,,2ebcdb91004a4b51,,ECONNRESET,10.0.3.44:8443
2026-07-02 19:15:24.577,ERROR,worker,22071,upstream call failed request_id=c34a23eb56dd0809 err=ECONNRESET upstream=10.0.3.44:8443 (retries exhausted),,,c34a23eb56dd0809,,ECONNRESET,10.0.3.44:8443
2026-07-02 19:15:39.176,ERROR,worker,22080,upstream call failed request_id=48f9eed1ecfc1b62 err=ECONNRESET upstream=10.0.3.44:8443 (retries exhausted),,,48f9eed1ecfc1b62,,ECONNRESET,10.0.3.44:8443
2026-07-02 19:15:47.567,ERROR,worker,22084,upstream call failed request_id=34ec2950ef7ab025 err=ECONNRESET upstream=10.0.3.44:8443 (retries exhausted),,,34ec2950ef7ab025,,ECONNRESET,10.0.3.44:8443
2026-07-02 19:16:01.867,ERROR,worker,22090,upstream call failed request_id=e9de7ab0d58760ed err=ECONNRESET upstream=10.0.3.44:8443 (retries exhausted),,,e9de7ab0d58760ed,,ECONNRESET,10.0.3.44:8443
2026-07-02 19:16:23.000,ERROR,metrics-worker,22104,AnalyticsUploadTimeout: failed to push metrics batch to analytics.internal:9092 (attempt 3/3),,AnalyticsUploadTimeout,,,,
2026-07-02 19:16:26.015,ERROR,worker,22107,upstream call failed request_id=6af3bf2f0f21d961 err=ECONNRESET upstream=10.0.3.44:8443 (retries exhausted),,,6af3bf2f0f21d961,,ECONNRESET,10.0.3.44:8443
2026-07-02 19:16:39.006,ERROR,worker,22115,upstream call failed request_id=a08e617315417882 err=ECONNRESET upstream=10.0.3.44:8443 (retries exhausted),,,a08e617315417882,,ECONNRESET,10.0.3.44:8443
2026-07-02 19:16:41.115,ERROR,worker,22116,upstream call failed request_id=a56c6660d96bf32b err=ECONNRESET upstream=10.0.3.44:8443 (retries exhausted),,,a56c6660d96bf32b,,ECONNRESET,10.0.3.44:8443
2026-07-02 19:16:49.760,ERROR,worker,22122,upstream call failed request_id=b794b89f1d075d19 err=ECONNRESET upstream=10.0.3.44:8443 (retries exhausted),,,b794b89f1d075d19,,ECONNRESET,10.0.3.44:8443
2026-07-02 19:17:10.991,ERROR,worker,22134,upstream call failed request_id=cbc853fdbb559d94 err=ECONNRESET upstream=10.0.3.44:8443 (retries exhausted),,,cbc853fdbb559d94,,ECONNRESET,10.0.3.44:8443
2026-07-02 19:17:16.072,ERROR,worker,22142,upstream call failed request_id=454fb73e6b9c72bf err=ECONNRESET upstream=10.0.3.44:8443 (retries exhausted),,,454fb73e6b9c72bf,,ECONNRESET,10.0.3.44:8443
2026-07-02 19:17:22.826,ERROR,worker,22145,upstream call failed request_id=017a50462ec55343 err=ECONNRESET upstream=10.0.3.44:8443 (retries exhausted),,,017a50462ec55343,,ECONNRESET,10.0.3.44:8443
2026-07-02 19:17:36.160,ERROR,worker,22154,upstream call failed request_id=d8b0c82cdb3f2ae4 err=ECONNRESET upstream=10.0.3.44:8443 (retries exhausted),,,d8b0c82cdb3f2ae4,,ECONNRESET,10.0.3.44:8443
2026-07-02 19:17:45.886,ERROR,worker,22159,upstream call failed request_id=6a03224ef86d82cb err=ECONNRESET upstream=10.0.3.44:8443 (retries exhausted),,,6a03224ef86d82cb,,ECONNRESET,10.0.3.44:8443
2026-07-02 19:18:27.080,ERROR,worker,22189,upstream call failed request_id=d27c55598ba220a3 err=ECONNRESET upstream=10.0.3.44:8443 (retries exhausted),,,d27c55598ba220a3,,ECONNRESET,10.0.3.44:8443
2026-07-02 19:18:41.278,ERROR,worker,22198,upstream call failed request_id=f03f2328fe3ef08c err=ECONNRESET upstream=10.0.3.44:8443 (retries exhausted),,,f03f2328fe3ef08c,,ECONNRESET,10.0.3.44:8443
2026-07-02 19:18:42.122,ERROR,worker,22199,upstream call failed request_id=6f9afcc466bf3064 err=ECONNRESET upstream=10.0.3.44:8443 (retries exhausted),,,6f9afcc466bf3064,,ECONNRESET,10.0.3.44:8443
2026-07-02 19:18:44.000,ERROR,metrics-worker,22200,AnalyticsUploadTimeout: failed to push metrics batch to analytics.internal:9092 (attempt 2/3),,AnalyticsUploadTimeout,,,,
2026-07-02 19:19:05.753,ERROR,worker,22214,upstream call failed request_id=3d016991f646dd3e err=ECONNRESET upstream=10.0.3.44:8443 (retries exhausted),,,3d016991f646dd3e,,ECONNRESET,10.0.3.44:8443
2026-07-02 19:19:48.814,ERROR,worker,22232,upstream call failed request_id=342b6bf07e83b7b7 err=ECONNRESET upstream=10.0.3.44:8443 (retries exhausted),,,342b6bf07e83b7b7,,ECONNRESET,10.0.3.44:8443
2026-07-02 19:19:51.097,ERROR,worker,22236,upstream call failed request_id=104055147e52a476 err=ECONNRESET upstream=10.0.3.44:8443 (retries exhausted),,,104055147e52a476,,ECONNRESET,10.0.3.44:8443
2026-07-02 19:19:57.223,ERROR,worker,22240,upstream call failed request_id=a992131465b63574 err=ECONNRESET upstream=10.0.3.44:8443 (retries exhausted),,,a992131465b63574,,ECONNRESET,10.0.3.44:8443
2026-07-02 19:20:10.967,ERROR,worker,22247,upstream call failed request_id=e8123993ed86030b err=ECONNRESET upstream=10.0.3.44:8443 (retries exhausted),,,e8123993ed86030b,,ECONNRESET,10.0.3.44:8443
2026-07-02 19:20:25.042,ERROR,worker,22254,upstream call failed request_id=857c3f9d38390c0a err=ECONNRESET upstream=10.0.3.44:8443 (retries exhausted),,,857c3f9d38390c0a,,ECONNRESET,10.0.3.44:8443
2026-07-02 19:20:32.498,ERROR,worker,22260,upstream call failed request_id=7a797f164d6f9966 err=ECONNRESET upstream=10.0.3.44:8443 (retries exhausted),,,7a797f164d6f9966,,ECONNRESET,10.0.3.44:8443
2026-07-02 19:20:32.636,ERROR,worker,22262,upstream call failed request_id=75bed8877b834cde err=ECONNRESET upstream=10.0.3.44:8443 (retries exhausted),,,75bed8877b834cde,,ECONNRESET,10.0.3.44:8443
2026-07-02 19:20:38.564,ERROR,worker,22265,upstream call failed request_id=9757ec978b8ce3ba err=ECONNRESET upstream=10.0.3.44:8443 (retries exhausted),,,9757ec978b8ce3ba,,ECONNRESET,10.0.3.44:8443
2026-07-02 19:20:55.953,ERROR,worker,22275,upstream call failed request_id=c39028a54fc85f90 err=ECONNRESET upstream=10.0.3.44:8443 (retries exhausted),,,c39028a54fc85f90,,ECONNRESET,10.0.3.44:8443
2026-07-02 19:20:57.030,ERROR,worker,22277,upstream call failed request_id=88f5b1f9c896f1da err=ECONNRESET upstream=10.0.3.44:8443 (retries exhausted),,,88f5b1f9c896f1da,,ECONNRESET,10.0.3.44:8443
2026-07-02 19:21:09.949,ERROR,worker,22284,upstream call failed request_id=d9beb8f24fd33ff5 err=ECONNRESET upstream=10.0.3.44:8443 (retries exhausted),,,d9beb8f24fd33ff5,,ECONNRESET,10.0.3.44:8443
2026-07-02 19:21:10.000,ERROR,metrics-worker,22285,AnalyticsUploadTimeout: failed to push metrics batch to analytics.internal:9092 (attempt 1/3),,AnalyticsUploadTimeout,,,,
2026-07-02 19:21:33.566,ERROR,worker,22293,upstream call failed request_id=ab2f9c8443e63357 err=ECONNRESET upstream=10.0.3.44:8443 (retries exhausted),,,ab2f9c8443e63357,,ECONNRESET,10.0.3.44:8443
2026-07-02 19:22:02.247,ERROR,worker,22309,upstream call failed request_id=700a310c46a0d0b8 err=ECONNRESET upstream=10.0.3.44:8443 (retries exhausted),,,700a310c46a0d0b8,,ECONNRESET,10.0.3.44:8443
2026-07-02 19:22:03.479,ERROR,worker,22312,upstream call failed request_id=45fe3f1e1699428d err=ECONNRESET upstream=10.0.3.44:8443 (retries exhausted),,,45fe3f1e1699428d,,ECONNRESET,10.0.3.44:8443
2026-07-02 19:22:14.286,ERROR,worker,22317,upstream call failed request_id=cb146a93e402515d err=ECONNRESET upstream=10.0.3.44:8443 (retries exhausted),,,cb146a93e402515d,,ECONNRESET,10.0.3.44:8443
2026-07-02 19:22:23.687,ERROR,worker,22325,upstream call failed request_id=1b60200ca4ec39ec err=ECONNRESET upstream=10.0.3.44:8443 (retries exhausted),,,1b60200ca4ec39ec,,ECONNRESET,10.0.3.44:8443
2026-07-02 19:22:42.000,ERROR,metrics-worker,22334,AnalyticsUploadTimeout: failed to push metrics batch to analytics.internal:9092 (attempt 2/3),,AnalyticsUploadTimeout,,,,
2026-07-02 19:23:07.691,ERROR,worker,22349,upstream call failed request_id=79e4f8c1ec94025c err=ECONNRESET upstream=10.0.3.44:8443 (retries exhausted),,,79e4f8c1ec94025c,,ECONNRESET,10.0.3.44:8443
2026-07-02 19:23:14.427,ERROR,worker,22352,upstream call failed request_id=9a0be8470ccf9350 err=ECONNRESET upstream=10.0.3.44:8443 (retries exhausted),,,9a0be8470ccf9350,,ECONNRESET,10.0.3.44:8443
2026-07-02 19:23:17.883,ERROR,worker,22356,upstream call failed request_id=29294692b07c87a2 err=ECONNRESET upstream=10.0.3.44:8443 (retries exhausted),,,29294692b07c87a2,,ECONNRESET,10.0.3.44:8443
2026-07-02 19:23:19.149,ERROR,worker,22357,upstream call failed request_id=6c0e7b215ec6a250 err=ECONNRESET upstream=10.0.3.44:8443 (retries exhausted),,,6c0e7b215ec6a250,,ECONNRESET,10.0.3.44:8443
2026-07-02 19:23:29.264,ERROR,worker,22363,upstream call failed request_id=1ffd1bc1d7354afd err=ECONNRESET upstream=10.0.3.44:8443 (retries exhausted),,,1ffd1bc1d7354afd,,ECONNRESET,10.0.3.44:8443
2026-07-02 19:23:30.945,ERROR,worker,22365,upstream call failed request_id=9dd5a9d529d1863b err=ECONNRESET upstream=10.0.3.44:8443 (retries exhausted),,,9dd5a9d529d1863b,,ECONNRESET,10.0.3.44:8443
2026-07-02 19:23:39.285,ERROR,worker,22369,upstream call failed request_id=bb2034fda9498da9 err=ECONNRESET upstream=10.0.3.44:8443 (retries exhausted),,,bb2034fda9498da9,,ECONNRESET,10.0.3.44:8443
2026-07-02 19:23:40.978,ERROR,worker,22370,upstream call failed request_id=e0b5e2bb1baa8f1b err=ECONNRESET upstream=10.0.3.44:8443 (retries exhausted),,,e0b5e2bb1baa8f1b,,ECONNRESET,10.0.3.44:8443
2026-07-02 19:23:41.845,ERROR,worker,22371,upstream call failed request_id=9051e4cbba1d80f0 err=ECONNRESET upstream=10.0.3.44:8443 (retries exhausted),,,9051e4cbba1d80f0,,ECONNRESET,10.0.3.44:8443
2026-07-02 19:23:48.897,ERROR,worker,22375,upstream call failed request_id=32e4e92a03c7ca44 err=ECONNRESET upstream=10.0.3.44:8443 (retries exhausted),,,32e4e92a03c7ca44,,ECONNRESET,10.0.3.44:8443
2026-07-02 19:23:50.646,ERROR,worker,22377,upstream call failed request_id=638465a1375450b9 err=ECONNRESET upstream=10.0.3.44:8443 (retries exhausted),,,638465a1375450b9,,ECONNRESET,10.0.3.44:8443
2026-07-02 19:23:55.458,ERROR,worker,22379,upstream call failed request_id=45eae4eaca390e43 err=ECONNRESET upstream=10.0.3.44:8443 (retries exhausted),,,45eae4eaca390e43,,ECONNRESET,10.0.3.44:8443
2026-07-02 19:24:04.421,ERROR,worker,22384,upstream call failed request_id=514ad197e0ff0011 err=ECONNRESET upstream=10.0.3.44:8443 (retries exhausted),,,514ad197e0ff0011,,ECONNRESET,10.0.3.44:8443
2026-07-02 19:24:16.187,ERROR,worker,22393,upstream call failed request_id=fddab2d58575c783 err=ECONNRESET upstream=10.0.3.44:8443 (retries exhausted),,,fddab2d58575c783,,ECONNRESET,10.0.3.44:8443
2026-07-02 19:24:24.224,ERROR,worker,22399,upstream call failed request_id=cf8c069b18af67ce err=ECONNRESET upstream=10.0.3.44:8443 (retries exhausted),,,cf8c069b18af67ce,,ECONNRESET,10.0.3.44:8443
2026-07-02 19:24:27.405,ERROR,worker,22400,upstream call failed request_id=1c67232d23aa707f err=ECONNRESET upstream=10.0.3.44:8443 (retries exhausted),,,1c67232d23aa707f,,ECONNRESET,10.0.3.44:8443
2026-07-02 19:24:33.420,ERROR,worker,22405,upstream call failed request_id=af6bb3bd1cdc9c12 err=ECONNRESET upstream=10.0.3.44:8443 (retries exhausted),,,af6bb3bd1cdc9c12,,ECONNRESET,10.0.3.44:8443
2026-07-02 19:24:34.070,ERROR,worker,22407,upstream call failed request_id=6bb7bc44b58d7ca5 err=ECONNRESET upstream=10.0.3.44:8443 (retries exhausted),,,6bb7bc44b58d7ca5,,ECONNRESET,10.0.3.44:8443
2026-07-02 19:24:40.297,ERROR,worker,22412,upstream call failed request_id=e1616b338b8e03de err=ECONNRESET upstream=10.0.3.44:8443 (retries exhausted),,,e1616b338b8e03de,,ECONNRESET,10.0.3.44:8443
2026-07-02 19:24:45.468,ERROR,worker,22414,upstream call failed request_id=1f6de592b723225a err=ECONNRESET upstream=10.0.3.44:8443 (retries exhausted),,,1f6de592b723225a,,ECONNRESET,10.0.3.44:8443
2026-07-02 19:24:49.068,ERROR,worker,22417,upstream call failed request_id=b62c15ef413b5a14 err=ECONNRESET upstream=10.0.3.44:8443 (retries exhausted),,,b62c15ef413b5a14,,ECONNRESET,10.0.3.44:8443
2026-07-02 19:24:51.225,ERROR,worker,22419,upstream call failed request_id=a52cd9e2b07b8d27 err=ECONNRESET upstream=10.0.3.44:8443 (retries exhausted),,,a52cd9e2b07b8d27,,ECONNRESET,10.0.3.44:8443
2026-07-02 19:24:55.000,ERROR,metrics-worker,22421,AnalyticsUploadTimeout: failed to push metrics batch to analytics.internal:9092 (attempt 2/3),,AnalyticsUploadTimeout,,,,
2026-07-02 19:24:55.634,ERROR,worker,22422,upstream call failed request_id=4415ac9513c164fa err=ECONNRESET upstream=10.0.3.44:8443 (retries exhausted),,,4415ac9513c164fa,,ECONNRESET,10.0.3.44:8443
2026-07-02 19:25:01.458,ERROR,worker,22429,upstream call failed request_id=6bfbaae75e194d46 err=ECONNRESET upstream=10.0.3.44:8443 (retries exhausted),,,6bfbaae75e194d46,,ECONNRESET,10.0.3.44:8443
2026-07-02 19:25:10.516,ERROR,worker,22438,upstream call failed request_id=ec0deefe1be8f3e4 err=ECONNRESET upstream=10.0.3.44:8443 (retries exhausted),,,ec0deefe1be8f3e4,,ECONNRESET,10.0.3.44:8443
2026-07-02 19:25:12.995,ERROR,worker,22444,upstream call failed request_id=d7be0f0aeb5a37ae err=ECONNRESET upstream=10.0.3.44:8443 (retries exhausted),,,d7be0f0aeb5a37ae,,ECONNRESET,10.0.3.44:8443
2026-07-02 19:25:16.501,ERROR,worker,22446,upstream call failed request_id=282d976b60e850cc err=ECONNRESET upstream=10.0.3.44:8443 (retries exhausted),,,282d976b60e850cc,,ECONNRESET,10.0.3.44:8443
2026-07-02 19:25:19.368,ERROR,worker,22448,upstream call failed request_id=61bd4526f8903996 err=ECONNRESET upstream=10.0.3.44:8443 (retries exhausted),,,61bd4526f8903996,,ECONNRESET,10.0.3.44:8443
2026-07-02 19:25:33.910,ERROR,worker,22456,upstream call failed request_id=9833c49bfbcd2157 err=ECONNRESET upstream=10.0.3.44:8443 (retries exhausted),,,9833c49bfbcd2157,,ECONNRESET,10.0.3.44:8443
2026-07-02 19:25:34.210,ERROR,worker,22457,upstream call failed request_id=8d50b20e64080558 err=ECONNRESET upstream=10.0.3.44:8443 (retries exhausted),,,8d50b20e64080558,,ECONNRESET,10.0.3.44:8443
2026-07-02 19:25:42.667,ERROR,worker,22461,upstream call failed request_id=4da0153d36f1b34d err=ECONNRESET upstream=10.0.3.44:8443 (retries exhausted),,,4da0153d36f1b34d,,ECONNRESET,10.0.3.44:8443
2026-07-02 19:26:06.048,ERROR,worker,22480,upstream call failed request_id=f4e9666164d893ce err=ECONNRESET upstream=10.0.3.44:8443 (retries exhausted),,,f4e9666164d893ce,,ECONNRESET,10.0.3.44:8443
2026-07-02 19:26:07.048,ERROR,worker,22481,upstream call failed request_id=e3ddd681d6cef128 err=ECONNRESET upstream=10.0.3.44:8443 (retries exhausted),,,e3ddd681d6cef128,,ECONNRESET,10.0.3.44:8443
2026-07-02 19:26:12.946,ERROR,worker,22483,upstream call failed request_id=80501f373a4749ec err=ECONNRESET upstream=10.0.3.44:8443 (retries exhausted),,,80501f373a4749ec,,ECONNRESET,10.0.3.44:8443
2026-07-02 19:26:13.784,ERROR,worker,22485,upstream call failed request_id=e214c3c6ef8d17c8 err=ECONNRESET upstream=10.0.3.44:8443 (retries exhausted),,,e214c3c6ef8d17c8,,ECONNRESET,10.0.3.44:8443
2026-07-02 19:26:30.857,ERROR,worker,22503,upstream call failed request_id=aa29eb869c6f1e24 err=ECONNRESET upstream=10.0.3.44:8443 (retries exhausted),,,aa29eb869c6f1e24,,ECONNRESET,10.0.3.44:8443
2026-07-02 19:26:32.000,ERROR,metrics-worker,22504,AnalyticsUploadTimeout: failed to push metrics batch to analytics.internal:9092 (attempt 1/3),,AnalyticsUploadTimeout,,,,
2026-07-02 19:26:40.830,ERROR,worker,22512,upstream call failed request_id=ee1829ab6780f4bd err=ECONNRESET upstream=10.0.3.44:8443 (retries exhausted),,,ee1829ab6780f4bd,,ECONNRESET,10.0.3.44:8443
2026-07-02 19:26:58.560,ERROR,worker,22524,upstream call failed request_id=d9c50091487ae761 err=ECONNRESET upstream=10.0.3.44:8443 (retries exhausted),,,d9c50091487ae761,,ECONNRESET,10.0.3.44:8443
2026-07-02 19:27:17.322,ERROR,worker,22534,upstream call failed request_id=b3e0c1fd5ac3e83f err=ECONNRESET upstream=10.0.3.44:8443 (retries exhausted),,,b3e0c1fd5ac3e83f,,ECONNRESET,10.0.3.44:8443
2026-07-02 19:27:42.690,ERROR,worker,22551,upstream call failed request_id=4feecb16c36a7453 err=ECONNRESET upstream=10.0.3.44:8443 (retries exhausted),,,4feecb16c36a7453,,ECONNRESET,10.0.3.44:8443
2026-07-02 19:27:48.012,ERROR,worker,22553,upstream call failed request_id=6be6334f53091617 err=ECONNRESET upstream=10.0.3.44:8443 (retries exhausted),,,6be6334f53091617,,ECONNRESET,10.0.3.44:8443
2026-07-02 19:27:52.602,ERROR,worker,22557,upstream call failed request_id=94aa1e64a4be727c err=ECONNRESET upstream=10.0.3.44:8443 (retries exhausted),,,94aa1e64a4be727c,,ECONNRESET,10.0.3.44:8443
2026-07-02 19:27:55.777,ERROR,worker,22561,upstream call failed request_id=28ec4bbfc5aadc62 err=ECONNRESET upstream=10.0.3.44:8443 (retries exhausted),,,28ec4bbfc5aadc62,,ECONNRESET,10.0.3.44:8443
2026-07-02 19:28:04.746,ERROR,worker,22567,upstream call failed request_id=61e75827a7ca196b err=ECONNRESET upstream=10.0.3.44:8443 (retries exhausted),,,61e75827a7ca196b,,ECONNRESET,10.0.3.44:8443
2026-07-02 19:28:05.000,ERROR,metrics-worker,22568,AnalyticsUploadTimeout: failed to push metrics batch to analytics.internal:9092 (attempt 2/3),,AnalyticsUploadTimeout,,,,
2026-07-02 19:28:18.173,ERROR,worker,22575,upstream call failed request_id=0cb24c5cdc4b862d err=ECONNRESET upstream=10.0.3.44:8443 (retries exhausted),,,0cb24c5cdc4b862d,,ECONNRESET,10.0.3.44:8443
2026-07-02 19:28:32.527,ERROR,worker,22584,upstream call failed request_id=826bc71cef666855 err=ECONNRESET upstream=10.0.3.44:8443 (retries exhausted),,,826bc71cef666855,,ECONNRESET,10.0.3.44:8443
2026-07-02 19:29:06.411,ERROR,worker,22605,upstream call failed request_id=4cdb31f42869e782 err=ECONNRESET upstream=10.0.3.44:8443 (retries exhausted),,,4cdb31f42869e782,,ECONNRESET,10.0.3.44:8443
2026-07-02 19:29:40.701,ERROR,worker,22625,upstream call failed request_id=a36fe86bd9bf84fe err=ECONNRESET upstream=10.0.3.44:8443 (retries exhausted),,,a36fe86bd9bf84fe,,ECONNRESET,10.0.3.44:8443
2026-07-02 19:29:43.696,ERROR,worker,22630,upstream call failed request_id=5c548e5451921349 err=ECONNRESET upstream=10.0.3.44:8443 (retries exhausted),,,5c548e5451921349,,ECONNRESET,10.0.3.44:8443
2026-07-02 19:30:03.091,ERROR,worker,22641,upstream call failed request_id=919bb3570917153c err=ECONNRESET upstream=10.0.3.44:8443 (retries exhausted),,,919bb3570917153c,,ECONNRESET,10.0.3.44:8443
2026-07-02 19:30:05.090,ERROR,worker,22642,upstream call failed request_id=c3bd12c59181a4ad err=ECONNRESET upstream=10.0.3.44:8443 (retries exhausted),,,c3bd12c59181a4ad,,ECONNRESET,10.0.3.44:8443
2026-07-02 19:30:08.164,ERROR,worker,22645,upstream call failed request_id=6ef00b6a4b24a9b8 err=ECONNRESET upstream=10.0.3.44:8443 (retries exhausted),,,6ef00b6a4b24a9b8,,ECONNRESET,10.0.3.44:8443
2026-07-02 19:30:11.447,ERROR,worker,22648,upstream call failed request_id=5db9868d5198f2ba err=ECONNRESET upstream=10.0.3.44:8443 (retries exhausted),,,5db9868d5198f2ba,,ECONNRESET,10.0.3.44:8443
2026-07-02 19:30:20.272,ERROR,worker,22657,upstream call failed request_id=dc3fbeb4e03ee2f6 err=ECONNRESET upstream=10.0.3.44:8443 (retries exhausted),,,dc3fbeb4e03ee2f6,,ECONNRESET,10.0.3.44:8443
2026-07-02 19:30:20.441,ERROR,worker,22658,upstream call failed request_id=542bfa8ea3d9a075 err=ECONNRESET upstream=10.0.3.44:8443 (retries exhausted),,,542bfa8ea3d9a075,,ECONNRESET,10.0.3.44:8443
2026-07-02 19:30:24.000,ERROR,metrics-worker,22659,AnalyticsUploadTimeout: failed to push metrics batch to analytics.internal:9092 (attempt 2/3),,AnalyticsUploadTimeout,,,,
2026-07-02 19:30:33.535,ERROR,worker,22666,upstream call failed request_id=8535c4a0c796b280 err=ECONNRESET upstream=10.0.3.44:8443 (retries exhausted),,,8535c4a0c796b280,,ECONNRESET,10.0.3.44:8443
2026-07-02 19:30:36.077,ERROR,worker,22669,upstream call failed request_id=69ca67dc6f8fe38e err=ECONNRESET upstream=10.0.3.44:8443 (retries exhausted),,,69ca67dc6f8fe38e,,ECONNRESET,10.0.3.44:8443
2026-07-02 19:30:38.813,ERROR,worker,22670,upstream call failed request_id=fee303baf72695ce err=ECONNRESET upstream=10.0.3.44:8443 (retries exhausted),,,fee303baf72695ce,,ECONNRESET,10.0.3.44:8443
2026-07-02 19:30:43.668,ERROR,worker,22673,upstream call failed request_id=c1048691eaf3a51e err=ECONNRESET upstream=10.0.3.44:8443 (retries exhausted),,,c1048691eaf3a51e,,ECONNRESET,10.0.3.44:8443
2026-07-02 19:30:51.862,ERROR,worker,22683,upstream call failed request_id=8fccb06758a0ee56 err=ECONNRESET upstream=10.0.3.44:8443 (retries exhausted),,,8fccb06758a0ee56,,ECONNRESET,10.0.3.44:8443
2026-07-02 19:30:53.168,ERROR,worker,22686,upstream call failed request_id=8d146dc77662e144 err=ECONNRESET upstream=10.0.3.44:8443 (retries exhausted),,,8d146dc77662e144,,ECONNRESET,10.0.3.44:8443
2026-07-02 19:31:05.753,ERROR,worker,22698,upstream call failed request_id=9852e18b6d065e2e err=ECONNRESET upstream=10.0.3.44:8443 (retries exhausted),,,9852e18b6d065e2e,,ECONNRESET,10.0.3.44:8443
2026-07-02 19:31:18.172,ERROR,worker,22704,upstream call failed request_id=612a2e166777f067 err=ECONNRESET upstream=10.0.3.44:8443 (retries exhausted),,,612a2e166777f067,,ECONNRESET,10.0.3.44:8443
2026-07-02 19:31:37.949,ERROR,worker,22714,upstream call failed request_id=0336b6fefcc099bd err=ECONNRESET upstream=10.0.3.44:8443 (retries exhausted),,,0336b6fefcc099bd,,ECONNRESET,10.0.3.44:8443
2026-07-02 19:31:56.118,ERROR,worker,22727,upstream call failed request_id=1c7c08076adc4d48 err=ECONNRESET upstream=10.0.3.44:8443 (retries exhausted),,,1c7c08076adc4d48,,ECONNRESET,10.0.3.44:8443
2026-07-02 19:31:59.611,ERROR,worker,22729,upstream call failed request_id=1612a400ec47f6ce err=ECONNRESET upstream=10.0.3.44:8443 (retries exhausted),,,1612a400ec47f6ce,,ECONNRESET,10.0.3.44:8443
2026-07-02 19:32:07.681,ERROR,worker,22739,upstream call failed request_id=4567afe2a2a52829 err=ECONNRESET upstream=10.0.3.44:8443 (retries exhausted),,,4567afe2a2a52829,,ECONNRESET,10.0.3.44:8443
2026-07-02 19:32:31.932,ERROR,worker,22751,upstream call failed request_id=1ed1e49e1abc6ff7 err=ECONNRESET upstream=10.0.3.44:8443 (retries exhausted),,,1ed1e49e1abc6ff7,,ECONNRESET,10.0.3.44:8443
2026-07-02 19:32:51.000,ERROR,metrics-worker,22758,AnalyticsUploadTimeout: failed to push metrics batch to analytics.internal:9092 (attempt 2/3),,AnalyticsUploadTimeout,,,,
2026-07-02 19:32:52.277,ERROR,worker,22760,upstream call failed request_id=c14c227d31fea869 err=ECONNRESET upstream=10.0.3.44:8443 (retries exhausted),,,c14c227d31fea869,,ECONNRESET,10.0.3.44:8443
2026-07-02 19:32:52.911,ERROR,worker,22761,upstream call failed request_id=34a6a20e100e7c3b err=ECONNRESET upstream=10.0.3.44:8443 (retries exhausted),,,34a6a20e100e7c3b,,ECONNRESET,10.0.3.44:8443
2026-07-02 19:32:56.089,ERROR,worker,22763,upstream call failed request_id=5ec5fde459446f75 err=ECONNRESET upstream=10.0.3.44:8443 (retries exhausted),,,5ec5fde459446f75,,ECONNRESET,10.0.3.44:8443
2026-07-02 19:33:04.010,ERROR,worker,22767,upstream call failed request_id=1ae92a7ae434ec16 err=ECONNRESET upstream=10.0.3.44:8443 (retries exhausted),,,1ae92a7ae434ec16,,ECONNRESET,10.0.3.44:8443
2026-07-02 19:33:04.286,ERROR,worker,22768,upstream call failed request_id=2551a09761af1dd3 err=ECONNRESET upstream=10.0.3.44:8443 (retries exhausted),,,2551a09761af1dd3,,ECONNRESET,10.0.3.44:8443
2026-07-02 19:33:10.035,ERROR,worker,22772,upstream call failed request_id=cca6d2b88f2c8b60 err=ECONNRESET upstream=10.0.3.44:8443 (retries exhausted),,,cca6d2b88f2c8b60,,ECONNRESET,10.0.3.44:8443
2026-07-02 19:33:50.595,ERROR,worker,22794,upstream call failed request_id=1dafe259a79d7ba2 err=ECONNRESET upstream=10.0.3.44:8443 (retries exhausted),,,1dafe259a79d7ba2,,ECONNRESET,10.0.3.44:8443
2026-07-02 19:34:01.413,ERROR,worker,22804,upstream call failed request_id=a8fe2c180be7a88b err=ECONNRESET upstream=10.0.3.44:8443 (retries exhausted),,,a8fe2c180be7a88b,,ECONNRESET,10.0.3.44:8443
2026-07-02 19:34:17.268,ERROR,worker,22813,upstream call failed request_id=f84d09eca13bd8a8 err=ECONNRESET upstream=10.0.3.44:8443 (retries exhausted),,,f84d09eca13bd8a8,,ECONNRESET,10.0.3.44:8443
2026-07-02 19:34:45.713,ERROR,worker,22829,upstream call failed request_id=07c46d808983d306 err=ECONNRESET upstream=10.0.3.44:8443 (retries exhausted),,,07c46d808983d306,,ECONNRESET,10.0.3.44:8443
2026-07-02 19:34:57.667,ERROR,worker,22835,upstream call failed request_id=c1eb84dfd86cd3c8 err=ECONNRESET upstream=10.0.3.44:8443 (retries exhausted),,,c1eb84dfd86cd3c8,,ECONNRESET,10.0.3.44:8443
2026-07-02 19:35:05.000,ERROR,metrics-worker,22839,AnalyticsUploadTimeout: failed to push metrics batch to analytics.internal:9092 (attempt 3/3),,AnalyticsUploadTimeout,,,,
2026-07-02 19:35:10.793,ERROR,worker,22844,upstream call failed request_id=dd99a091e5f1d66c err=ECONNRESET upstream=10.0.3.44:8443 (retries exhausted),,,dd99a091e5f1d66c,,ECONNRESET,10.0.3.44:8443
2026-07-02 19:35:18.533,ERROR,worker,22853,upstream call failed request_id=c6ace6df6bb0e655 err=ECONNRESET upstream=10.0.3.44:8443 (retries exhausted),,,c6ace6df6bb0e655,,ECONNRESET,10.0.3.44:8443
2026-07-02 19:35:40.354,ERROR,worker,22870,upstream call failed request_id=3a9f7cb6276cca40 err=ECONNRESET upstream=10.0.3.44:8443 (retries exhausted),,,3a9f7cb6276cca40,,ECONNRESET,10.0.3.44:8443
2026-07-02 19:35:47.868,ERROR,worker,22873,upstream call failed request_id=630b0fb1fed69542 err=ECONNRESET upstream=10.0.3.44:8443 (retries exhausted),,,630b0fb1fed69542,,ECONNRESET,10.0.3.44:8443
2026-07-02 19:35:51.462,ERROR,worker,22875,upstream call failed request_id=6b6d04d1beaa8e36 err=ECONNRESET upstream=10.0.3.44:8443 (retries exhausted),,,6b6d04d1beaa8e36,,ECONNRESET,10.0.3.44:8443
2026-07-02 19:36:00.605,ERROR,worker,22880,upstream call failed request_id=5826a903c9fbae45 err=ECONNRESET upstream=10.0.3.44:8443 (retries exhausted),,,5826a903c9fbae45,,ECONNRESET,10.0.3.44:8443
2026-07-02 19:36:01.691,ERROR,worker,22883,upstream call failed request_id=d246b1ee3fecf004 err=ECONNRESET upstream=10.0.3.44:8443 (retries exhausted),,,d246b1ee3fecf004,,ECONNRESET,10.0.3.44:8443
2026-07-02 19:36:23.549,ERROR,worker,22897,upstream call failed request_id=74ace021bded965b err=ECONNRESET upstream=10.0.3.44:8443 (retries exhausted),,,74ace021bded965b,,ECONNRESET,10.0.3.44:8443
2026-07-02 19:36:29.683,ERROR,worker,22902,upstream call failed request_id=a5faddddafe8a47f err=ECONNRESET upstream=10.0.3.44:8443 (retries exhausted),,,a5faddddafe8a47f,,ECONNRESET,10.0.3.44:8443
2026-07-02 19:36:33.123,ERROR,worker,22906,upstream call failed request_id=26253991dadabe0e err=ECONNRESET upstream=10.0.3.44:8443 (retries exhausted),,,26253991dadabe0e,,ECONNRESET,10.0.3.44:8443
2026-07-02 19:36:43.048,ERROR,worker,22912,upstream call failed request_id=f50c467304e4c666 err=ECONNRESET upstream=10.0.3.44:8443 (retries exhausted),,,f50c467304e4c666,,ECONNRESET,10.0.3.44:8443
2026-07-02 19:36:43.250,ERROR,worker,22913,upstream call failed request_id=b4dc3a6c29828220 err=ECONNRESET upstream=10.0.3.44:8443 (retries exhausted),,,b4dc3a6c29828220,,ECONNRESET,10.0.3.44:8443
2026-07-02 19:36:46.649,ERROR,worker,22918,upstream call failed request_id=40ff41ad37e760f0 err=ECONNRESET upstream=10.0.3.44:8443 (retries exhausted),,,40ff41ad37e760f0,,ECONNRESET,10.0.3.44:8443
2026-07-02 19:36:47.154,ERROR,worker,22920,upstream call failed request_id=01300a903e5cef9e err=ECONNRESET upstream=10.0.3.44:8443 (retries exhausted),,,01300a903e5cef9e,,ECONNRESET,10.0.3.44:8443
2026-07-02 19:36:48.750,ERROR,worker,22921,upstream call failed request_id=3f6eebe8a413643a err=ECONNRESET upstream=10.0.3.44:8443 (retries exhausted),,,3f6eebe8a413643a,,ECONNRESET,10.0.3.44:8443
2026-07-02 19:36:51.000,ERROR,metrics-worker,22924,AnalyticsUploadTimeout: failed to push metrics batch to analytics.internal:9092 (attempt 2/3),,AnalyticsUploadTimeout,,,,
2026-07-02 19:36:59.749,ERROR,worker,22931,upstream call failed request_id=269d845619365972 err=ECONNRESET upstream=10.0.3.44:8443 (retries exhausted),,,269d845619365972,,ECONNRESET,10.0.3.44:8443
2026-07-02 19:37:01.705,ERROR,worker,22932,upstream call failed request_id=7c68492bbb4617af err=ECONNRESET upstream=10.0.3.44:8443 (retries exhausted),,,7c68492bbb4617af,,ECONNRESET,10.0.3.44:8443
2026-07-02 19:37:22.534,ERROR,worker,22940,upstream call failed request_id=95508fe524e439ed err=ECONNRESET upstream=10.0.3.44:8443 (retries exhausted),,,95508fe524e439ed,,ECONNRESET,10.0.3.44:8443
2026-07-02 19:37:24.737,ERROR,worker,22943,upstream call failed request_id=1c3ec25a8d450e84 err=ECONNRESET upstream=10.0.3.44:8443 (retries exhausted),,,1c3ec25a8d450e84,,ECONNRESET,10.0.3.44:8443
2026-07-02 19:37:29.710,ERROR,worker,22946,upstream call failed request_id=e1f1bb9304470cb4 err=ECONNRESET upstream=10.0.3.44:8443 (retries exhausted),,,e1f1bb9304470cb4,,ECONNRESET,10.0.3.44:8443
2026-07-02 19:37:32.872,ERROR,worker,22949,upstream call failed request_id=a1b81f532a4f907a err=ECONNRESET upstream=10.0.3.44:8443 (retries exhausted),,,a1b81f532a4f907a,,ECONNRESET,10.0.3.44:8443
2026-07-02 19:37:34.223,ERROR,worker,22951,upstream call failed request_id=3c28c063855fef31 err=ECONNRESET upstream=10.0.3.44:8443 (retries exhausted),,,3c28c063855fef31,,ECONNRESET,10.0.3.44:8443
2026-07-02 19:37:34.463,ERROR,worker,22952,upstream call failed request_id=e23e5eabb108d290 err=ECONNRESET upstream=10.0.3.44:8443 (retries exhausted),,,e23e5eabb108d290,,ECONNRESET,10.0.3.44:8443
2026-07-02 19:37:38.365,ERROR,worker,22953,upstream call failed request_id=850dd19b4d0c21ca err=ECONNRESET upstream=10.0.3.44:8443 (retries exhausted),,,850dd19b4d0c21ca,,ECONNRESET,10.0.3.44:8443
2026-07-02 19:38:13.156,ERROR,worker,22972,upstream call failed request_id=c4649b5ac202b667 err=ECONNRESET upstream=10.0.3.44:8443 (retries exhausted),,,c4649b5ac202b667,,ECONNRESET,10.0.3.44:8443
2026-07-02 19:38:21.160,ERROR,worker,22977,upstream call failed request_id=98aafe4c9cee5097 err=ECONNRESET upstream=10.0.3.44:8443 (retries exhausted),,,98aafe4c9cee5097,,ECONNRESET,10.0.3.44:8443
2026-07-02 19:38:27.000,ERROR,metrics-worker,22978,AnalyticsUploadTimeout: failed to push metrics batch to analytics.internal:9092 (attempt 1/3),,AnalyticsUploadTimeout,,,,
2026-07-02 19:38:33.582,ERROR,worker,22981,upstream call failed request_id=67e91fde364bd931 err=ECONNRESET upstream=10.0.3.44:8443 (retries exhausted),,,67e91fde364bd931,,ECONNRESET,10.0.3.44:8443
2026-07-02 19:38:34.553,ERROR,worker,22984,upstream call failed request_id=e1ec9838b6974b88 err=ECONNRESET upstream=10.0.3.44:8443 (retries exhausted),,,e1ec9838b6974b88,,ECONNRESET,10.0.3.44:8443
2026-07-02 19:38:39.539,ERROR,worker,22989,upstream call failed request_id=47b5feb050e4224e err=ECONNRESET upstream=10.0.3.44:8443 (retries exhausted),,,47b5feb050e4224e,,ECONNRESET,10.0.3.44:8443
2026-07-02 19:38:49.651,ERROR,worker,22996,upstream call failed request_id=36ddf7730b6bec4b err=ECONNRESET upstream=10.0.3.44:8443 (retries exhausted),,,36ddf7730b6bec4b,,ECONNRESET,10.0.3.44:8443
2026-07-02 19:38:55.481,ERROR,worker,23000,upstream call failed request_id=67cd8d821e67dd0f err=ECONNRESET upstream=10.0.3.44:8443 (retries exhausted),,,67cd8d821e67dd0f,,ECONNRESET,10.0.3.44:8443
2026-07-02 19:39:28.621,ERROR,worker,23023,upstream call failed request_id=8dedb11518fce921 err=ECONNRESET upstream=10.0.3.44:8443 (retries exhausted),,,8dedb11518fce921,,ECONNRESET,10.0.3.44:8443
2026-07-02 19:39:34.181,ERROR,worker,23024,upstream call failed request_id=ab8cfa09943b9cd8 err=ECONNRESET upstream=10.0.3.44:8443 (retries exhausted),,,ab8cfa09943b9cd8,,ECONNRESET,10.0.3.44:8443
2026-07-02 19:39:44.460,ERROR,worker,23034,upstream call failed request_id=4ea91d563149fc5c err=ECONNRESET upstream=10.0.3.44:8443 (retries exhausted),,,4ea91d563149fc5c,,ECONNRESET,10.0.3.44:8443
2026-07-02 19:39:45.164,ERROR,worker,23035,upstream call failed request_id=9adaec1986886a3c err=ECONNRESET upstream=10.0.3.44:8443 (retries exhausted),,,9adaec1986886a3c,,ECONNRESET,10.0.3.44:8443
2026-07-02 19:39:47.000,ERROR,metrics-worker,23036,AnalyticsUploadTimeout: failed to push metrics batch to analytics.internal:9092 (attempt 3/3),,AnalyticsUploadTimeout,,,,
2026-07-02 19:39:56.047,ERROR,worker,23041,upstream call failed request_id=7a5c73c081692235 err=ECONNRESET upstream=10.0.3.44:8443 (retries exhausted),,,7a5c73c081692235,,ECONNRESET,10.0.3.44:8443
2026-07-02 19:40:12.946,ERROR,worker,23052,upstream call failed request_id=0b2384b20b7f6437 err=ECONNRESET upstream=10.0.3.44:8443 (retries exhausted),,,0b2384b20b7f6437,,ECONNRESET,10.0.3.44:8443
2026-07-02 19:40:18.427,ERROR,worker,23056,upstream call failed request_id=81507f72a97c0ac3 err=ECONNRESET upstream=10.0.3.44:8443 (retries exhausted),,,81507f72a97c0ac3,,ECONNRESET,10.0.3.44:8443
2026-07-02 19:40:42.621,ERROR,worker,23066,upstream call failed request_id=b0fd2af3baed2108 err=ECONNRESET upstream=10.0.3.44:8443 (retries exhausted),,,b0fd2af3baed2108,,ECONNRESET,10.0.3.44:8443
2026-07-02 19:41:38.484,ERROR,worker,23101,upstream call failed request_id=fb9d55918f11b3f5 err=ECONNRESET upstream=10.0.3.44:8443 (retries exhausted),,,fb9d55918f11b3f5,,ECONNRESET,10.0.3.44:8443
2026-07-02 19:41:46.595,ERROR,worker,23108,upstream call failed request_id=37147f71214c98a6 err=ECONNRESET upstream=10.0.3.44:8443 (retries exhausted),,,37147f71214c98a6,,ECONNRESET,10.0.3.44:8443
2026-07-02 19:41:58.706,ERROR,worker,23115,upstream call failed request_id=b9043d826447ff6d err=ECONNRESET upstream=10.0.3.44:8443 (retries exhausted),,,b9043d826447ff6d,,ECONNRESET,10.0.3.44:8443
2026-07-02 19:42:05.165,ERROR,worker,23117,upstream call failed request_id=08663ee105ac25c1 err=ECONNRESET upstream=10.0.3.44:8443 (retries exhausted),,,08663ee105ac25c1,,ECONNRESET,10.0.3.44:8443
2026-07-02 19:42:12.000,ERROR,metrics-worker,23119,AnalyticsUploadTimeout: failed to push metrics batch to analytics.internal:9092 (attempt 3/3),,AnalyticsUploadTimeout,,,,
2026-07-02 19:42:37.366,ERROR,worker,23135,upstream call failed request_id=a480480bef265f8f err=ECONNRESET upstream=10.0.3.44:8443 (retries exhausted),,,a480480bef265f8f,,ECONNRESET,10.0.3.44:8443
2026-07-02 19:42:46.878,ERROR,worker,23139,upstream call failed request_id=0e6af6560389b0b7 err=ECONNRESET upstream=10.0.3.44:8443 (retries exhausted),,,0e6af6560389b0b7,,ECONNRESET,10.0.3.44:8443
2026-07-02 19:43:14.274,ERROR,worker,23159,upstream call failed request_id=dc92cd86d203039f err=ECONNRESET upstream=10.0.3.44:8443 (retries exhausted),,,dc92cd86d203039f,,ECONNRESET,10.0.3.44:8443
2026-07-02 19:43:18.178,ERROR,worker,23160,upstream call failed request_id=f179196541ba3f67 err=ECONNRESET upstream=10.0.3.44:8443 (retries exhausted),,,f179196541ba3f67,,ECONNRESET,10.0.3.44:8443
2026-07-02 19:43:24.835,ERROR,worker,23164,upstream call failed request_id=fbc8b64aae518849 err=ECONNRESET upstream=10.0.3.44:8443 (retries exhausted),,,fbc8b64aae518849,,ECONNRESET,10.0.3.44:8443
2026-07-02 19:43:28.009,ERROR,worker,23165,upstream call failed request_id=c9943ac01102c944 err=ECONNRESET upstream=10.0.3.44:8443 (retries exhausted),,,c9943ac01102c944,,ECONNRESET,10.0.3.44:8443
2026-07-02 19:43:39.361,ERROR,worker,23171,upstream call failed request_id=0ed33f0f115ba4f3 err=ECONNRESET upstream=10.0.3.44:8443 (retries exhausted),,,0ed33f0f115ba4f3,,ECONNRESET,10.0.3.44:8443
2026-07-02 19:43:41.327,ERROR,worker,23175,upstream call failed request_id=d4cd10184d1920ef err=ECONNRESET upstream=10.0.3.44:8443 (retries exhausted),,,d4cd10184d1920ef,,ECONNRESET,10.0.3.44:8443
2026-07-02 19:43:58.904,ERROR,worker,23184,upstream call failed request_id=258bdd9189a91360 err=ECONNRESET upstream=10.0.3.44:8443 (retries exhausted),,,258bdd9189a91360,,ECONNRESET,10.0.3.44:8443
2026-07-02 19:44:06.000,ERROR,metrics-worker,23187,AnalyticsUploadTimeout: failed to push metrics batch to analytics.internal:9092 (attempt 2/3),,AnalyticsUploadTimeout,,,,
2026-07-02 19:44:07.634,ERROR,worker,23188,upstream call failed request_id=291ed80ea54e45ce err=ECONNRESET upstream=10.0.3.44:8443 (retries exhausted),,,291ed80ea54e45ce,,ECONNRESET,10.0.3.44:8443
2026-07-02 19:44:08.749,ERROR,worker,23189,upstream call failed request_id=71ecea820486253d err=ECONNRESET upstream=10.0.3.44:8443 (retries exhausted),,,71ecea820486253d,,ECONNRESET,10.0.3.44:8443
2026-07-02 19:44:20.329,ERROR,worker,23193,upstream call failed request_id=cbc6fb853474b2e6 err=ECONNRESET upstream=10.0.3.44:8443 (retries exhausted),,,cbc6fb853474b2e6,,ECONNRESET,10.0.3.44:8443
2026-07-02 19:44:30.035,ERROR,worker,23197,upstream call failed request_id=4bd2785d7f84a251 err=ECONNRESET upstream=10.0.3.44:8443 (retries exhausted),,,4bd2785d7f84a251,,ECONNRESET,10.0.3.44:8443
2026-07-02 19:44:34.783,ERROR,worker,23199,upstream call failed request_id=fb64769d6e7eb3e1 err=ECONNRESET upstream=10.0.3.44:8443 (retries exhausted),,,fb64769d6e7eb3e1,,ECONNRESET,10.0.3.44:8443
2026-07-02 19:44:36.649,ERROR,worker,23200,upstream call failed request_id=53b8e05382037599 err=ECONNRESET upstream=10.0.3.44:8443 (retries exhausted),,,53b8e05382037599,,ECONNRESET,10.0.3.44:8443
2026-07-02 19:44:40.268,ERROR,worker,23202,upstream call failed request_id=583d27e544f50e32 err=ECONNRESET upstream=10.0.3.44:8443 (retries exhausted),,,583d27e544f50e32,,ECONNRESET,10.0.3.44:8443
2026-07-02 19:44:47.389,ERROR,worker,23206,upstream call failed request_id=c7ea228526e89635 err=ECONNRESET upstream=10.0.3.44:8443 (retries exhausted),,,c7ea228526e89635,,ECONNRESET,10.0.3.44:8443
2026-07-02 19:44:49.402,ERROR,worker,23209,upstream call failed request_id=9556eb338dabbfce err=ECONNRESET upstream=10.0.3.44:8443 (retries exhausted),,,9556eb338dabbfce,,ECONNRESET,10.0.3.44:8443
2026-07-02 19:45:03.997,ERROR,worker,23221,upstream call failed request_id=d4af7cae3b89b5c0 err=ECONNRESET upstream=10.0.3.44:8443 (retries exhausted),,,d4af7cae3b89b5c0,,ECONNRESET,10.0.3.44:8443
2026-07-02 19:45:12.942,ERROR,worker,23227,upstream call failed request_id=5c165a18d0de9a5a err=ECONNRESET upstream=10.0.3.44:8443 (retries exhausted),,,5c165a18d0de9a5a,,ECONNRESET,10.0.3.44:8443
2026-07-02 19:45:20.070,ERROR,worker,23232,upstream call failed request_id=9ad163084582a93e err=ECONNRESET upstream=10.0.3.44:8443 (retries exhausted),,,9ad163084582a93e,,ECONNRESET,10.0.3.44:8443
2026-07-02 19:45:25.204,ERROR,worker,23236,upstream call failed request_id=fb2f00f09b651c10 err=ECONNRESET upstream=10.0.3.44:8443 (retries exhausted),,,fb2f00f09b651c10,,ECONNRESET,10.0.3.44:8443
2026-07-02 19:45:41.113,ERROR,worker,23244,upstream call failed request_id=b98a6b9baabe8cc7 err=ECONNRESET upstream=10.0.3.44:8443 (retries exhausted),,,b98a6b9baabe8cc7,,ECONNRESET,10.0.3.44:8443
2026-07-02 19:45:50.000,ERROR,metrics-worker,23250,AnalyticsUploadTimeout: failed to push metrics batch to analytics.internal:9092 (attempt 1/3),,AnalyticsUploadTimeout,,,,
2026-07-02 19:46:01.591,ERROR,worker,23253,upstream call failed request_id=30e8c93b4bb54837 err=ECONNRESET upstream=10.0.3.44:8443 (retries exhausted),,,30e8c93b4bb54837,,ECONNRESET,10.0.3.44:8443
2026-07-02 19:46:13.674,ERROR,worker,23260,upstream call failed request_id=0698d8b8e1e7aa20 err=ECONNRESET upstream=10.0.3.44:8443 (retries exhausted),,,0698d8b8e1e7aa20,,ECONNRESET,10.0.3.44:8443
2026-07-02 19:46:40.586,ERROR,worker,23283,upstream call failed request_id=cf0c483a7448d593 err=ECONNRESET upstream=10.0.3.44:8443 (retries exhausted),,,cf0c483a7448d593,,ECONNRESET,10.0.3.44:8443
2026-07-02 19:46:52.207,ERROR,worker,23290,upstream call failed request_id=fed313f416b0cfa4 err=ECONNRESET upstream=10.0.3.44:8443 (retries exhausted),,,fed313f416b0cfa4,,ECONNRESET,10.0.3.44:8443
2026-07-02 19:46:52.944,ERROR,worker,23292,upstream call failed request_id=51be38df354fb44e err=ECONNRESET upstream=10.0.3.44:8443 (retries exhausted),,,51be38df354fb44e,,ECONNRESET,10.0.3.44:8443
2026-07-02 19:47:01.387,ERROR,worker,23296,upstream call failed request_id=c326d57f63393f0d err=ECONNRESET upstream=10.0.3.44:8443 (retries exhausted),,,c326d57f63393f0d,,ECONNRESET,10.0.3.44:8443
2026-07-02 19:47:24.974,ERROR,worker,23307,upstream call failed request_id=07a2b41524880b20 err=ECONNRESET upstream=10.0.3.44:8443 (retries exhausted),,,07a2b41524880b20,,ECONNRESET,10.0.3.44:8443
2026-07-02 19:47:34.469,ERROR,worker,23312,upstream call failed request_id=59b4d70270f175de err=ECONNRESET upstream=10.0.3.44:8443 (retries exhausted),,,59b4d70270f175de,,ECONNRESET,10.0.3.44:8443
2026-07-02 19:47:59.000,ERROR,metrics-worker,23330,AnalyticsUploadTimeout: failed to push metrics batch to analytics.internal:9092 (attempt 3/3),,AnalyticsUploadTimeout,,,,
2026-07-02 19:48:05.690,ERROR,worker,23337,upstream call failed request_id=f09aae3266d4b0a9 err=ECONNRESET upstream=10.0.3.44:8443 (retries exhausted),,,f09aae3266d4b0a9,,ECONNRESET,10.0.3.44:8443
2026-07-02 19:48:10.137,ERROR,worker,23343,upstream call failed request_id=2c8ace6547cadca1 err=ECONNRESET upstream=10.0.3.44:8443 (retries exhausted),,,2c8ace6547cadca1,,ECONNRESET,10.0.3.44:8443
2026-07-02 19:48:12.359,ERROR,worker,23344,upstream call failed request_id=c18086dfbd4bbe76 err=ECONNRESET upstream=10.0.3.44:8443 (retries exhausted),,,c18086dfbd4bbe76,,ECONNRESET,10.0.3.44:8443
2026-07-02 19:48:16.627,ERROR,worker,23346,upstream call failed request_id=c30360cb7f2874b3 err=ECONNRESET upstream=10.0.3.44:8443 (retries exhausted),,,c30360cb7f2874b3,,ECONNRESET,10.0.3.44:8443
2026-07-02 19:48:36.479,ERROR,worker,23363,upstream call failed request_id=312def7cc260e67e err=ECONNRESET upstream=10.0.3.44:8443 (retries exhausted),,,312def7cc260e67e,,ECONNRESET,10.0.3.44:8443
2026-07-02 19:48:48.397,ERROR,worker,23373,upstream call failed request_id=ee18448a126de33b err=ECONNRESET upstream=10.0.3.44:8443 (retries exhausted),,,ee18448a126de33b,,ECONNRESET,10.0.3.44:8443
2026-07-02 19:48:49.353,ERROR,worker,23375,upstream call failed request_id=187cc1525bef595a err=ECONNRESET upstream=10.0.3.44:8443 (retries exhausted),,,187cc1525bef595a,,ECONNRESET,10.0.3.44:8443
2026-07-02 19:49:00.807,ERROR,worker,23381,upstream call failed request_id=e2951fb689ca958e err=ECONNRESET upstream=10.0.3.44:8443 (retries exhausted),,,e2951fb689ca958e,,ECONNRESET,10.0.3.44:8443
2026-07-02 19:49:01.495,ERROR,worker,23383,upstream call failed request_id=a80f880ce2418b85 err=ECONNRESET upstream=10.0.3.44:8443 (retries exhausted),,,a80f880ce2418b85,,ECONNRESET,10.0.3.44:8443
2026-07-02 19:49:02.377,ERROR,worker,23384,upstream call failed request_id=7ca8c95065d68e73 err=ECONNRESET upstream=10.0.3.44:8443 (retries exhausted),,,7ca8c95065d68e73,,ECONNRESET,10.0.3.44:8443
2026-07-02 19:49:05.059,ERROR,worker,23388,upstream call failed request_id=1a9cb7478ff2f4da err=ECONNRESET upstream=10.0.3.44:8443 (retries exhausted),,,1a9cb7478ff2f4da,,ECONNRESET,10.0.3.44:8443
2026-07-02 19:49:29.189,ERROR,worker,23402,upstream call failed request_id=5e958035b5386d91 err=ECONNRESET upstream=10.0.3.44:8443 (retries exhausted),,,5e958035b5386d91,,ECONNRESET,10.0.3.44:8443
2026-07-02 19:49:33.309,ERROR,worker,23403,upstream call failed request_id=2d4f9148d71ae02e err=ECONNRESET upstream=10.0.3.44:8443 (retries exhausted),,,2d4f9148d71ae02e,,ECONNRESET,10.0.3.44:8443
2026-07-02 19:49:38.029,ERROR,worker,23408,upstream call failed request_id=86e7a86c4e7db4f2 err=ECONNRESET upstream=10.0.3.44:8443 (retries exhausted),,,86e7a86c4e7db4f2,,ECONNRESET,10.0.3.44:8443
2026-07-02 19:49:42.351,ERROR,worker,23410,upstream call failed request_id=1ef655e4cd861f8b err=ECONNRESET upstream=10.0.3.44:8443 (retries exhausted),,,1ef655e4cd861f8b,,ECONNRESET,10.0.3.44:8443
2026-07-02 19:49:46.000,ERROR,metrics-worker,23416,AnalyticsUploadTimeout: failed to push metrics batch to analytics.internal:9092 (attempt 3/3),,AnalyticsUploadTimeout,,,,
2026-07-02 19:50:10.836,ERROR,worker,23432,upstream call failed request_id=5bd6f02119bd9d6b err=ECONNRESET upstream=10.0.3.44:8443 (retries exhausted),,,5bd6f02119bd9d6b,,ECONNRESET,10.0.3.44:8443
2026-07-02 19:50:24.058,ERROR,worker,23440,upstream call failed request_id=bb0497fa26277573 err=ECONNRESET upstream=10.0.3.44:8443 (retries exhausted),,,bb0497fa26277573,,ECONNRESET,10.0.3.44:8443
2026-07-02 19:50:24.307,ERROR,worker,23442,upstream call failed request_id=038a44d988edc14f err=ECONNRESET upstream=10.0.3.44:8443 (retries exhausted),,,038a44d988edc14f,,ECONNRESET,10.0.3.44:8443
2026-07-02 19:50:45.236,ERROR,worker,23451,upstream call failed request_id=0908b15553931a56 err=ECONNRESET upstream=10.0.3.44:8443 (retries exhausted),,,0908b15553931a56,,ECONNRESET,10.0.3.44:8443
2026-07-02 19:50:52.277,ERROR,worker,23459,upstream call failed request_id=e4d9a9e0d5dda577 err=ECONNRESET upstream=10.0.3.44:8443 (retries exhausted),,,e4d9a9e0d5dda577,,ECONNRESET,10.0.3.44:8443
2026-07-02 19:50:54.454,ERROR,worker,23461,upstream call failed request_id=8e51878fe5a0711a err=ECONNRESET upstream=10.0.3.44:8443 (retries exhausted),,,8e51878fe5a0711a,,ECONNRESET,10.0.3.44:8443
2026-07-02 19:50:54.480,ERROR,worker,23462,upstream call failed request_id=75c5c9ca13d3a0a2 err=ECONNRESET upstream=10.0.3.44:8443 (retries exhausted),,,75c5c9ca13d3a0a2,,ECONNRESET,10.0.3.44:8443
2026-07-02 19:50:58.762,ERROR,worker,23463,upstream call failed request_id=3f14d86519da5bb5 err=ECONNRESET upstream=10.0.3.44:8443 (retries exhausted),,,3f14d86519da5bb5,,ECONNRESET,10.0.3.44:8443
2026-07-02 19:51:14.232,ERROR,worker,23470,upstream call failed request_id=919d162e7529daf6 err=ECONNRESET upstream=10.0.3.44:8443 (retries exhausted),,,919d162e7529daf6,,ECONNRESET,10.0.3.44:8443
2026-07-02 19:51:43.452,ERROR,worker,23482,upstream call failed request_id=f6a83684f7453c82 err=ECONNRESET upstream=10.0.3.44:8443 (retries exhausted),,,f6a83684f7453c82,,ECONNRESET,10.0.3.44:8443
2026-07-02 19:51:45.000,ERROR,metrics-worker,23483,AnalyticsUploadTimeout: failed to push metrics batch to analytics.internal:9092 (attempt 1/3),,AnalyticsUploadTimeout,,,,
2026-07-02 19:51:51.286,ERROR,worker,23487,upstream call failed request_id=e8a54af420d90f48 err=ECONNRESET upstream=10.0.3.44:8443 (retries exhausted),,,e8a54af420d90f48,,ECONNRESET,10.0.3.44:8443
2026-07-02 19:52:04.088,ERROR,worker,23497,upstream call failed request_id=9fa3b6e66327e799 err=ECONNRESET upstream=10.0.3.44:8443 (retries exhausted),,,9fa3b6e66327e799,,ECONNRESET,10.0.3.44:8443
2026-07-02 19:52:18.551,ERROR,worker,23505,upstream call failed request_id=0882f1636c35b977 err=ECONNRESET upstream=10.0.3.44:8443 (retries exhausted),,,0882f1636c35b977,,ECONNRESET,10.0.3.44:8443
2026-07-02 19:52:21.067,ERROR,worker,23507,upstream call failed request_id=f61df414836638e0 err=ECONNRESET upstream=10.0.3.44:8443 (retries exhausted),,,f61df414836638e0,,ECONNRESET,10.0.3.44:8443
2026-07-02 19:52:40.656,ERROR,worker,23519,upstream call failed request_id=1c5b039fde280d43 err=ECONNRESET upstream=10.0.3.44:8443 (retries exhausted),,,1c5b039fde280d43,,ECONNRESET,10.0.3.44:8443
2026-07-02 19:52:47.469,ERROR,worker,23525,upstream call failed request_id=c0e429b4d28b5803 err=ECONNRESET upstream=10.0.3.44:8443 (retries exhausted),,,c0e429b4d28b5803,,ECONNRESET,10.0.3.44:8443
2026-07-02 19:52:55.556,ERROR,worker,23530,upstream call failed request_id=a0ce23507354f1eb err=ECONNRESET upstream=10.0.3.44:8443 (retries exhausted),,,a0ce23507354f1eb,,ECONNRESET,10.0.3.44:8443
2026-07-02 19:52:56.080,ERROR,worker,23531,upstream call failed request_id=4bac70e9123fed79 err=ECONNRESET upstream=10.0.3.44:8443 (retries exhausted),,,4bac70e9123fed79,,ECONNRESET,10.0.3.44:8443
2026-07-02 19:52:58.621,ERROR,worker,23532,upstream call failed request_id=21e21d8c31fe9964 err=ECONNRESET upstream=10.0.3.44:8443 (retries exhausted),,,21e21d8c31fe9964,,ECONNRESET,10.0.3.44:8443
2026-07-02 19:53:06.426,ERROR,worker,23534,upstream call failed request_id=ed75750a716fd100 err=ECONNRESET upstream=10.0.3.44:8443 (retries exhausted),,,ed75750a716fd100,,ECONNRESET,10.0.3.44:8443
2026-07-02 19:53:16.721,ERROR,worker,23540,upstream call failed request_id=8edcdbf2d4136f1a err=ECONNRESET upstream=10.0.3.44:8443 (retries exhausted),,,8edcdbf2d4136f1a,,ECONNRESET,10.0.3.44:8443
2026-07-02 19:53:20.108,ERROR,worker,23542,upstream call failed request_id=f0fecd747ae95d7b err=ECONNRESET upstream=10.0.3.44:8443 (retries exhausted),,,f0fecd747ae95d7b,,ECONNRESET,10.0.3.44:8443
2026-07-02 19:53:41.543,ERROR,worker,23555,upstream call failed request_id=b4def8ed26ef6d38 err=ECONNRESET upstream=10.0.3.44:8443 (retries exhausted),,,b4def8ed26ef6d38,,ECONNRESET,10.0.3.44:8443
2026-07-02 19:53:47.000,ERROR,metrics-worker,23558,AnalyticsUploadTimeout: failed to push metrics batch to analytics.internal:9092 (attempt 3/3),,AnalyticsUploadTimeout,,,,
2026-07-02 19:54:10.147,ERROR,worker,23576,upstream call failed request_id=d780f7dcf0f7e914 err=ECONNRESET upstream=10.0.3.44:8443 (retries exhausted),,,d780f7dcf0f7e914,,ECONNRESET,10.0.3.44:8443
2026-07-02 19:54:18.189,ERROR,worker,23577,upstream call failed request_id=b78117421b386db1 err=ECONNRESET upstream=10.0.3.44:8443 (retries exhausted),,,b78117421b386db1,,ECONNRESET,10.0.3.44:8443
2026-07-02 19:54:36.102,ERROR,worker,23583,upstream call failed request_id=64b29fbc24b4c052 err=ECONNRESET upstream=10.0.3.44:8443 (retries exhausted),,,64b29fbc24b4c052,,ECONNRESET,10.0.3.44:8443
2026-07-02 19:54:37.688,ERROR,worker,23584,upstream call failed request_id=8b2f57a6c1b36deb err=ECONNRESET upstream=10.0.3.44:8443 (retries exhausted),,,8b2f57a6c1b36deb,,ECONNRESET,10.0.3.44:8443
2026-07-02 19:54:43.973,ERROR,worker,23591,upstream call failed request_id=d9902da4f4e9d525 err=ECONNRESET upstream=10.0.3.44:8443 (retries exhausted),,,d9902da4f4e9d525,,ECONNRESET,10.0.3.44:8443
2026-07-02 19:54:49.138,ERROR,worker,23600,upstream call failed request_id=525047ed997f1fd4 err=ECONNRESET upstream=10.0.3.44:8443 (retries exhausted),,,525047ed997f1fd4,,ECONNRESET,10.0.3.44:8443
2026-07-02 19:54:54.935,ERROR,worker,23607,upstream call failed request_id=541c49c0c1c2ee6b err=ECONNRESET upstream=10.0.3.44:8443 (retries exhausted),,,541c49c0c1c2ee6b,,ECONNRESET,10.0.3.44:8443
2026-07-02 19:55:05.000,ERROR,metrics-worker,23613,AnalyticsUploadTimeout: failed to push metrics batch to analytics.internal:9092 (attempt 1/3),,AnalyticsUploadTimeout,,,,
2026-07-02 19:55:20.341,ERROR,worker,23628,upstream call failed request_id=3c0e782936ca2ee8 err=ECONNRESET upstream=10.0.3.44:8443 (retries exhausted),,,3c0e782936ca2ee8,,ECONNRESET,10.0.3.44:8443
2026-07-02 19:55:30.385,ERROR,worker,23634,upstream call failed request_id=240b90fb1f384063 err=ECONNRESET upstream=10.0.3.44:8443 (retries exhausted),,,240b90fb1f384063,,ECONNRESET,10.0.3.44:8443
2026-07-02 19:55:45.925,ERROR,worker,23646,upstream call failed request_id=c2fdd2116b792e49 err=ECONNRESET upstream=10.0.3.44:8443 (retries exhausted),,,c2fdd2116b792e49,,ECONNRESET,10.0.3.44:8443
2026-07-02 19:55:49.079,ERROR,worker,23647,upstream call failed request_id=5e61677c87db2ab3 err=ECONNRESET upstream=10.0.3.44:8443 (retries exhausted),,,5e61677c87db2ab3,,ECONNRESET,10.0.3.44:8443
2026-07-02 19:55:56.278,ERROR,worker,23655,upstream call failed request_id=207c2bb16f423c5b err=ECONNRESET upstream=10.0.3.44:8443 (retries exhausted),,,207c2bb16f423c5b,,ECONNRESET,10.0.3.44:8443
2026-07-02 19:55:57.258,ERROR,worker,23657,upstream call failed request_id=caa0e8fda934ed69 err=ECONNRESET upstream=10.0.3.44:8443 (retries exhausted),,,caa0e8fda934ed69,,ECONNRESET,10.0.3.44:8443
2026-07-02 19:56:08.982,ERROR,worker,23661,upstream call failed request_id=d260e5ca52c8ac82 err=ECONNRESET upstream=10.0.3.44:8443 (retries exhausted),,,d260e5ca52c8ac82,,ECONNRESET,10.0.3.44:8443
2026-07-02 19:56:18.581,ERROR,worker,23668,upstream call failed request_id=4fe640695e2ada46 err=ECONNRESET upstream=10.0.3.44:8443 (retries exhausted),,,4fe640695e2ada46,,ECONNRESET,10.0.3.44:8443
2026-07-02 19:56:45.383,ERROR,worker,23690,upstream call failed request_id=393b8064fc6f796a err=ECONNRESET upstream=10.0.3.44:8443 (retries exhausted),,,393b8064fc6f796a,,ECONNRESET,10.0.3.44:8443
2026-07-02 19:56:49.118,ERROR,worker,23691,upstream call failed request_id=933b6da8dfa5dac6 err=ECONNRESET upstream=10.0.3.44:8443 (retries exhausted),,,933b6da8dfa5dac6,,ECONNRESET,10.0.3.44:8443
2026-07-02 19:56:52.492,ERROR,worker,23692,upstream call failed request_id=2ff801c8bb969b19 err=ECONNRESET upstream=10.0.3.44:8443 (retries exhausted),,,2ff801c8bb969b19,,ECONNRESET,10.0.3.44:8443
2026-07-02 19:57:17.000,ERROR,metrics-worker,23703,AnalyticsUploadTimeout: failed to push metrics batch to analytics.internal:9092 (attempt 2/3),,AnalyticsUploadTimeout,,,,
2026-07-02 19:57:20.666,ERROR,worker,23708,upstream call failed request_id=cf7144d2f8a2e2d7 err=ECONNRESET upstream=10.0.3.44:8443 (retries exhausted),,,cf7144d2f8a2e2d7,,ECONNRESET,10.0.3.44:8443
2026-07-02 19:57:33.444,ERROR,worker,23712,upstream call failed request_id=7ad783738bd56268 err=ECONNRESET upstream=10.0.3.44:8443 (retries exhausted),,,7ad783738bd56268,,ECONNRESET,10.0.3.44:8443
2026-07-02 19:57:56.393,ERROR,worker,23725,upstream call failed request_id=5f5e727310214239 err=ECONNRESET upstream=10.0.3.44:8443 (retries exhausted),,,5f5e727310214239,,ECONNRESET,10.0.3.44:8443
2026-07-02 19:58:08.040,ERROR,worker,23735,upstream call failed request_id=3f0efbaf996750fc err=ECONNRESET upstream=10.0.3.44:8443 (retries exhausted),,,3f0efbaf996750fc,,ECONNRESET,10.0.3.44:8443
2026-07-02 19:58:23.895,ERROR,worker,23744,upstream call failed request_id=1712eede6b6ba148 err=ECONNRESET upstream=10.0.3.44:8443 (retries exhausted),,,1712eede6b6ba148,,ECONNRESET,10.0.3.44:8443
2026-07-02 19:58:26.160,ERROR,worker,23746,upstream call failed request_id=74a4e79faf4c2828 err=ECONNRESET upstream=10.0.3.44:8443 (retries exhausted),,,74a4e79faf4c2828,,ECONNRESET,10.0.3.44:8443
2026-07-02 19:58:27.000,ERROR,metrics-worker,23747,AnalyticsUploadTimeout: failed to push metrics batch to analytics.internal:9092 (attempt 2/3),,AnalyticsUploadTimeout,,,,
2026-07-02 19:58:30.654,ERROR,worker,23751,upstream call failed request_id=755f3103c7b05f0e err=ECONNRESET upstream=10.0.3.44:8443 (retries exhausted),,,755f3103c7b05f0e,,ECONNRESET,10.0.3.44:8443
2026-07-02 19:58:33.423,ERROR,worker,23754,upstream call failed request_id=3d22091a3314e470 err=ECONNRESET upstream=10.0.3.44:8443 (retries exhausted),,,3d22091a3314e470,,ECONNRESET,10.0.3.44:8443
2026-07-02 19:58:59.332,ERROR,worker,23765,upstream call failed request_id=b866dd3da2830657 err=ECONNRESET upstream=10.0.3.44:8443 (retries exhausted),,,b866dd3da2830657,,ECONNRESET,10.0.3.44:8443
2026-07-02 19:59:11.585,ERROR,worker,23773,upstream call failed request_id=cf5b99d68a7166c2 err=ECONNRESET upstream=10.0.3.44:8443 (retries exhausted),,,cf5b99d68a7166c2,,ECONNRESET,10.0.3.44:8443
2026-07-02 19:59:17.188,ERROR,worker,23776,upstream call failed request_id=18cdebca81d0e29b err=ECONNRESET upstream=10.0.3.44:8443 (retries exhausted),,,18cdebca81d0e29b,,ECONNRESET,10.0.3.44:8443
2026-07-02 19:59:34.032,ERROR,worker,23784,upstream call failed request_id=176fdfe7f4b8ecca err=ECONNRESET upstream=10.0.3.44:8443 (retries exhausted),,,176fdfe7f4b8ecca,,ECONNRESET,10.0.3.44:8443
2026-07-02 19:59:36.680,ERROR,worker,23785,upstream call failed request_id=6422187b772697fa err=ECONNRESET upstream=10.0.3.44:8443 (retries exhausted),,,6422187b772697fa,,ECONNRESET,10.0.3.44:8443
2026-07-02 20:00:13.203,ERROR,worker,23803,upstream call failed request_id=f4f622fa90bf124a err=ECONNRESET upstream=10.0.3.44:8443 (retries exhausted),,,f4f622fa90bf124a,,ECONNRESET,10.0.3.44:8443
2026-07-02 20:00:14.484,ERROR,worker,23804,upstream call failed request_id=544caeacfe774796 err=ECONNRESET upstream=10.0.3.44:8443 (retries exhausted),,,544caeacfe774796,,ECONNRESET,10.0.3.44:8443
2026-07-02 20:00:18.000,ERROR,metrics-worker,23806,AnalyticsUploadTimeout: failed to push metrics batch to analytics.internal:9092 (attempt 1/3),,AnalyticsUploadTimeout,,,,
2026-07-02 20:00:27.195,ERROR,worker,23813,upstream call failed request_id=77441452ca4db46e err=ECONNRESET upstream=10.0.3.44:8443 (retries exhausted),,,77441452ca4db46e,,ECONNRESET,10.0.3.44:8443
2026-07-02 20:00:29.371,ERROR,worker,23817,upstream call failed request_id=0e1af474cb622050 err=ECONNRESET upstream=10.0.3.44:8443 (retries exhausted),,,0e1af474cb622050,,ECONNRESET,10.0.3.44:8443
2026-07-02 20:00:29.826,ERROR,worker,23819,upstream call failed request_id=9b273d009a445b0a err=ECONNRESET upstream=10.0.3.44:8443 (retries exhausted),,,9b273d009a445b0a,,ECONNRESET,10.0.3.44:8443
2026-07-02 20:00:31.835,ERROR,worker,23820,upstream call failed request_id=3de8fbe4f8c6e2e8 err=ECONNRESET upstream=10.0.3.44:8443 (retries exhausted),,,3de8fbe4f8c6e2e8,,ECONNRESET,10.0.3.44:8443
2026-07-02 20:01:05.400,ERROR,worker,23837,upstream call failed request_id=803aae11669409db err=ECONNRESET upstream=10.0.3.44:8443 (retries exhausted),,,803aae11669409db,,ECONNRESET,10.0.3.44:8443
2026-07-02 20:01:18.939,ERROR,worker,23841,upstream call failed request_id=71774d4d768f7d14 err=ECONNRESET upstream=10.0.3.44:8443 (retries exhausted),,,71774d4d768f7d14,,ECONNRESET,10.0.3.44:8443
2026-07-02 20:01:19.485,ERROR,worker,23842,upstream call failed request_id=0287c8f97f2203af err=ECONNRESET upstream=10.0.3.44:8443 (retries exhausted),,,0287c8f97f2203af,,ECONNRESET,10.0.3.44:8443
2026-07-02 20:01:31.442,ERROR,worker,23849,upstream call failed request_id=e06a9164178abe8d err=ECONNRESET upstream=10.0.3.44:8443 (retries exhausted),,,e06a9164178abe8d,,ECONNRESET,10.0.3.44:8443
2026-07-02 20:02:03.903,ERROR,worker,23861,upstream call failed request_id=132126e6282fa88c err=ECONNRESET upstream=10.0.3.44:8443 (retries exhausted),,,132126e6282fa88c,,ECONNRESET,10.0.3.44:8443
2026-07-02 20:02:22.963,ERROR,worker,23868,upstream call failed request_id=ef6a9fd411e2d303 err=ECONNRESET upstream=10.0.3.44:8443 (retries exhausted),,,ef6a9fd411e2d303,,ECONNRESET,10.0.3.44:8443
2026-07-02 20:02:24.100,ERROR,worker,23870,upstream call failed request_id=e20fba968f4444b0 err=ECONNRESET upstream=10.0.3.44:8443 (retries exhausted),,,e20fba968f4444b0,,ECONNRESET,10.0.3.44:8443
2026-07-02 20:02:28.196,ERROR,worker,23872,upstream call failed request_id=bf889318e8b9ac44 err=ECONNRESET upstream=10.0.3.44:8443 (retries exhausted),,,bf889318e8b9ac44,,ECONNRESET,10.0.3.44:8443
2026-07-02 20:02:36.922,ERROR,worker,23878,upstream call failed request_id=8f8a9c62e8dd96c2 err=ECONNRESET upstream=10.0.3.44:8443 (retries exhausted),,,8f8a9c62e8dd96c2,,ECONNRESET,10.0.3.44:8443
2026-07-02 20:02:47.639,ERROR,worker,23888,upstream call failed request_id=b360386bf197fb24 err=ECONNRESET upstream=10.0.3.44:8443 (retries exhausted),,,b360386bf197fb24,,ECONNRESET,10.0.3.44:8443
2026-07-02 20:02:48.000,ERROR,metrics-worker,23889,AnalyticsUploadTimeout: failed to push metrics batch to analytics.internal:9092 (attempt 2/3),,AnalyticsUploadTimeout,,,,
2026-07-02 20:02:52.151,ERROR,worker,23893,upstream call failed request_id=8bd5c709e75a0e6c err=ECONNRESET upstream=10.0.3.44:8443 (retries exhausted),,,8bd5c709e75a0e6c,,ECONNRESET,10.0.3.44:8443
2026-07-02 20:03:00.136,ERROR,worker,23898,upstream call failed request_id=1814ec0b38defbd5 err=ECONNRESET upstream=10.0.3.44:8443 (retries exhausted),,,1814ec0b38defbd5,,ECONNRESET,10.0.3.44:8443
2026-07-02 20:03:01.485,ERROR,worker,23900,upstream call failed request_id=e2dbd7cee30c6f2a err=ECONNRESET upstream=10.0.3.44:8443 (retries exhausted),,,e2dbd7cee30c6f2a,,ECONNRESET,10.0.3.44:8443
2026-07-02 20:03:05.975,ERROR,worker,23904,upstream call failed request_id=a933b004f740a9e6 err=ECONNRESET upstream=10.0.3.44:8443 (retries exhausted),,,a933b004f740a9e6,,ECONNRESET,10.0.3.44:8443
2026-07-02 20:03:24.059,ERROR,worker,23917,upstream call failed request_id=16edd7dd8a72d666 err=ECONNRESET upstream=10.0.3.44:8443 (retries exhausted),,,16edd7dd8a72d666,,ECONNRESET,10.0.3.44:8443
2026-07-02 20:03:27.116,ERROR,worker,23919,upstream call failed request_id=05500251fd9ee9a4 err=ECONNRESET upstream=10.0.3.44:8443 (retries exhausted),,,05500251fd9ee9a4,,ECONNRESET,10.0.3.44:8443
2026-07-02 20:03:47.293,ERROR,worker,23929,upstream call failed request_id=47e116d220dedd43 err=ECONNRESET upstream=10.0.3.44:8443 (retries exhausted),,,47e116d220dedd43,,ECONNRESET,10.0.3.44:8443
2026-07-02 20:03:54.164,ERROR,worker,23930,upstream call failed request_id=2a4b9a35d64314c1 err=ECONNRESET upstream=10.0.3.44:8443 (retries exhausted),,,2a4b9a35d64314c1,,ECONNRESET,10.0.3.44:8443
2026-07-02 20:04:05.622,ERROR,worker,23935,upstream call failed request_id=aaea5cf746d0b40b err=ECONNRESET upstream=10.0.3.44:8443 (retries exhausted),,,aaea5cf746d0b40b,,ECONNRESET,10.0.3.44:8443
2026-07-02 20:04:19.910,ERROR,worker,23945,upstream call failed request_id=13948e630f50327e err=ECONNRESET upstream=10.0.3.44:8443 (retries exhausted),,,13948e630f50327e,,ECONNRESET,10.0.3.44:8443
2026-07-02 20:04:23.103,ERROR,worker,23947,upstream call failed request_id=203b5499c92ff30e err=ECONNRESET upstream=10.0.3.44:8443 (retries exhausted),,,203b5499c92ff30e,,ECONNRESET,10.0.3.44:8443
2026-07-02 20:04:38.998,ERROR,worker,23954,upstream call failed request_id=a41735c5fc6618cd err=ECONNRESET upstream=10.0.3.44:8443 (retries exhausted),,,a41735c5fc6618cd,,ECONNRESET,10.0.3.44:8443
2026-07-02 20:04:47.124,ERROR,worker,23960,upstream call failed request_id=bfd8bc3202a28f88 err=ECONNRESET upstream=10.0.3.44:8443 (retries exhausted),,,bfd8bc3202a28f88,,ECONNRESET,10.0.3.44:8443
2026-07-02 20:04:53.103,ERROR,worker,23966,upstream call failed request_id=d68bb9d7315aa4ea err=ECONNRESET upstream=10.0.3.44:8443 (retries exhausted),,,d68bb9d7315aa4ea,,ECONNRESET,10.0.3.44:8443
2026-07-02 20:04:56.381,ERROR,worker,23967,upstream call failed request_id=eb281ba45af31beb err=ECONNRESET upstream=10.0.3.44:8443 (retries exhausted),,,eb281ba45af31beb,,ECONNRESET,10.0.3.44:8443
2026-07-02 20:05:04.402,ERROR,worker,23972,upstream call failed request_id=32008a96123f5d15 err=ECONNRESET upstream=10.0.3.44:8443 (retries exhausted),,,32008a96123f5d15,,ECONNRESET,10.0.3.44:8443
2026-07-02 20:05:08.000,ERROR,metrics-worker,23973,AnalyticsUploadTimeout: failed to push metrics batch to analytics.internal:9092 (attempt 3/3),,AnalyticsUploadTimeout,,,,
2026-07-02 20:05:27.817,ERROR,worker,23988,upstream call failed request_id=9767c8e303d6f72c err=ECONNRESET upstream=10.0.3.44:8443 (retries exhausted),,,9767c8e303d6f72c,,ECONNRESET,10.0.3.44:8443
2026-07-02 20:05:44.379,ERROR,worker,24000,upstream call failed request_id=186a5b7e27d6f612 err=ECONNRESET upstream=10.0.3.44:8443 (retries exhausted),,,186a5b7e27d6f612,,ECONNRESET,10.0.3.44:8443
2026-07-02 20:05:54.808,ERROR,worker,24004,upstream call failed request_id=af7a21d27e2ff6a7 err=ECONNRESET upstream=10.0.3.44:8443 (retries exhausted),,,af7a21d27e2ff6a7,,ECONNRESET,10.0.3.44:8443
2026-07-02 20:05:57.471,ERROR,worker,24006,upstream call failed request_id=2017e28264a52beb err=ECONNRESET upstream=10.0.3.44:8443 (retries exhausted),,,2017e28264a52beb,,ECONNRESET,10.0.3.44:8443
2026-07-02 20:06:03.224,ERROR,worker,24009,upstream call failed request_id=d449b18f43abc74a err=ECONNRESET upstream=10.0.3.44:8443 (retries exhausted),,,d449b18f43abc74a,,ECONNRESET,10.0.3.44:8443
2026-07-02 20:06:04.639,ERROR,worker,24011,upstream call failed request_id=262b840874470cd9 err=ECONNRESET upstream=10.0.3.44:8443 (retries exhausted),,,262b840874470cd9,,ECONNRESET,10.0.3.44:8443
2026-07-02 20:06:22.032,ERROR,worker,24022,upstream call failed request_id=74e037b8455610fc err=ECONNRESET upstream=10.0.3.44:8443 (retries exhausted),,,74e037b8455610fc,,ECONNRESET,10.0.3.44:8443
2026-07-02 20:06:32.916,ERROR,worker,24030,upstream call failed request_id=56461772e4b2efc4 err=ECONNRESET upstream=10.0.3.44:8443 (retries exhausted),,,56461772e4b2efc4,,ECONNRESET,10.0.3.44:8443
2026-07-02 20:06:35.374,ERROR,worker,24033,upstream call failed request_id=1f0893f55a431721 err=ECONNRESET upstream=10.0.3.44:8443 (retries exhausted),,,1f0893f55a431721,,ECONNRESET,10.0.3.44:8443
2026-07-02 20:06:48.145,ERROR,worker,24040,upstream call failed request_id=0b3e24094140ab78 err=ECONNRESET upstream=10.0.3.44:8443 (retries exhausted),,,0b3e24094140ab78,,ECONNRESET,10.0.3.44:8443
2026-07-02 20:06:54.000,ERROR,metrics-worker,24044,AnalyticsUploadTimeout: failed to push metrics batch to analytics.internal:9092 (attempt 1/3),,AnalyticsUploadTimeout,,,,
2026-07-02 20:06:55.010,ERROR,worker,24045,upstream call failed request_id=d4d94205ee1bf74f err=ECONNRESET upstream=10.0.3.44:8443 (retries exhausted),,,d4d94205ee1bf74f,,ECONNRESET,10.0.3.44:8443
2026-07-02 20:06:59.468,ERROR,worker,24047,upstream call failed request_id=1b4d7c97283ac62a err=ECONNRESET upstream=10.0.3.44:8443 (retries exhausted),,,1b4d7c97283ac62a,,ECONNRESET,10.0.3.44:8443
2026-07-02 20:07:07.855,ERROR,worker,24049,upstream call failed request_id=df6f49f47f0e0af3 err=ECONNRESET upstream=10.0.3.44:8443 (retries exhausted),,,df6f49f47f0e0af3,,ECONNRESET,10.0.3.44:8443
2026-07-02 20:07:23.158,ERROR,worker,24056,upstream call failed request_id=91dae61912328429 err=ECONNRESET upstream=10.0.3.44:8443 (retries exhausted),,,91dae61912328429,,ECONNRESET,10.0.3.44:8443
2026-07-02 20:07:42.122,ERROR,worker,24078,upstream call failed request_id=8aaeab3c0063e7b2 err=ECONNRESET upstream=10.0.3.44:8443 (retries exhausted),,,8aaeab3c0063e7b2,,ECONNRESET,10.0.3.44:8443
2026-07-02 20:07:42.136,ERROR,worker,24079,upstream call failed request_id=d299841266b3fd8d err=ECONNRESET upstream=10.0.3.44:8443 (retries exhausted),,,d299841266b3fd8d,,ECONNRESET,10.0.3.44:8443
2026-07-02 20:07:43.553,ERROR,worker,24081,upstream call failed request_id=524b502b1020a6c0 err=ECONNRESET upstream=10.0.3.44:8443 (retries exhausted),,,524b502b1020a6c0,,ECONNRESET,10.0.3.44:8443
2026-07-02 20:07:58.949,ERROR,worker,24093,upstream call failed request_id=dcf79c0f1eb55a17 err=ECONNRESET upstream=10.0.3.44:8443 (retries exhausted),,,dcf79c0f1eb55a17,,ECONNRESET,10.0.3.44:8443
2026-07-02 20:08:00.428,ERROR,worker,24094,upstream call failed request_id=4886f4808a0afe03 err=ECONNRESET upstream=10.0.3.44:8443 (retries exhausted),,,4886f4808a0afe03,,ECONNRESET,10.0.3.44:8443
2026-07-02 20:08:04.537,ERROR,worker,24097,upstream call failed request_id=30f9d6b0bfa0723e err=ECONNRESET upstream=10.0.3.44:8443 (retries exhausted),,,30f9d6b0bfa0723e,,ECONNRESET,10.0.3.44:8443
2026-07-02 20:08:17.842,ERROR,worker,24103,upstream call failed request_id=9e6925777c4af7cb err=ECONNRESET upstream=10.0.3.44:8443 (retries exhausted),,,9e6925777c4af7cb,,ECONNRESET,10.0.3.44:8443
2026-07-02 20:08:29.000,ERROR,metrics-worker,24108,AnalyticsUploadTimeout: failed to push metrics batch to analytics.internal:9092 (attempt 1/3),,AnalyticsUploadTimeout,,,,
2026-07-02 20:08:36.725,ERROR,worker,24112,upstream call failed request_id=e1ee170f767d256b err=ECONNRESET upstream=10.0.3.44:8443 (retries exhausted),,,e1ee170f767d256b,,ECONNRESET,10.0.3.44:8443
2026-07-02 20:08:44.861,ERROR,worker,24120,upstream call failed request_id=04935fa218fba235 err=ECONNRESET upstream=10.0.3.44:8443 (retries exhausted),,,04935fa218fba235,,ECONNRESET,10.0.3.44:8443
2026-07-02 20:08:46.539,ERROR,worker,24121,upstream call failed request_id=bfa52a521d1ec4c0 err=ECONNRESET upstream=10.0.3.44:8443 (retries exhausted),,,bfa52a521d1ec4c0,,ECONNRESET,10.0.3.44:8443
2026-07-02 20:08:48.755,ERROR,worker,24122,upstream call failed request_id=d9bfa8a6adfd531d err=ECONNRESET upstream=10.0.3.44:8443 (retries exhausted),,,d9bfa8a6adfd531d,,ECONNRESET,10.0.3.44:8443
2026-07-02 20:09:05.075,ERROR,worker,24128,upstream call failed request_id=49d87d7905a39b07 err=ECONNRESET upstream=10.0.3.44:8443 (retries exhausted),,,49d87d7905a39b07,,ECONNRESET,10.0.3.44:8443
2026-07-02 20:09:14.238,ERROR,worker,24132,upstream call failed request_id=13c6f17530e1d083 err=ECONNRESET upstream=10.0.3.44:8443 (retries exhausted),,,13c6f17530e1d083,,ECONNRESET,10.0.3.44:8443
2026-07-02 20:09:39.000,ERROR,metrics-worker,24137,AnalyticsUploadTimeout: failed to push metrics batch to analytics.internal:9092 (attempt 1/3),,AnalyticsUploadTimeout,,,,
2026-07-02 20:10:16.828,ERROR,worker,24154,upstream call failed request_id=16bc4797b7b3e3b3 err=ECONNRESET upstream=10.0.3.44:8443 (retries exhausted),,,16bc4797b7b3e3b3,,ECONNRESET,10.0.3.44:8443
2026-07-02 20:10:42.250,ERROR,worker,24165,upstream call failed request_id=1c6cd537371e2db5 err=ECONNRESET upstream=10.0.3.44:8443 (retries exhausted),,,1c6cd537371e2db5,,ECONNRESET,10.0.3.44:8443
2026-07-02 20:10:44.677,ERROR,worker,24167,upstream call failed request_id=946e95d6080fd133 err=ECONNRESET upstream=10.0.3.44:8443 (retries exhausted),,,946e95d6080fd133,,ECONNRESET,10.0.3.44:8443
2026-07-02 20:10:49.262,ERROR,worker,24170,upstream call failed request_id=e7cd2540bc54c62a err=ECONNRESET upstream=10.0.3.44:8443 (retries exhausted),,,e7cd2540bc54c62a,,ECONNRESET,10.0.3.44:8443
2026-07-02 20:11:21.000,ERROR,metrics-worker,24185,AnalyticsUploadTimeout: failed to push metrics batch to analytics.internal:9092 (attempt 3/3),,AnalyticsUploadTimeout,,,,
2026-07-02 20:11:24.386,ERROR,worker,24188,upstream call failed request_id=0403837577531d76 err=ECONNRESET upstream=10.0.3.44:8443 (retries exhausted),,,0403837577531d76,,ECONNRESET,10.0.3.44:8443
2026-07-02 20:11:29.698,ERROR,worker,24195,upstream call failed request_id=cce78c97ea3d374f err=ECONNRESET upstream=10.0.3.44:8443 (retries exhausted),,,cce78c97ea3d374f,,ECONNRESET,10.0.3.44:8443
2026-07-02 20:11:40.646,ERROR,worker,24199,upstream call failed request_id=719d1772eec46f2e err=ECONNRESET upstream=10.0.3.44:8443 (retries exhausted),,,719d1772eec46f2e,,ECONNRESET,10.0.3.44:8443
2026-07-02 20:12:00.407,ERROR,worker,24209,upstream call failed request_id=a5425308a2cd91ab err=ECONNRESET upstream=10.0.3.44:8443 (retries exhausted),,,a5425308a2cd91ab,,ECONNRESET,10.0.3.44:8443
2026-07-02 20:12:00.859,ERROR,worker,24210,upstream call failed request_id=c4848ed8c1041969 err=ECONNRESET upstream=10.0.3.44:8443 (retries exhausted),,,c4848ed8c1041969,,ECONNRESET,10.0.3.44:8443
2026-07-02 20:12:18.582,ERROR,worker,24224,upstream call failed request_id=6d74cd8a10cdd483 err=ECONNRESET upstream=10.0.3.44:8443 (retries exhausted),,,6d74cd8a10cdd483,,ECONNRESET,10.0.3.44:8443
2026-07-02 20:12:33.000,ERROR,metrics-worker,24226,AnalyticsUploadTimeout: failed to push metrics batch to analytics.internal:9092 (attempt 2/3),,AnalyticsUploadTimeout,,,,
2026-07-02 20:12:46.449,ERROR,worker,24232,upstream call failed request_id=4517e1f2cdfb6ff9 err=ECONNRESET upstream=10.0.3.44:8443 (retries exhausted),,,4517e1f2cdfb6ff9,,ECONNRESET,10.0.3.44:8443
2026-07-02 20:13:07.363,ERROR,worker,24242,upstream call failed request_id=faaa919fcae18431 err=ECONNRESET upstream=10.0.3.44:8443 (retries exhausted),,,faaa919fcae18431,,ECONNRESET,10.0.3.44:8443
2026-07-02 20:13:09.337,ERROR,worker,24244,upstream call failed request_id=f32f0cfa33bb2f51 err=ECONNRESET upstream=10.0.3.44:8443 (retries exhausted),,,f32f0cfa33bb2f51,,ECONNRESET,10.0.3.44:8443
2026-07-02 20:13:34.819,ERROR,worker,24259,upstream call failed request_id=801b3d6aad80fccf err=ECONNRESET upstream=10.0.3.44:8443 (retries exhausted),,,801b3d6aad80fccf,,ECONNRESET,10.0.3.44:8443
2026-07-02 20:13:36.088,ERROR,worker,24260,upstream call failed request_id=6dbfe9edf4221f31 err=ECONNRESET upstream=10.0.3.44:8443 (retries exhausted),,,6dbfe9edf4221f31,,ECONNRESET,10.0.3.44:8443
2026-07-02 20:14:07.888,ERROR,worker,24270,upstream call failed request_id=4c81234f04ec6524 err=ECONNRESET upstream=10.0.3.44:8443 (retries exhausted),,,4c81234f04ec6524,,ECONNRESET,10.0.3.44:8443
2026-07-02 20:14:10.677,ERROR,worker,24272,upstream call failed request_id=cb2273e1f7ebe8bf err=ECONNRESET upstream=10.0.3.44:8443 (retries exhausted),,,cb2273e1f7ebe8bf,,ECONNRESET,10.0.3.44:8443
2026-07-02 20:14:17.325,ERROR,worker,24275,upstream call failed request_id=2ac92569212b5eb1 err=ECONNRESET upstream=10.0.3.44:8443 (retries exhausted),,,2ac92569212b5eb1,,ECONNRESET,10.0.3.44:8443
2026-07-02 20:14:22.821,ERROR,worker,24279,upstream call failed request_id=a91787e486d13cfd err=ECONNRESET upstream=10.0.3.44:8443 (retries exhausted),,,a91787e486d13cfd,,ECONNRESET,10.0.3.44:8443
2026-07-02 20:14:22.936,ERROR,worker,24280,upstream call failed request_id=1a1bfee1fe5a376d err=ECONNRESET upstream=10.0.3.44:8443 (retries exhausted),,,1a1bfee1fe5a376d,,ECONNRESET,10.0.3.44:8443
2026-07-02 20:14:40.736,ERROR,worker,24285,upstream call failed request_id=ee8237048c2b2e93 err=ECONNRESET upstream=10.0.3.44:8443 (retries exhausted),,,ee8237048c2b2e93,,ECONNRESET,10.0.3.44:8443
2026-07-02 20:14:42.918,ERROR,worker,24286,upstream call failed request_id=2b9cf91db2cfbd0e err=ECONNRESET upstream=10.0.3.44:8443 (retries exhausted),,,2b9cf91db2cfbd0e,,ECONNRESET,10.0.3.44:8443
2026-07-02 20:14:43.000,ERROR,metrics-worker,24287,AnalyticsUploadTimeout: failed to push metrics batch to analytics.internal:9092 (attempt 2/3),,AnalyticsUploadTimeout,,,,
2026-07-02 20:14:48.598,ERROR,worker,24289,upstream call failed request_id=8b8d1c57ef782bdf err=ECONNRESET upstream=10.0.3.44:8443 (retries exhausted),,,8b8d1c57ef782bdf,,ECONNRESET,10.0.3.44:8443
2026-07-02 20:15:08.474,ERROR,worker,24301,upstream call failed request_id=0db6ebe18a3d2726 err=ECONNRESET upstream=10.0.3.44:8443 (retries exhausted),,,0db6ebe18a3d2726,,ECONNRESET,10.0.3.44:8443
2026-07-02 20:15:10.225,ERROR,worker,24303,upstream call failed request_id=9906032f542183f1 err=ECONNRESET upstream=10.0.3.44:8443 (retries exhausted),,,9906032f542183f1,,ECONNRESET,10.0.3.44:8443
2026-07-02 20:15:21.432,ERROR,worker,24306,upstream call failed request_id=079fb045f6d7a819 err=ECONNRESET upstream=10.0.3.44:8443 (retries exhausted),,,079fb045f6d7a819,,ECONNRESET,10.0.3.44:8443
2026-07-02 20:15:22.155,ERROR,worker,24307,upstream call failed request_id=809ee6ffe3524128 err=ECONNRESET upstream=10.0.3.44:8443 (retries exhausted),,,809ee6ffe3524128,,ECONNRESET,10.0.3.44:8443
2026-07-02 20:15:22.229,ERROR,worker,24308,upstream call failed request_id=9e35f0aff552d93e err=ECONNRESET upstream=10.0.3.44:8443 (retries exhausted),,,9e35f0aff552d93e,,ECONNRESET,10.0.3.44:8443
2026-07-02 20:15:32.489,ERROR,worker,24316,upstream call failed request_id=c150b1878e68e301 err=ECONNRESET upstream=10.0.3.44:8443 (retries exhausted),,,c150b1878e68e301,,ECONNRESET,10.0.3.44:8443
2026-07-02 20:15:39.674,ERROR,worker,24322,upstream call failed request_id=e0cfb3d935f28592 err=ECONNRESET upstream=10.0.3.44:8443 (retries exhausted),,,e0cfb3d935f28592,,ECONNRESET,10.0.3.44:8443
2026-07-02 20:15:44.775,ERROR,worker,24326,upstream call failed request_id=2eb6f41751663b93 err=ECONNRESET upstream=10.0.3.44:8443 (retries exhausted),,,2eb6f41751663b93,,ECONNRESET,10.0.3.44:8443
2026-07-02 20:15:53.344,ERROR,worker,24331,upstream call failed request_id=5c77623ec239c12f err=ECONNRESET upstream=10.0.3.44:8443 (retries exhausted),,,5c77623ec239c12f,,ECONNRESET,10.0.3.44:8443
2026-07-02 20:16:11.227,ERROR,worker,24338,upstream call failed request_id=a0326b13a9b920cb err=ECONNRESET upstream=10.0.3.44:8443 (retries exhausted),,,a0326b13a9b920cb,,ECONNRESET,10.0.3.44:8443
2026-07-02 20:16:23.263,ERROR,worker,24350,upstream call failed request_id=34837c263e234ca3 err=ECONNRESET upstream=10.0.3.44:8443 (retries exhausted),,,34837c263e234ca3,,ECONNRESET,10.0.3.44:8443
2026-07-02 20:16:25.000,ERROR,metrics-worker,24352,AnalyticsUploadTimeout: failed to push metrics batch to analytics.internal:9092 (attempt 1/3),,AnalyticsUploadTimeout,,,,
2026-07-02 20:16:54.437,ERROR,worker,24370,upstream call failed request_id=5fdaa5017ff79cf7 err=ECONNRESET upstream=10.0.3.44:8443 (retries exhausted),,,5fdaa5017ff79cf7,,ECONNRESET,10.0.3.44:8443
2026-07-02 20:17:00.686,ERROR,worker,24374,upstream call failed request_id=8a27ab7c163c79bd err=ECONNRESET upstream=10.0.3.44:8443 (retries exhausted),,,8a27ab7c163c79bd,,ECONNRESET,10.0.3.44:8443
2026-07-02 20:17:11.526,ERROR,worker,24377,upstream call failed request_id=da61ae608256115a err=ECONNRESET upstream=10.0.3.44:8443 (retries exhausted),,,da61ae608256115a,,ECONNRESET,10.0.3.44:8443
2026-07-02 20:17:12.176,ERROR,worker,24378,upstream call failed request_id=6d06154f0e6354c0 err=ECONNRESET upstream=10.0.3.44:8443 (retries exhausted),,,6d06154f0e6354c0,,ECONNRESET,10.0.3.44:8443
2026-07-02 20:17:22.186,ERROR,worker,24386,upstream call failed request_id=7eb0ff4b6dfb958c err=ECONNRESET upstream=10.0.3.44:8443 (retries exhausted),,,7eb0ff4b6dfb958c,,ECONNRESET,10.0.3.44:8443
2026-07-02 20:17:39.384,ERROR,worker,24396,upstream call failed request_id=2ddc66dbf404e7d2 err=ECONNRESET upstream=10.0.3.44:8443 (retries exhausted),,,2ddc66dbf404e7d2,,ECONNRESET,10.0.3.44:8443
2026-07-02 20:17:53.000,ERROR,metrics-worker,24405,AnalyticsUploadTimeout: failed to push metrics batch to analytics.internal:9092 (attempt 3/3),,AnalyticsUploadTimeout,,,,
2026-07-02 20:18:09.457,ERROR,worker,24410,upstream call failed request_id=41adaea81dbab771 err=ECONNRESET upstream=10.0.3.44:8443 (retries exhausted),,,41adaea81dbab771,,ECONNRESET,10.0.3.44:8443
2026-07-02 20:18:21.093,ERROR,worker,24414,upstream call failed request_id=bbf614ca4c33be49 err=ECONNRESET upstream=10.0.3.44:8443 (retries exhausted),,,bbf614ca4c33be49,,ECONNRESET,10.0.3.44:8443
2026-07-02 20:18:23.077,ERROR,worker,24415,upstream call failed request_id=ddf691e1765e87d8 err=ECONNRESET upstream=10.0.3.44:8443 (retries exhausted),,,ddf691e1765e87d8,,ECONNRESET,10.0.3.44:8443
2026-07-02 20:18:24.626,ERROR,worker,24416,upstream call failed request_id=fe4101dff1239426 err=ECONNRESET upstream=10.0.3.44:8443 (retries exhausted),,,fe4101dff1239426,,ECONNRESET,10.0.3.44:8443
2026-07-02 20:18:30.971,ERROR,worker,24421,upstream call failed request_id=dc1fb3d14528f556 err=ECONNRESET upstream=10.0.3.44:8443 (retries exhausted),,,dc1fb3d14528f556,,ECONNRESET,10.0.3.44:8443
2026-07-02 20:18:31.006,ERROR,worker,24422,upstream call failed request_id=2530256c7b7d7d6a err=ECONNRESET upstream=10.0.3.44:8443 (retries exhausted),,,2530256c7b7d7d6a,,ECONNRESET,10.0.3.44:8443
2026-07-02 20:19:12.399,ERROR,worker,24440,upstream call failed request_id=f0aee6d2a1642b73 err=ECONNRESET upstream=10.0.3.44:8443 (retries exhausted),,,f0aee6d2a1642b73,,ECONNRESET,10.0.3.44:8443
2026-07-02 20:19:17.688,ERROR,worker,24445,upstream call failed request_id=8c07d79501e446f2 err=ECONNRESET upstream=10.0.3.44:8443 (retries exhausted),,,8c07d79501e446f2,,ECONNRESET,10.0.3.44:8443
2026-07-02 20:19:25.855,ERROR,worker,24447,upstream call failed request_id=283282ed02597c7e err=ECONNRESET upstream=10.0.3.44:8443 (retries exhausted),,,283282ed02597c7e,,ECONNRESET,10.0.3.44:8443
2026-07-02 20:19:34.000,ERROR,metrics-worker,24450,AnalyticsUploadTimeout: failed to push metrics batch to analytics.internal:9092 (attempt 3/3),,AnalyticsUploadTimeout,,,,
2026-07-02 20:19:44.037,ERROR,worker,24455,upstream call failed request_id=270d20fa7c7a721a err=ECONNRESET upstream=10.0.3.44:8443 (retries exhausted),,,270d20fa7c7a721a,,ECONNRESET,10.0.3.44:8443
2026-07-02 20:19:46.359,ERROR,worker,24456,upstream call failed request_id=0b653a5fd7f5c492 err=ECONNRESET upstream=10.0.3.44:8443 (retries exhausted),,,0b653a5fd7f5c492,,ECONNRESET,10.0.3.44:8443
2026-07-02 20:19:49.140,ERROR,worker,24459,upstream call failed request_id=8b146b981389b23d err=ECONNRESET upstream=10.0.3.44:8443 (retries exhausted),,,8b146b981389b23d,,ECONNRESET,10.0.3.44:8443
2026-07-02 20:20:18.338,ERROR,worker,24477,upstream call failed request_id=06c4eb77359db0c3 err=ECONNRESET upstream=10.0.3.44:8443 (retries exhausted),,,06c4eb77359db0c3,,ECONNRESET,10.0.3.44:8443
2026-07-02 20:20:22.366,ERROR,worker,24480,upstream call failed request_id=c8f924c6b4ec9f40 err=ECONNRESET upstream=10.0.3.44:8443 (retries exhausted),,,c8f924c6b4ec9f40,,ECONNRESET,10.0.3.44:8443
2026-07-02 20:20:46.134,ERROR,worker,24495,upstream call failed request_id=e3ebb1a77f5afe20 err=ECONNRESET upstream=10.0.3.44:8443 (retries exhausted),,,e3ebb1a77f5afe20,,ECONNRESET,10.0.3.44:8443
2026-07-02 20:20:46.290,ERROR,worker,24496,upstream call failed request_id=3f582a5e5119cd6b err=ECONNRESET upstream=10.0.3.44:8443 (retries exhausted),,,3f582a5e5119cd6b,,ECONNRESET,10.0.3.44:8443
2026-07-02 20:20:47.000,ERROR,metrics-worker,24497,AnalyticsUploadTimeout: failed to push metrics batch to analytics.internal:9092 (attempt 2/3),,AnalyticsUploadTimeout,,,,
2026-07-02 20:20:59.464,ERROR,worker,24502,upstream call failed request_id=50217b8469d23f70 err=ECONNRESET upstream=10.0.3.44:8443 (retries exhausted),,,50217b8469d23f70,,ECONNRESET,10.0.3.44:8443
2026-07-02 20:21:22.672,ERROR,worker,24510,upstream call failed request_id=b3c0fc7aa7f67cec err=ECONNRESET upstream=10.0.3.44:8443 (retries exhausted),,,b3c0fc7aa7f67cec,,ECONNRESET,10.0.3.44:8443
2026-07-02 20:21:37.383,ERROR,worker,24520,upstream call failed request_id=76345f18b372d35b err=ECONNRESET upstream=10.0.3.44:8443 (retries exhausted),,,76345f18b372d35b,,ECONNRESET,10.0.3.44:8443
2026-07-02 20:21:40.822,ERROR,worker,24523,upstream call failed request_id=68260f839da292d0 err=ECONNRESET upstream=10.0.3.44:8443 (retries exhausted),,,68260f839da292d0,,ECONNRESET,10.0.3.44:8443
2026-07-02 20:21:44.676,ERROR,worker,24527,upstream call failed request_id=76108a2cf5270841 err=ECONNRESET upstream=10.0.3.44:8443 (retries exhausted),,,76108a2cf5270841,,ECONNRESET,10.0.3.44:8443
2026-07-02 20:22:01.911,ERROR,worker,24539,upstream call failed request_id=8ddcc49334c56a24 err=ECONNRESET upstream=10.0.3.44:8443 (retries exhausted),,,8ddcc49334c56a24,,ECONNRESET,10.0.3.44:8443
2026-07-02 20:22:41.000,ERROR,metrics-worker,24560,AnalyticsUploadTimeout: failed to push metrics batch to analytics.internal:9092 (attempt 1/3),,AnalyticsUploadTimeout,,,,
2026-07-02 20:22:55.394,ERROR,worker,24566,upstream call failed request_id=75d96c56bedddecc err=ECONNRESET upstream=10.0.3.44:8443 (retries exhausted),,,75d96c56bedddecc,,ECONNRESET,10.0.3.44:8443
2026-07-02 20:23:00.677,ERROR,worker,24569,upstream call failed request_id=40041735ce05335f err=ECONNRESET upstream=10.0.3.44:8443 (retries exhausted),,,40041735ce05335f,,ECONNRESET,10.0.3.44:8443
2026-07-02 20:23:41.434,ERROR,worker,24592,upstream call failed request_id=461659c0555b97b1 err=ECONNRESET upstream=10.0.3.44:8443 (retries exhausted),,,461659c0555b97b1,,ECONNRESET,10.0.3.44:8443
2026-07-02 20:24:03.469,ERROR,worker,24600,upstream call failed request_id=d7791e23e35f529b err=ECONNRESET upstream=10.0.3.44:8443 (retries exhausted),,,d7791e23e35f529b,,ECONNRESET,10.0.3.44:8443
2026-07-02 20:24:20.782,ERROR,worker,24603,upstream call failed request_id=a5cb34f26e5cb568 err=ECONNRESET upstream=10.0.3.44:8443 (retries exhausted),,,a5cb34f26e5cb568,,ECONNRESET,10.0.3.44:8443
2026-07-02 20:24:23.900,ERROR,worker,24605,upstream call failed request_id=b94e7e12995d9d4c err=ECONNRESET upstream=10.0.3.44:8443 (retries exhausted),,,b94e7e12995d9d4c,,ECONNRESET,10.0.3.44:8443
2026-07-02 20:24:50.246,ERROR,worker,24616,upstream call failed request_id=a8146317bc6e5ad8 err=ECONNRESET upstream=10.0.3.44:8443 (retries exhausted),,,a8146317bc6e5ad8,,ECONNRESET,10.0.3.44:8443
2026-07-02 20:24:51.778,ERROR,worker,24617,upstream call failed request_id=ff5108020837dc10 err=ECONNRESET upstream=10.0.3.44:8443 (retries exhausted),,,ff5108020837dc10,,ECONNRESET,10.0.3.44:8443
2026-07-02 20:25:03.000,ERROR,metrics-worker,24622,AnalyticsUploadTimeout: failed to push metrics batch to analytics.internal:9092 (attempt 2/3),,AnalyticsUploadTimeout,,,,
2026-07-02 20:25:10.826,ERROR,worker,24628,upstream call failed request_id=1574186c50b56c0a err=ECONNRESET upstream=10.0.3.44:8443 (retries exhausted),,,1574186c50b56c0a,,ECONNRESET,10.0.3.44:8443
2026-07-02 20:25:13.661,ERROR,worker,24633,upstream call failed request_id=1f79df56a1d762d6 err=ECONNRESET upstream=10.0.3.44:8443 (retries exhausted),,,1f79df56a1d762d6,,ECONNRESET,10.0.3.44:8443
2026-07-02 20:25:31.444,ERROR,worker,24642,upstream call failed request_id=e207e6a760cfc135 err=ECONNRESET upstream=10.0.3.44:8443 (retries exhausted),,,e207e6a760cfc135,,ECONNRESET,10.0.3.44:8443
2026-07-02 20:25:36.079,ERROR,worker,24647,upstream call failed request_id=82d7ad8051407431 err=ECONNRESET upstream=10.0.3.44:8443 (retries exhausted),,,82d7ad8051407431,,ECONNRESET,10.0.3.44:8443
2026-07-02 20:26:16.587,ERROR,worker,24671,upstream call failed request_id=10ca66154b757446 err=ECONNRESET upstream=10.0.3.44:8443 (retries exhausted),,,10ca66154b757446,,ECONNRESET,10.0.3.44:8443
2026-07-02 20:26:48.342,ERROR,worker,24690,upstream call failed request_id=b7369589532c32c7 err=ECONNRESET upstream=10.0.3.44:8443 (retries exhausted),,,b7369589532c32c7,,ECONNRESET,10.0.3.44:8443
2026-07-02 20:27:10.000,ERROR,metrics-worker,24698,AnalyticsUploadTimeout: failed to push metrics batch to analytics.internal:9092 (attempt 2/3),,AnalyticsUploadTimeout,,,,
2026-07-02 20:27:12.940,ERROR,worker,24700,upstream call failed request_id=8f2ee0d27f0b2848 err=ECONNRESET upstream=10.0.3.44:8443 (retries exhausted),,,8f2ee0d27f0b2848,,ECONNRESET,10.0.3.44:8443
2026-07-02 20:27:12.995,ERROR,worker,24701,upstream call failed request_id=d5d0e9809362623d err=ECONNRESET upstream=10.0.3.44:8443 (retries exhausted),,,d5d0e9809362623d,,ECONNRESET,10.0.3.44:8443
2026-07-02 20:27:18.441,ERROR,worker,24706,upstream call failed request_id=b3d1dc6626c1d940 err=ECONNRESET upstream=10.0.3.44:8443 (retries exhausted),,,b3d1dc6626c1d940,,ECONNRESET,10.0.3.44:8443
2026-07-02 20:27:50.385,ERROR,worker,24721,upstream call failed request_id=0a983821f857b1ef err=ECONNRESET upstream=10.0.3.44:8443 (retries exhausted),,,0a983821f857b1ef,,ECONNRESET,10.0.3.44:8443
2026-07-02 20:28:03.392,ERROR,worker,24729,upstream call failed request_id=8350347448a95036 err=ECONNRESET upstream=10.0.3.44:8443 (retries exhausted),,,8350347448a95036,,ECONNRESET,10.0.3.44:8443
2026-07-02 20:28:09.268,ERROR,worker,24733,upstream call failed request_id=42ac7e533dc78a69 err=ECONNRESET upstream=10.0.3.44:8443 (retries exhausted),,,42ac7e533dc78a69,,ECONNRESET,10.0.3.44:8443
2026-07-02 20:28:10.886,ERROR,worker,24734,upstream call failed request_id=299e9756e3f91599 err=ECONNRESET upstream=10.0.3.44:8443 (retries exhausted),,,299e9756e3f91599,,ECONNRESET,10.0.3.44:8443
2026-07-02 20:28:26.174,ERROR,worker,24739,upstream call failed request_id=a90463695c6cbe37 err=ECONNRESET upstream=10.0.3.44:8443 (retries exhausted),,,a90463695c6cbe37,,ECONNRESET,10.0.3.44:8443
2026-07-02 20:28:37.452,ERROR,worker,24746,upstream call failed request_id=f144cd7cfb1db8ae err=ECONNRESET upstream=10.0.3.44:8443 (retries exhausted),,,f144cd7cfb1db8ae,,ECONNRESET,10.0.3.44:8443
2026-07-02 20:28:51.842,ERROR,worker,24754,upstream call failed request_id=7aefc9fbb6f636e4 err=ECONNRESET upstream=10.0.3.44:8443 (retries exhausted),,,7aefc9fbb6f636e4,,ECONNRESET,10.0.3.44:8443
2026-07-02 20:28:56.394,ERROR,worker,24756,upstream call failed request_id=440770d8946df632 err=ECONNRESET upstream=10.0.3.44:8443 (retries exhausted),,,440770d8946df632,,ECONNRESET,10.0.3.44:8443
2026-07-02 20:29:11.000,ERROR,metrics-worker,24764,AnalyticsUploadTimeout: failed to push metrics batch to analytics.internal:9092 (attempt 2/3),,AnalyticsUploadTimeout,,,,
2026-07-02 20:29:36.044,ERROR,worker,24778,upstream call failed request_id=d7a459a6e2a49002 err=ECONNRESET upstream=10.0.3.44:8443 (retries exhausted),,,d7a459a6e2a49002,,ECONNRESET,10.0.3.44:8443
2026-07-02 20:29:42.240,ERROR,worker,24781,upstream call failed request_id=79657c5b5dbd2353 err=ECONNRESET upstream=10.0.3.44:8443 (retries exhausted),,,79657c5b5dbd2353,,ECONNRESET,10.0.3.44:8443
2026-07-02 20:30:42.129,ERROR,worker,24814,upstream call failed request_id=8e8942aa0eae1de7 err=ECONNRESET upstream=10.0.3.44:8443 (retries exhausted),,,8e8942aa0eae1de7,,ECONNRESET,10.0.3.44:8443
2026-07-02 20:30:45.093,ERROR,worker,24815,upstream call failed request_id=a405aed0b501bae2 err=ECONNRESET upstream=10.0.3.44:8443 (retries exhausted),,,a405aed0b501bae2,,ECONNRESET,10.0.3.44:8443
2026-07-02 20:30:51.494,ERROR,worker,24819,upstream call failed request_id=ea8141d75ad325ac err=ECONNRESET upstream=10.0.3.44:8443 (retries exhausted),,,ea8141d75ad325ac,,ECONNRESET,10.0.3.44:8443
2026-07-02 20:30:57.176,ERROR,worker,24825,upstream call failed request_id=0a223efb31816dbe err=ECONNRESET upstream=10.0.3.44:8443 (retries exhausted),,,0a223efb31816dbe,,ECONNRESET,10.0.3.44:8443
2026-07-02 20:31:21.000,ERROR,metrics-worker,24834,AnalyticsUploadTimeout: failed to push metrics batch to analytics.internal:9092 (attempt 2/3),,AnalyticsUploadTimeout,,,,
2026-07-02 20:31:31.327,ERROR,worker,24845,upstream call failed request_id=bee05d24e0a90edc err=ECONNRESET upstream=10.0.3.44:8443 (retries exhausted),,,bee05d24e0a90edc,,ECONNRESET,10.0.3.44:8443
2026-07-02 20:31:42.981,ERROR,worker,24851,upstream call failed request_id=d584b010fbaeedfb err=ECONNRESET upstream=10.0.3.44:8443 (retries exhausted),,,d584b010fbaeedfb,,ECONNRESET,10.0.3.44:8443
2026-07-02 20:32:06.003,ERROR,worker,24862,upstream call failed request_id=7f814cd2ff520c74 err=ECONNRESET upstream=10.0.3.44:8443 (retries exhausted),,,7f814cd2ff520c74,,ECONNRESET,10.0.3.44:8443
2026-07-02 20:32:36.383,ERROR,worker,24877,upstream call failed request_id=5aef2914ecd921e3 err=ECONNRESET upstream=10.0.3.44:8443 (retries exhausted),,,5aef2914ecd921e3,,ECONNRESET,10.0.3.44:8443
2026-07-02 20:32:38.638,ERROR,worker,24881,upstream call failed request_id=347273a9e83e6fa7 err=ECONNRESET upstream=10.0.3.44:8443 (retries exhausted),,,347273a9e83e6fa7,,ECONNRESET,10.0.3.44:8443
2026-07-02 20:33:07.885,ERROR,worker,24888,upstream call failed request_id=3b6aac9cd7824352 err=ECONNRESET upstream=10.0.3.44:8443 (retries exhausted),,,3b6aac9cd7824352,,ECONNRESET,10.0.3.44:8443
2026-07-02 20:33:09.987,ERROR,worker,24891,upstream call failed request_id=1e770c21fcfd8553 err=ECONNRESET upstream=10.0.3.44:8443 (retries exhausted),,,1e770c21fcfd8553,,ECONNRESET,10.0.3.44:8443
2026-07-02 20:33:10.290,ERROR,worker,24892,upstream call failed request_id=dc1b90fd51b8adde err=ECONNRESET upstream=10.0.3.44:8443 (retries exhausted),,,dc1b90fd51b8adde,,ECONNRESET,10.0.3.44:8443
2026-07-02 20:33:35.714,ERROR,worker,24905,upstream call failed request_id=447a7ca6c0891fbc err=ECONNRESET upstream=10.0.3.44:8443 (retries exhausted),,,447a7ca6c0891fbc,,ECONNRESET,10.0.3.44:8443
2026-07-02 20:33:37.462,ERROR,worker,24906,upstream call failed request_id=9a65722f13181fb4 err=ECONNRESET upstream=10.0.3.44:8443 (retries exhausted),,,9a65722f13181fb4,,ECONNRESET,10.0.3.44:8443
2026-07-02 20:33:38.000,ERROR,metrics-worker,24907,AnalyticsUploadTimeout: failed to push metrics batch to analytics.internal:9092 (attempt 1/3),,AnalyticsUploadTimeout,,,,
2026-07-02 20:33:42.610,ERROR,worker,24911,upstream call failed request_id=9eb718b96482b482 err=ECONNRESET upstream=10.0.3.44:8443 (retries exhausted),,,9eb718b96482b482,,ECONNRESET,10.0.3.44:8443
2026-07-02 20:34:00.055,ERROR,worker,24914,upstream call failed request_id=8402cc7c881cb1e9 err=ECONNRESET upstream=10.0.3.44:8443 (retries exhausted),,,8402cc7c881cb1e9,,ECONNRESET,10.0.3.44:8443
2026-07-02 20:34:09.515,ERROR,worker,24919,upstream call failed request_id=680b0ae8693ee0d0 err=ECONNRESET upstream=10.0.3.44:8443 (retries exhausted),,,680b0ae8693ee0d0,,ECONNRESET,10.0.3.44:8443
2026-07-02 20:34:12.798,ERROR,worker,24921,upstream call failed request_id=82b2ec0610a34b41 err=ECONNRESET upstream=10.0.3.44:8443 (retries exhausted),,,82b2ec0610a34b41,,ECONNRESET,10.0.3.44:8443
2026-07-02 20:34:13.519,ERROR,worker,24922,upstream call failed request_id=9b663fc332147c07 err=ECONNRESET upstream=10.0.3.44:8443 (retries exhausted),,,9b663fc332147c07,,ECONNRESET,10.0.3.44:8443
2026-07-02 20:34:23.351,ERROR,worker,24926,upstream call failed request_id=da00a45b4aacf5ae err=ECONNRESET upstream=10.0.3.44:8443 (retries exhausted),,,da00a45b4aacf5ae,,ECONNRESET,10.0.3.44:8443
2026-07-02 20:35:10.332,ERROR,worker,24949,upstream call failed request_id=86c1ef4eb2e01a53 err=ECONNRESET upstream=10.0.3.44:8443 (retries exhausted),,,86c1ef4eb2e01a53,,ECONNRESET,10.0.3.44:8443
2026-07-02 20:35:16.978,ERROR,worker,24953,upstream call failed request_id=1efbb2bce50b2350 err=ECONNRESET upstream=10.0.3.44:8443 (retries exhausted),,,1efbb2bce50b2350,,ECONNRESET,10.0.3.44:8443
2026-07-02 20:35:20.628,ERROR,worker,24957,upstream call failed request_id=ea9a1e3e01d629b7 err=ECONNRESET upstream=10.0.3.44:8443 (retries exhausted),,,ea9a1e3e01d629b7,,ECONNRESET,10.0.3.44:8443
2026-07-02 20:35:23.000,ERROR,metrics-worker,24960,AnalyticsUploadTimeout: failed to push metrics batch to analytics.internal:9092 (attempt 3/3),,AnalyticsUploadTimeout,,,,
2026-07-02 20:35:26.148,ERROR,worker,24964,upstream call failed request_id=cb4b2a9bf96f614b err=ECONNRESET upstream=10.0.3.44:8443 (retries exhausted),,,cb4b2a9bf96f614b,,ECONNRESET,10.0.3.44:8443
2026-07-02 20:35:28.555,ERROR,worker,24965,upstream call failed request_id=75a1b8061e8af16d err=ECONNRESET upstream=10.0.3.44:8443 (retries exhausted),,,75a1b8061e8af16d,,ECONNRESET,10.0.3.44:8443
2026-07-02 20:35:42.088,ERROR,worker,24972,upstream call failed request_id=f402c7cb9650e45a err=ECONNRESET upstream=10.0.3.44:8443 (retries exhausted),,,f402c7cb9650e45a,,ECONNRESET,10.0.3.44:8443
2026-07-02 20:35:47.673,ERROR,worker,24976,upstream call failed request_id=918251f2d811b57a err=ECONNRESET upstream=10.0.3.44:8443 (retries exhausted),,,918251f2d811b57a,,ECONNRESET,10.0.3.44:8443
2026-07-02 20:35:51.892,ERROR,worker,24977,upstream call failed request_id=404a9a83fda707cd err=ECONNRESET upstream=10.0.3.44:8443 (retries exhausted),,,404a9a83fda707cd,,ECONNRESET,10.0.3.44:8443
2026-07-02 20:36:02.625,ERROR,worker,24984,upstream call failed request_id=fa797a060ea09914 err=ECONNRESET upstream=10.0.3.44:8443 (retries exhausted),,,fa797a060ea09914,,ECONNRESET,10.0.3.44:8443
2026-07-02 20:36:09.983,ERROR,worker,24989,upstream call failed request_id=00144cd1923b1857 err=ECONNRESET upstream=10.0.3.44:8443 (retries exhausted),,,00144cd1923b1857,,ECONNRESET,10.0.3.44:8443
2026-07-02 20:36:32.484,ERROR,worker,24999,upstream call failed request_id=54e5b572423470db err=ECONNRESET upstream=10.0.3.44:8443 (retries exhausted),,,54e5b572423470db,,ECONNRESET,10.0.3.44:8443
2026-07-02 20:36:48.809,ERROR,worker,25008,upstream call failed request_id=ca8a2ccb2788a607 err=ECONNRESET upstream=10.0.3.44:8443 (retries exhausted),,,ca8a2ccb2788a607,,ECONNRESET,10.0.3.44:8443
2026-07-02 20:37:05.356,ERROR,worker,25011,upstream call failed request_id=92243d5112932010 err=ECONNRESET upstream=10.0.3.44:8443 (retries exhausted),,,92243d5112932010,,ECONNRESET,10.0.3.44:8443
2026-07-02 20:37:15.254,ERROR,worker,25019,upstream call failed request_id=e5658c40a7a9ce30 err=ECONNRESET upstream=10.0.3.44:8443 (retries exhausted),,,e5658c40a7a9ce30,,ECONNRESET,10.0.3.44:8443
2026-07-02 20:37:16.000,ERROR,metrics-worker,25020,AnalyticsUploadTimeout: failed to push metrics batch to analytics.internal:9092 (attempt 3/3),,AnalyticsUploadTimeout,,,,
2026-07-02 20:37:22.490,ERROR,worker,25023,upstream call failed request_id=20c6f6474ec7e5c6 err=ECONNRESET upstream=10.0.3.44:8443 (retries exhausted),,,20c6f6474ec7e5c6,,ECONNRESET,10.0.3.44:8443
2026-07-02 20:37:38.574,ERROR,worker,25031,upstream call failed request_id=7d0560fdc249b282 err=ECONNRESET upstream=10.0.3.44:8443 (retries exhausted),,,7d0560fdc249b282,,ECONNRESET,10.0.3.44:8443
2026-07-02 20:37:40.328,ERROR,worker,25032,upstream call failed request_id=2a81c7b3bf9ffed3 err=ECONNRESET upstream=10.0.3.44:8443 (retries exhausted),,,2a81c7b3bf9ffed3,,ECONNRESET,10.0.3.44:8443
2026-07-02 20:38:01.974,ERROR,worker,25046,upstream call failed request_id=4876eed9f8add8d9 err=ECONNRESET upstream=10.0.3.44:8443 (retries exhausted),,,4876eed9f8add8d9,,ECONNRESET,10.0.3.44:8443
2026-07-02 20:38:10.698,ERROR,worker,25048,upstream call failed request_id=269e319e6b1938a1 err=ECONNRESET upstream=10.0.3.44:8443 (retries exhausted),,,269e319e6b1938a1,,ECONNRESET,10.0.3.44:8443
2026-07-02 20:38:28.884,ERROR,worker,25056,upstream call failed request_id=fa4c06095d1100d4 err=ECONNRESET upstream=10.0.3.44:8443 (retries exhausted),,,fa4c06095d1100d4,,ECONNRESET,10.0.3.44:8443
2026-07-02 20:38:53.000,ERROR,metrics-worker,25066,AnalyticsUploadTimeout: failed to push metrics batch to analytics.internal:9092 (attempt 2/3),,AnalyticsUploadTimeout,,,,
2026-07-02 20:39:01.081,ERROR,worker,25070,upstream call failed request_id=256ebc0cb575f225 err=ECONNRESET upstream=10.0.3.44:8443 (retries exhausted),,,256ebc0cb575f225,,ECONNRESET,10.0.3.44:8443
2026-07-02 20:39:22.651,ERROR,worker,25081,upstream call failed request_id=f27121ae9d5e06e3 err=ECONNRESET upstream=10.0.3.44:8443 (retries exhausted),,,f27121ae9d5e06e3,,ECONNRESET,10.0.3.44:8443
2026-07-02 20:39:42.158,ERROR,worker,25092,upstream call failed request_id=c0d5f29e01545646 err=ECONNRESET upstream=10.0.3.44:8443 (retries exhausted),,,c0d5f29e01545646,,ECONNRESET,10.0.3.44:8443
2026-07-02 20:39:45.014,ERROR,worker,25095,upstream call failed request_id=a76dbe734e2dd5ac err=ECONNRESET upstream=10.0.3.44:8443 (retries exhausted),,,a76dbe734e2dd5ac,,ECONNRESET,10.0.3.44:8443
2026-07-02 20:39:49.464,ERROR,worker,25098,upstream call failed request_id=b7bc70f0a67664d7 err=ECONNRESET upstream=10.0.3.44:8443 (retries exhausted),,,b7bc70f0a67664d7,,ECONNRESET,10.0.3.44:8443
2026-07-02 20:40:03.468,ERROR,worker,25107,upstream call failed request_id=d6389226ed5fbf0f err=ECONNRESET upstream=10.0.3.44:8443 (retries exhausted),,,d6389226ed5fbf0f,,ECONNRESET,10.0.3.44:8443
2026-07-02 20:40:06.374,ERROR,worker,25109,upstream call failed request_id=ad9fcd9bef1aa1f2 err=ECONNRESET upstream=10.0.3.44:8443 (retries exhausted),,,ad9fcd9bef1aa1f2,,ECONNRESET,10.0.3.44:8443
2026-07-02 20:40:08.000,ERROR,metrics-worker,25111,AnalyticsUploadTimeout: failed to push metrics batch to analytics.internal:9092 (attempt 1/3),,AnalyticsUploadTimeout,,,,
2026-07-02 20:40:13.797,ERROR,worker,25115,upstream call failed request_id=a5990104b54295c3 err=ECONNRESET upstream=10.0.3.44:8443 (retries exhausted),,,a5990104b54295c3,,ECONNRESET,10.0.3.44:8443
2026-07-02 20:40:14.915,ERROR,worker,25116,upstream call failed request_id=6fb46f1e114458cb err=ECONNRESET upstream=10.0.3.44:8443 (retries exhausted),,,6fb46f1e114458cb,,ECONNRESET,10.0.3.44:8443
2026-07-02 20:40:24.238,ERROR,worker,25118,upstream call failed request_id=24a15b17de45c466 err=ECONNRESET upstream=10.0.3.44:8443 (retries exhausted),,,24a15b17de45c466,,ECONNRESET,10.0.3.44:8443
2026-07-02 20:40:30.973,ERROR,worker,25124,upstream call failed request_id=3eac9330964e1d93 err=ECONNRESET upstream=10.0.3.44:8443 (retries exhausted),,,3eac9330964e1d93,,ECONNRESET,10.0.3.44:8443
2026-07-02 20:40:31.645,ERROR,worker,25125,upstream call failed request_id=95a3a7425cd56e0e err=ECONNRESET upstream=10.0.3.44:8443 (retries exhausted),,,95a3a7425cd56e0e,,ECONNRESET,10.0.3.44:8443
2026-07-02 20:40:31.785,ERROR,worker,25126,upstream call failed request_id=5140e065db2abe7b err=ECONNRESET upstream=10.0.3.44:8443 (retries exhausted),,,5140e065db2abe7b,,ECONNRESET,10.0.3.44:8443
2026-07-02 20:40:32.008,ERROR,worker,25127,upstream call failed request_id=a5dd9cb6e632fc8b err=ECONNRESET upstream=10.0.3.44:8443 (retries exhausted),,,a5dd9cb6e632fc8b,,ECONNRESET,10.0.3.44:8443
2026-07-02 20:40:35.495,ERROR,worker,25128,upstream call failed request_id=d7571dd63c9edca1 err=ECONNRESET upstream=10.0.3.44:8443 (retries exhausted),,,d7571dd63c9edca1,,ECONNRESET,10.0.3.44:8443
2026-07-02 20:40:58.394,ERROR,worker,25148,upstream call failed request_id=6f6a676e06540eea err=ECONNRESET upstream=10.0.3.44:8443 (retries exhausted),,,6f6a676e06540eea,,ECONNRESET,10.0.3.44:8443
2026-07-02 20:41:45.700,ERROR,worker,25176,upstream call failed request_id=03e06f84b41a9723 err=ECONNRESET upstream=10.0.3.44:8443 (retries exhausted),,,03e06f84b41a9723,,ECONNRESET,10.0.3.44:8443
2026-07-02 20:41:47.333,ERROR,worker,25179,upstream call failed request_id=61e6836c719f6117 err=ECONNRESET upstream=10.0.3.44:8443 (retries exhausted),,,61e6836c719f6117,,ECONNRESET,10.0.3.44:8443
2026-07-02 20:41:50.441,ERROR,worker,25180,upstream call failed request_id=3c31bd07de3926f6 err=ECONNRESET upstream=10.0.3.44:8443 (retries exhausted),,,3c31bd07de3926f6,,ECONNRESET,10.0.3.44:8443
2026-07-02 20:42:11.266,ERROR,worker,25189,upstream call failed request_id=6f9ceb3ff0bd8b33 err=ECONNRESET upstream=10.0.3.44:8443 (retries exhausted),,,6f9ceb3ff0bd8b33,,ECONNRESET,10.0.3.44:8443
2026-07-02 20:42:20.807,ERROR,worker,25195,upstream call failed request_id=dfa0c748122e2617 err=ECONNRESET upstream=10.0.3.44:8443 (retries exhausted),,,dfa0c748122e2617,,ECONNRESET,10.0.3.44:8443
2026-07-02 20:42:26.687,ERROR,worker,25199,upstream call failed request_id=537dbdbf01412831 err=ECONNRESET upstream=10.0.3.44:8443 (retries exhausted),,,537dbdbf01412831,,ECONNRESET,10.0.3.44:8443
2026-07-02 20:42:28.245,ERROR,worker,25200,upstream call failed request_id=c07d6aae358e868d err=ECONNRESET upstream=10.0.3.44:8443 (retries exhausted),,,c07d6aae358e868d,,ECONNRESET,10.0.3.44:8443
2026-07-02 20:42:30.000,ERROR,metrics-worker,25202,AnalyticsUploadTimeout: failed to push metrics batch to analytics.internal:9092 (attempt 2/3),,AnalyticsUploadTimeout,,,,
2026-07-02 20:42:47.667,ERROR,worker,25211,upstream call failed request_id=95d6e90b2a27ebdb err=ECONNRESET upstream=10.0.3.44:8443 (retries exhausted),,,95d6e90b2a27ebdb,,ECONNRESET,10.0.3.44:8443
2026-07-02 20:42:53.179,ERROR,worker,25215,upstream call failed request_id=5167f5770bac79d6 err=ECONNRESET upstream=10.0.3.44:8443 (retries exhausted),,,5167f5770bac79d6,,ECONNRESET,10.0.3.44:8443
2026-07-02 20:42:58.798,ERROR,worker,25218,upstream call failed request_id=c2b5ddade792e740 err=ECONNRESET upstream=10.0.3.44:8443 (retries exhausted),,,c2b5ddade792e740,,ECONNRESET,10.0.3.44:8443
2026-07-02 20:43:02.713,ERROR,worker,25220,upstream call failed request_id=1b60c2d4aff843e1 err=ECONNRESET upstream=10.0.3.44:8443 (retries exhausted),,,1b60c2d4aff843e1,,ECONNRESET,10.0.3.44:8443
2026-07-02 20:43:17.342,ERROR,worker,25226,upstream call failed request_id=5c605053ea427b80 err=ECONNRESET upstream=10.0.3.44:8443 (retries exhausted),,,5c605053ea427b80,,ECONNRESET,10.0.3.44:8443
2026-07-02 20:43:17.870,ERROR,worker,25227,upstream call failed request_id=164f9e7390223d5d err=ECONNRESET upstream=10.0.3.44:8443 (retries exhausted),,,164f9e7390223d5d,,ECONNRESET,10.0.3.44:8443
2026-07-02 20:43:25.764,ERROR,worker,25231,upstream call failed request_id=44127d5f50e52fbe err=ECONNRESET upstream=10.0.3.44:8443 (retries exhausted),,,44127d5f50e52fbe,,ECONNRESET,10.0.3.44:8443
2026-07-02 20:43:48.329,ERROR,worker,25241,upstream call failed request_id=78245011b37c752a err=ECONNRESET upstream=10.0.3.44:8443 (retries exhausted),,,78245011b37c752a,,ECONNRESET,10.0.3.44:8443
2026-07-02 20:43:57.676,ERROR,worker,25246,upstream call failed request_id=af9be473ec36b712 err=ECONNRESET upstream=10.0.3.44:8443 (retries exhausted),,,af9be473ec36b712,,ECONNRESET,10.0.3.44:8443
2026-07-02 20:44:04.410,ERROR,worker,25249,upstream call failed request_id=5cb4a087154254d0 err=ECONNRESET upstream=10.0.3.44:8443 (retries exhausted),,,5cb4a087154254d0,,ECONNRESET,10.0.3.44:8443
2026-07-02 20:44:43.903,ERROR,worker,25274,upstream call failed request_id=8445b908803d1934 err=ECONNRESET upstream=10.0.3.44:8443 (retries exhausted),,,8445b908803d1934,,ECONNRESET,10.0.3.44:8443
2026-07-02 20:44:49.000,ERROR,metrics-worker,25277,AnalyticsUploadTimeout: failed to push metrics batch to analytics.internal:9092 (attempt 2/3),,AnalyticsUploadTimeout,,,,
2026-07-02 20:44:50.478,ERROR,worker,25279,upstream call failed request_id=b7b3fe03da29fff7 err=ECONNRESET upstream=10.0.3.44:8443 (retries exhausted),,,b7b3fe03da29fff7,,ECONNRESET,10.0.3.44:8443
2026-07-02 20:44:52.462,ERROR,worker,25282,upstream call failed request_id=c85e7c258775ffa7 err=ECONNRESET upstream=10.0.3.44:8443 (retries exhausted),,,c85e7c258775ffa7,,ECONNRESET,10.0.3.44:8443
2026-07-02 20:44:54.521,ERROR,worker,25284,upstream call failed request_id=994bcde48154a4fb err=ECONNRESET upstream=10.0.3.44:8443 (retries exhausted),,,994bcde48154a4fb,,ECONNRESET,10.0.3.44:8443
2026-07-02 20:44:55.138,ERROR,worker,25285,upstream call failed request_id=d54a876f04dbf573 err=ECONNRESET upstream=10.0.3.44:8443 (retries exhausted),,,d54a876f04dbf573,,ECONNRESET,10.0.3.44:8443
2026-07-02 20:45:19.807,ERROR,worker,25307,upstream call failed request_id=4ef946660b34cd51 err=ECONNRESET upstream=10.0.3.44:8443 (retries exhausted),,,4ef946660b34cd51,,ECONNRESET,10.0.3.44:8443
2026-07-02 20:45:50.935,ERROR,worker,25316,upstream call failed request_id=142c09c7d3f75ec8 err=ECONNRESET upstream=10.0.3.44:8443 (retries exhausted),,,142c09c7d3f75ec8,,ECONNRESET,10.0.3.44:8443
2026-07-02 20:45:51.265,ERROR,worker,25317,upstream call failed request_id=3f10f26523335e91 err=ECONNRESET upstream=10.0.3.44:8443 (retries exhausted),,,3f10f26523335e91,,ECONNRESET,10.0.3.44:8443
2026-07-02 20:46:05.615,ERROR,worker,25332,upstream call failed request_id=1a26401b9c40f637 err=ECONNRESET upstream=10.0.3.44:8443 (retries exhausted),,,1a26401b9c40f637,,ECONNRESET,10.0.3.44:8443
2026-07-02 20:46:13.444,ERROR,worker,25342,upstream call failed request_id=fe0cf3cbef0d7bad err=ECONNRESET upstream=10.0.3.44:8443 (retries exhausted),,,fe0cf3cbef0d7bad,,ECONNRESET,10.0.3.44:8443
2026-07-02 20:46:17.468,ERROR,worker,25346,upstream call failed request_id=f2a6c65881fc07f8 err=ECONNRESET upstream=10.0.3.44:8443 (retries exhausted),,,f2a6c65881fc07f8,,ECONNRESET,10.0.3.44:8443
2026-07-02 20:46:22.700,ERROR,worker,25350,upstream call failed request_id=38a96f4ab3640519 err=ECONNRESET upstream=10.0.3.44:8443 (retries exhausted),,,38a96f4ab3640519,,ECONNRESET,10.0.3.44:8443
2026-07-02 20:46:33.832,ERROR,worker,25356,upstream call failed request_id=f4e975ca62daff8f err=ECONNRESET upstream=10.0.3.44:8443 (retries exhausted),,,f4e975ca62daff8f,,ECONNRESET,10.0.3.44:8443
2026-07-02 20:46:37.924,ERROR,worker,25362,upstream call failed request_id=f1490d57c14d4d65 err=ECONNRESET upstream=10.0.3.44:8443 (retries exhausted),,,f1490d57c14d4d65,,ECONNRESET,10.0.3.44:8443
2026-07-02 20:46:39.589,ERROR,worker,25363,upstream call failed request_id=63cf4cf99138d9d8 err=ECONNRESET upstream=10.0.3.44:8443 (retries exhausted),,,63cf4cf99138d9d8,,ECONNRESET,10.0.3.44:8443
2026-07-02 20:46:45.794,ERROR,worker,25369,upstream call failed request_id=598c189d3e21ed54 err=ECONNRESET upstream=10.0.3.44:8443 (retries exhausted),,,598c189d3e21ed54,,ECONNRESET,10.0.3.44:8443
2026-07-02 20:47:05.000,ERROR,metrics-worker,25381,AnalyticsUploadTimeout: failed to push metrics batch to analytics.internal:9092 (attempt 1/3),,AnalyticsUploadTimeout,,,,
2026-07-02 20:47:30.752,ERROR,worker,25397,upstream call failed request_id=a9fa83ea8ac572e0 err=ECONNRESET upstream=10.0.3.44:8443 (retries exhausted),,,a9fa83ea8ac572e0,,ECONNRESET,10.0.3.44:8443
2026-07-02 20:47:42.153,ERROR,worker,25403,upstream call failed request_id=c7cd5164bf0e458f err=ECONNRESET upstream=10.0.3.44:8443 (retries exhausted),,,c7cd5164bf0e458f,,ECONNRESET,10.0.3.44:8443
2026-07-02 20:47:55.794,ERROR,worker,25414,upstream call failed request_id=f26ed86c2f8f130d err=ECONNRESET upstream=10.0.3.44:8443 (retries exhausted),,,f26ed86c2f8f130d,,ECONNRESET,10.0.3.44:8443
2026-07-02 20:48:06.064,ERROR,worker,25420,upstream call failed request_id=cce179e1021e5f71 err=ECONNRESET upstream=10.0.3.44:8443 (retries exhausted),,,cce179e1021e5f71,,ECONNRESET,10.0.3.44:8443
2026-07-02 20:48:09.370,ERROR,worker,25423,upstream call failed request_id=0c53407b37ea2d58 err=ECONNRESET upstream=10.0.3.44:8443 (retries exhausted),,,0c53407b37ea2d58,,ECONNRESET,10.0.3.44:8443
2026-07-02 20:48:10.755,ERROR,worker,25424,upstream call failed request_id=94f985c3c35a727a err=ECONNRESET upstream=10.0.3.44:8443 (retries exhausted),,,94f985c3c35a727a,,ECONNRESET,10.0.3.44:8443
2026-07-02 20:48:27.946,ERROR,worker,25427,upstream call failed request_id=63ae2b8b1963b8c2 err=ECONNRESET upstream=10.0.3.44:8443 (retries exhausted),,,63ae2b8b1963b8c2,,ECONNRESET,10.0.3.44:8443
2026-07-02 20:48:34.750,ERROR,worker,25433,upstream call failed request_id=44f4f066f123c18f err=ECONNRESET upstream=10.0.3.44:8443 (retries exhausted),,,44f4f066f123c18f,,ECONNRESET,10.0.3.44:8443
2026-07-02 20:48:54.000,ERROR,metrics-worker,25448,AnalyticsUploadTimeout: failed to push metrics batch to analytics.internal:9092 (attempt 1/3),,AnalyticsUploadTimeout,,,,
2026-07-02 20:49:00.575,ERROR,worker,25454,upstream call failed request_id=d1b02ad66f09a4ce err=ECONNRESET upstream=10.0.3.44:8443 (retries exhausted),,,d1b02ad66f09a4ce,,ECONNRESET,10.0.3.44:8443
2026-07-02 20:49:19.904,ERROR,worker,25465,upstream call failed request_id=9727296e0b11ac39 err=ECONNRESET upstream=10.0.3.44:8443 (retries exhausted),,,9727296e0b11ac39,,ECONNRESET,10.0.3.44:8443
2026-07-02 20:49:20.114,ERROR,worker,25466,upstream call failed request_id=042111441945cba4 err=ECONNRESET upstream=10.0.3.44:8443 (retries exhausted),,,042111441945cba4,,ECONNRESET,10.0.3.44:8443
2026-07-02 20:49:37.323,ERROR,worker,25472,upstream call failed request_id=5bcaea2cc8f54bd8 err=ECONNRESET upstream=10.0.3.44:8443 (retries exhausted),,,5bcaea2cc8f54bd8,,ECONNRESET,10.0.3.44:8443
2026-07-02 20:50:13.341,ERROR,worker,25493,upstream call failed request_id=3f33e932ac195154 err=ECONNRESET upstream=10.0.3.44:8443 (retries exhausted),,,3f33e932ac195154,,ECONNRESET,10.0.3.44:8443
2026-07-02 20:50:28.000,ERROR,metrics-worker,25499,AnalyticsUploadTimeout: failed to push metrics batch to analytics.internal:9092 (attempt 2/3),,AnalyticsUploadTimeout,,,,
2026-07-02 20:50:34.165,ERROR,worker,25502,upstream call failed request_id=1c7e7e0c9768092b err=ECONNRESET upstream=10.0.3.44:8443 (retries exhausted),,,1c7e7e0c9768092b,,ECONNRESET,10.0.3.44:8443
2026-07-02 20:50:35.342,ERROR,worker,25504,upstream call failed request_id=c23eaacb92dca518 err=ECONNRESET upstream=10.0.3.44:8443 (retries exhausted),,,c23eaacb92dca518,,ECONNRESET,10.0.3.44:8443
2026-07-02 20:50:42.707,ERROR,worker,25511,upstream call failed request_id=d301a08621d88e62 err=ECONNRESET upstream=10.0.3.44:8443 (retries exhausted),,,d301a08621d88e62,,ECONNRESET,10.0.3.44:8443
2026-07-02 20:50:47.798,ERROR,worker,25515,upstream call failed request_id=d870c2afa2eb27dc err=ECONNRESET upstream=10.0.3.44:8443 (retries exhausted),,,d870c2afa2eb27dc,,ECONNRESET,10.0.3.44:8443
2026-07-02 20:50:54.666,ERROR,worker,25520,upstream call failed request_id=e8a4d46f2c1a683c err=ECONNRESET upstream=10.0.3.44:8443 (retries exhausted),,,e8a4d46f2c1a683c,,ECONNRESET,10.0.3.44:8443
2026-07-02 20:51:01.199,ERROR,worker,25523,upstream call failed request_id=a3966159783eb5a4 err=ECONNRESET upstream=10.0.3.44:8443 (retries exhausted),,,a3966159783eb5a4,,ECONNRESET,10.0.3.44:8443
2026-07-02 20:51:10.039,ERROR,worker,25529,upstream call failed request_id=21b21fbc4ad46778 err=ECONNRESET upstream=10.0.3.44:8443 (retries exhausted),,,21b21fbc4ad46778,,ECONNRESET,10.0.3.44:8443
2026-07-02 20:51:27.374,ERROR,worker,25539,upstream call failed request_id=b395490fcdf20c98 err=ECONNRESET upstream=10.0.3.44:8443 (retries exhausted),,,b395490fcdf20c98,,ECONNRESET,10.0.3.44:8443
2026-07-02 20:51:35.384,ERROR,worker,25541,upstream call failed request_id=da99a474829b7b22 err=ECONNRESET upstream=10.0.3.44:8443 (retries exhausted),,,da99a474829b7b22,,ECONNRESET,10.0.3.44:8443
2026-07-02 20:51:39.929,ERROR,worker,25543,upstream call failed request_id=258eaa2ff072bf79 err=ECONNRESET upstream=10.0.3.44:8443 (retries exhausted),,,258eaa2ff072bf79,,ECONNRESET,10.0.3.44:8443
2026-07-02 20:51:53.164,ERROR,worker,25550,upstream call failed request_id=fb3812f1584f66b2 err=ECONNRESET upstream=10.0.3.44:8443 (retries exhausted),,,fb3812f1584f66b2,,ECONNRESET,10.0.3.44:8443
2026-07-02 20:51:58.604,ERROR,worker,25557,upstream call failed request_id=71bdc9e62ef27798 err=ECONNRESET upstream=10.0.3.44:8443 (retries exhausted),,,71bdc9e62ef27798,,ECONNRESET,10.0.3.44:8443
2026-07-02 20:52:09.130,ERROR,worker,25564,upstream call failed request_id=807fe26966b016e8 err=ECONNRESET upstream=10.0.3.44:8443 (retries exhausted),,,807fe26966b016e8,,ECONNRESET,10.0.3.44:8443
2026-07-02 20:52:28.646,ERROR,worker,25572,upstream call failed request_id=801e09bb62afbcea err=ECONNRESET upstream=10.0.3.44:8443 (retries exhausted),,,801e09bb62afbcea,,ECONNRESET,10.0.3.44:8443
2026-07-02 20:52:29.305,ERROR,worker,25573,upstream call failed request_id=1990c83a18d734a7 err=ECONNRESET upstream=10.0.3.44:8443 (retries exhausted),,,1990c83a18d734a7,,ECONNRESET,10.0.3.44:8443
2026-07-02 20:52:43.000,ERROR,metrics-worker,25579,AnalyticsUploadTimeout: failed to push metrics batch to analytics.internal:9092 (attempt 1/3),,AnalyticsUploadTimeout,,,,
2026-07-02 20:53:03.151,ERROR,worker,25588,upstream call failed request_id=e33c226e0c740c0d err=ECONNRESET upstream=10.0.3.44:8443 (retries exhausted),,,e33c226e0c740c0d,,ECONNRESET,10.0.3.44:8443
2026-07-02 20:53:16.291,ERROR,worker,25595,upstream call failed request_id=4bd42c4bd8d10d8a err=ECONNRESET upstream=10.0.3.44:8443 (retries exhausted),,,4bd42c4bd8d10d8a,,ECONNRESET,10.0.3.44:8443
2026-07-02 20:53:28.390,ERROR,worker,25602,upstream call failed request_id=b03a3ceb1dc71d95 err=ECONNRESET upstream=10.0.3.44:8443 (retries exhausted),,,b03a3ceb1dc71d95,,ECONNRESET,10.0.3.44:8443
2026-07-02 20:53:37.663,ERROR,worker,25608,upstream call failed request_id=a494d743d3f78022 err=ECONNRESET upstream=10.0.3.44:8443 (retries exhausted),,,a494d743d3f78022,,ECONNRESET,10.0.3.44:8443
2026-07-02 20:53:41.968,ERROR,worker,25611,upstream call failed request_id=fd68b38da39d7767 err=ECONNRESET upstream=10.0.3.44:8443 (retries exhausted),,,fd68b38da39d7767,,ECONNRESET,10.0.3.44:8443
2026-07-02 20:53:43.424,ERROR,worker,25614,upstream call failed request_id=31bc966280520923 err=ECONNRESET upstream=10.0.3.44:8443 (retries exhausted),,,31bc966280520923,,ECONNRESET,10.0.3.44:8443
2026-07-02 20:53:47.490,ERROR,worker,25615,upstream call failed request_id=89bf2dd8eee8b56e err=ECONNRESET upstream=10.0.3.44:8443 (retries exhausted),,,89bf2dd8eee8b56e,,ECONNRESET,10.0.3.44:8443
2026-07-02 20:53:52.882,ERROR,worker,25618,upstream call failed request_id=d1c6e02b01f5ba56 err=ECONNRESET upstream=10.0.3.44:8443 (retries exhausted),,,d1c6e02b01f5ba56,,ECONNRESET,10.0.3.44:8443
2026-07-02 20:54:10.000,ERROR,metrics-worker,25627,AnalyticsUploadTimeout: failed to push metrics batch to analytics.internal:9092 (attempt 1/3),,AnalyticsUploadTimeout,,,,
2026-07-02 20:55:00.780,ERROR,worker,25657,upstream call failed request_id=8bf135c007fe1950 err=ECONNRESET upstream=10.0.3.44:8443 (retries exhausted),,,8bf135c007fe1950,,ECONNRESET,10.0.3.44:8443
2026-07-02 20:55:13.057,ERROR,worker,25663,upstream call failed request_id=960ddf9b720c2200 err=ECONNRESET upstream=10.0.3.44:8443 (retries exhausted),,,960ddf9b720c2200,,ECONNRESET,10.0.3.44:8443
2026-07-02 20:55:15.998,ERROR,worker,25664,upstream call failed request_id=51baa65810aa0649 err=ECONNRESET upstream=10.0.3.44:8443 (retries exhausted),,,51baa65810aa0649,,ECONNRESET,10.0.3.44:8443
2026-07-02 20:55:18.738,ERROR,worker,25667,upstream call failed request_id=808fae245f179e50 err=ECONNRESET upstream=10.0.3.44:8443 (retries exhausted),,,808fae245f179e50,,ECONNRESET,10.0.3.44:8443
2026-07-02 20:55:51.466,ERROR,worker,25684,upstream call failed request_id=ea6268593e211c26 err=ECONNRESET upstream=10.0.3.44:8443 (retries exhausted),,,ea6268593e211c26,,ECONNRESET,10.0.3.44:8443
2026-07-02 20:56:04.501,ERROR,worker,25688,upstream call failed request_id=f7576cebb05ad1e5 err=ECONNRESET upstream=10.0.3.44:8443 (retries exhausted),,,f7576cebb05ad1e5,,ECONNRESET,10.0.3.44:8443
2026-07-02 20:56:15.764,ERROR,worker,25694,upstream call failed request_id=5b00994c236f3bde err=ECONNRESET upstream=10.0.3.44:8443 (retries exhausted),,,5b00994c236f3bde,,ECONNRESET,10.0.3.44:8443
2026-07-02 20:56:17.746,ERROR,worker,25697,upstream call failed request_id=b1bb4f22a87bb6d0 err=ECONNRESET upstream=10.0.3.44:8443 (retries exhausted),,,b1bb4f22a87bb6d0,,ECONNRESET,10.0.3.44:8443
2026-07-02 20:56:21.000,ERROR,metrics-worker,25701,AnalyticsUploadTimeout: failed to push metrics batch to analytics.internal:9092 (attempt 1/3),,AnalyticsUploadTimeout,,,,
2026-07-02 20:56:31.843,ERROR,worker,25708,upstream call failed request_id=c70f3d47aa64e624 err=ECONNRESET upstream=10.0.3.44:8443 (retries exhausted),,,c70f3d47aa64e624,,ECONNRESET,10.0.3.44:8443
2026-07-02 20:56:32.968,ERROR,worker,25710,upstream call failed request_id=d78a9f7618a238c7 err=ECONNRESET upstream=10.0.3.44:8443 (retries exhausted),,,d78a9f7618a238c7,,ECONNRESET,10.0.3.44:8443
2026-07-02 20:56:35.639,ERROR,worker,25711,upstream call failed request_id=76b2135cd44b678e err=ECONNRESET upstream=10.0.3.44:8443 (retries exhausted),,,76b2135cd44b678e,,ECONNRESET,10.0.3.44:8443
2026-07-02 20:56:37.117,ERROR,worker,25712,upstream call failed request_id=67bdbed201bf5ac6 err=ECONNRESET upstream=10.0.3.44:8443 (retries exhausted),,,67bdbed201bf5ac6,,ECONNRESET,10.0.3.44:8443
2026-07-02 20:56:37.841,ERROR,worker,25713,upstream call failed request_id=61fa6d4361c4a537 err=ECONNRESET upstream=10.0.3.44:8443 (retries exhausted),,,61fa6d4361c4a537,,ECONNRESET,10.0.3.44:8443
2026-07-02 20:56:41.305,ERROR,worker,25715,upstream call failed request_id=70230e77c2ccb4ea err=ECONNRESET upstream=10.0.3.44:8443 (retries exhausted),,,70230e77c2ccb4ea,,ECONNRESET,10.0.3.44:8443
2026-07-02 20:56:55.850,ERROR,worker,25720,upstream call failed request_id=0a8ace89eb756d72 err=ECONNRESET upstream=10.0.3.44:8443 (retries exhausted),,,0a8ace89eb756d72,,ECONNRESET,10.0.3.44:8443
2026-07-02 20:56:59.184,ERROR,worker,25723,upstream call failed request_id=e1a8dbbbdf589a75 err=ECONNRESET upstream=10.0.3.44:8443 (retries exhausted),,,e1a8dbbbdf589a75,,ECONNRESET,10.0.3.44:8443
2026-07-02 20:56:59.194,ERROR,worker,25724,upstream call failed request_id=4dc54f342e7dcadd err=ECONNRESET upstream=10.0.3.44:8443 (retries exhausted),,,4dc54f342e7dcadd,,ECONNRESET,10.0.3.44:8443
2026-07-02 20:57:21.450,ERROR,worker,25734,upstream call failed request_id=b2523ed5a3ea0650 err=ECONNRESET upstream=10.0.3.44:8443 (retries exhausted),,,b2523ed5a3ea0650,,ECONNRESET,10.0.3.44:8443
2026-07-02 20:57:32.587,ERROR,worker,25738,upstream call failed request_id=99d9ba1115876cab err=ECONNRESET upstream=10.0.3.44:8443 (retries exhausted),,,99d9ba1115876cab,,ECONNRESET,10.0.3.44:8443
2026-07-02 20:57:32.843,ERROR,worker,25740,upstream call failed request_id=ec0c6bbae14820e3 err=ECONNRESET upstream=10.0.3.44:8443 (retries exhausted),,,ec0c6bbae14820e3,,ECONNRESET,10.0.3.44:8443
2026-07-02 20:57:46.282,ERROR,worker,25742,upstream call failed request_id=e52a3dfe22b37854 err=ECONNRESET upstream=10.0.3.44:8443 (retries exhausted),,,e52a3dfe22b37854,,ECONNRESET,10.0.3.44:8443
2026-07-02 20:57:53.936,ERROR,worker,25744,upstream call failed request_id=4e0f1b5ae5eaecee err=ECONNRESET upstream=10.0.3.44:8443 (retries exhausted),,,4e0f1b5ae5eaecee,,ECONNRESET,10.0.3.44:8443
2026-07-02 20:58:07.459,ERROR,worker,25749,upstream call failed request_id=a2021e98bd984dc4 err=ECONNRESET upstream=10.0.3.44:8443 (retries exhausted),,,a2021e98bd984dc4,,ECONNRESET,10.0.3.44:8443
2026-07-02 20:58:07.926,ERROR,worker,25751,upstream call failed request_id=51dced7affb51bab err=ECONNRESET upstream=10.0.3.44:8443 (retries exhausted),,,51dced7affb51bab,,ECONNRESET,10.0.3.44:8443
2026-07-02 20:58:14.894,ERROR,worker,25755,upstream call failed request_id=7d427985bf1ead65 err=ECONNRESET upstream=10.0.3.44:8443 (retries exhausted),,,7d427985bf1ead65,,ECONNRESET,10.0.3.44:8443
2026-07-02 20:58:28.191,ERROR,worker,25766,upstream call failed request_id=d990c90da46a0e98 err=ECONNRESET upstream=10.0.3.44:8443 (retries exhausted),,,d990c90da46a0e98,,ECONNRESET,10.0.3.44:8443
2026-07-02 20:58:29.309,ERROR,worker,25767,upstream call failed request_id=784a7acad99d0220 err=ECONNRESET upstream=10.0.3.44:8443 (retries exhausted),,,784a7acad99d0220,,ECONNRESET,10.0.3.44:8443
2026-07-02 20:58:35.330,ERROR,worker,25772,upstream call failed request_id=128f348b75bb229a err=ECONNRESET upstream=10.0.3.44:8443 (retries exhausted),,,128f348b75bb229a,,ECONNRESET,10.0.3.44:8443
2026-07-02 20:58:41.000,ERROR,metrics-worker,25777,AnalyticsUploadTimeout: failed to push metrics batch to analytics.internal:9092 (attempt 2/3),,AnalyticsUploadTimeout,,,,
2026-07-02 20:58:51.469,ERROR,worker,25781,upstream call failed request_id=5b119563cc9b84f6 err=ECONNRESET upstream=10.0.3.44:8443 (retries exhausted),,,5b119563cc9b84f6,,ECONNRESET,10.0.3.44:8443
2026-07-02 20:58:56.621,ERROR,worker,25783,upstream call failed request_id=1d565290f18c0daf err=ECONNRESET upstream=10.0.3.44:8443 (retries exhausted),,,1d565290f18c0daf,,ECONNRESET,10.0.3.44:8443
2026-07-02 20:59:04.471,ERROR,worker,25786,upstream call failed request_id=f5b57536dba82367 err=ECONNRESET upstream=10.0.3.44:8443 (retries exhausted),,,f5b57536dba82367,,ECONNRESET,10.0.3.44:8443
2026-07-02 20:59:16.916,ERROR,worker,25794,upstream call failed request_id=37ed545ab7321b77 err=ECONNRESET upstream=10.0.3.44:8443 (retries exhausted),,,37ed545ab7321b77,,ECONNRESET,10.0.3.44:8443
2026-07-02 20:59:20.156,ERROR,worker,25795,upstream call failed request_id=cb70fe62ce92302f err=ECONNRESET upstream=10.0.3.44:8443 (retries exhausted),,,cb70fe62ce92302f,,ECONNRESET,10.0.3.44:8443
2026-07-02 20:59:35.615,ERROR,worker,25801,upstream call failed request_id=79f6604958254c07 err=ECONNRESET upstream=10.0.3.44:8443 (retries exhausted),,,79f6604958254c07,,ECONNRESET,10.0.3.44:8443
2026-07-02 20:59:40.070,ERROR,worker,25802,upstream call failed request_id=fb8e3d5c4a1e7476 err=ECONNRESET upstream=10.0.3.44:8443 (retries exhausted),,,fb8e3d5c4a1e7476,,ECONNRESET,10.0.3.44:8443
2026-07-02 21:00:23.269,ERROR,worker,25822,upstream call failed request_id=540165b767e85da3 err=ECONNRESET upstream=10.0.3.44:8443 (retries exhausted),,,540165b767e85da3,,ECONNRESET,10.0.3.44:8443
2026-07-02 21:00:35.916,ERROR,worker,25824,upstream call failed request_id=1d0de81083724cba err=ECONNRESET upstream=10.0.3.44:8443 (retries exhausted),,,1d0de81083724cba,,ECONNRESET,10.0.3.44:8443
2026-07-02 21:00:50.621,ERROR,worker,25831,upstream call failed request_id=9ccd843a4ce063a6 err=ECONNRESET upstream=10.0.3.44:8443 (retries exhausted),,,9ccd843a4ce063a6,,ECONNRESET,10.0.3.44:8443
2026-07-02 21:00:57.254,ERROR,worker,25835,upstream call failed request_id=cfd136b966057430 err=ECONNRESET upstream=10.0.3.44:8443 (retries exhausted),,,cfd136b966057430,,ECONNRESET,10.0.3.44:8443
2026-07-02 21:01:02.000,ERROR,metrics-worker,25838,AnalyticsUploadTimeout: failed to push metrics batch to analytics.internal:9092 (attempt 1/3),,AnalyticsUploadTimeout,,,,
2026-07-02 21:01:06.616,ERROR,worker,25840,upstream call failed request_id=5619e5d9129a8cef err=ECONNRESET upstream=10.0.3.44:8443 (retries exhausted),,,5619e5d9129a8cef,,ECONNRESET,10.0.3.44:8443
2026-07-02 21:01:08.330,ERROR,worker,25841,upstream call failed request_id=98407dd0eee664fb err=ECONNRESET upstream=10.0.3.44:8443 (retries exhausted),,,98407dd0eee664fb,,ECONNRESET,10.0.3.44:8443
2026-07-02 21:01:19.543,ERROR,worker,25846,upstream call failed request_id=226799b49839b520 err=ECONNRESET upstream=10.0.3.44:8443 (retries exhausted),,,226799b49839b520,,ECONNRESET,10.0.3.44:8443
2026-07-02 21:01:22.483,ERROR,worker,25849,upstream call failed request_id=71afca4cee39f5da err=ECONNRESET upstream=10.0.3.44:8443 (retries exhausted),,,71afca4cee39f5da,,ECONNRESET,10.0.3.44:8443
2026-07-02 21:01:30.990,ERROR,worker,25851,upstream call failed request_id=952fa0a799e2eb05 err=ECONNRESET upstream=10.0.3.44:8443 (retries exhausted),,,952fa0a799e2eb05,,ECONNRESET,10.0.3.44:8443
2026-07-02 21:01:54.807,ERROR,worker,25861,upstream call failed request_id=d9122f8d434b618d err=ECONNRESET upstream=10.0.3.44:8443 (retries exhausted),,,d9122f8d434b618d,,ECONNRESET,10.0.3.44:8443
2026-07-02 21:02:43.000,ERROR,metrics-worker,25878,AnalyticsUploadTimeout: failed to push metrics batch to analytics.internal:9092 (attempt 3/3),,AnalyticsUploadTimeout,,,,
2026-07-02 21:02:47.698,ERROR,worker,25882,upstream call failed request_id=74dc415f938369f8 err=ECONNRESET upstream=10.0.3.44:8443 (retries exhausted),,,74dc415f938369f8,,ECONNRESET,10.0.3.44:8443
2026-07-02 21:02:57.671,ERROR,worker,25884,upstream call failed request_id=3e74ff4937f90592 err=ECONNRESET upstream=10.0.3.44:8443 (retries exhausted),,,3e74ff4937f90592,,ECONNRESET,10.0.3.44:8443
2026-07-02 21:03:28.126,ERROR,worker,25899,upstream call failed request_id=79adfcbc7454d730 err=ECONNRESET upstream=10.0.3.44:8443 (retries exhausted),,,79adfcbc7454d730,,ECONNRESET,10.0.3.44:8443
2026-07-02 21:03:41.384,ERROR,worker,25905,upstream call failed request_id=0576ea861f1f54c3 err=ECONNRESET upstream=10.0.3.44:8443 (retries exhausted),,,0576ea861f1f54c3,,ECONNRESET,10.0.3.44:8443
2026-07-02 21:04:11.846,ERROR,worker,25920,upstream call failed request_id=511e9b73b73f8785 err=ECONNRESET upstream=10.0.3.44:8443 (retries exhausted),,,511e9b73b73f8785,,ECONNRESET,10.0.3.44:8443
2026-07-02 21:04:18.688,ERROR,worker,25924,upstream call failed request_id=6b94aa4a42271315 err=ECONNRESET upstream=10.0.3.44:8443 (retries exhausted),,,6b94aa4a42271315,,ECONNRESET,10.0.3.44:8443
2026-07-02 21:04:25.001,ERROR,worker,25928,upstream call failed request_id=b4815aa992b0b8ae err=ECONNRESET upstream=10.0.3.44:8443 (retries exhausted),,,b4815aa992b0b8ae,,ECONNRESET,10.0.3.44:8443
2026-07-02 21:04:41.012,ERROR,worker,25935,upstream call failed request_id=1ae335c2a5a30933 err=ECONNRESET upstream=10.0.3.44:8443 (retries exhausted),,,1ae335c2a5a30933,,ECONNRESET,10.0.3.44:8443
2026-07-02 21:04:43.339,ERROR,worker,25936,upstream call failed request_id=f97975f112b363dc err=ECONNRESET upstream=10.0.3.44:8443 (retries exhausted),,,f97975f112b363dc,,ECONNRESET,10.0.3.44:8443
2026-07-02 21:04:52.000,ERROR,metrics-worker,25943,AnalyticsUploadTimeout: failed to push metrics batch to analytics.internal:9092 (attempt 3/3),,AnalyticsUploadTimeout,,,,
2026-07-02 21:04:53.743,ERROR,worker,25944,upstream call failed request_id=b252a5a501ad2e40 err=ECONNRESET upstream=10.0.3.44:8443 (retries exhausted),,,b252a5a501ad2e40,,ECONNRESET,10.0.3.44:8443
2026-07-02 21:04:53.824,ERROR,worker,25945,upstream call failed request_id=bf1ed1a836788f8b err=ECONNRESET upstream=10.0.3.44:8443 (retries exhausted),,,bf1ed1a836788f8b,,ECONNRESET,10.0.3.44:8443
2026-07-02 21:05:10.381,ERROR,worker,25949,upstream call failed request_id=728ec673d241eaa8 err=ECONNRESET upstream=10.0.3.44:8443 (retries exhausted),,,728ec673d241eaa8,,ECONNRESET,10.0.3.44:8443
2026-07-02 21:05:13.109,ERROR,worker,25951,upstream call failed request_id=1c48b065def0b26c err=ECONNRESET upstream=10.0.3.44:8443 (retries exhausted),,,1c48b065def0b26c,,ECONNRESET,10.0.3.44:8443
2026-07-02 21:05:32.422,ERROR,worker,25957,upstream call failed request_id=c3eb7e6bdbe9e2e6 err=ECONNRESET upstream=10.0.3.44:8443 (retries exhausted),,,c3eb7e6bdbe9e2e6,,ECONNRESET,10.0.3.44:8443
2026-07-02 21:05:42.278,ERROR,worker,25961,upstream call failed request_id=daff6f3e47f52c3d err=ECONNRESET upstream=10.0.3.44:8443 (retries exhausted),,,daff6f3e47f52c3d,,ECONNRESET,10.0.3.44:8443
2026-07-02 21:06:11.832,ERROR,worker,25974,upstream call failed request_id=9e80b1b4f61e1300 err=ECONNRESET upstream=10.0.3.44:8443 (retries exhausted),,,9e80b1b4f61e1300,,ECONNRESET,10.0.3.44:8443
2026-07-02 21:06:36.000,ERROR,metrics-worker,25984,AnalyticsUploadTimeout: failed to push metrics batch to analytics.internal:9092 (attempt 3/3),,AnalyticsUploadTimeout,,,,
2026-07-02 21:06:42.977,ERROR,worker,25986,upstream call failed request_id=b80a621e80ae3763 err=ECONNRESET upstream=10.0.3.44:8443 (retries exhausted),,,b80a621e80ae3763,,ECONNRESET,10.0.3.44:8443
2026-07-02 21:06:46.295,ERROR,worker,25991,upstream call failed request_id=2487baa38336588a err=ECONNRESET upstream=10.0.3.44:8443 (retries exhausted),,,2487baa38336588a,,ECONNRESET,10.0.3.44:8443
2026-07-02 21:07:20.481,ERROR,worker,26002,upstream call failed request_id=9411b96d1d112fce err=ECONNRESET upstream=10.0.3.44:8443 (retries exhausted),,,9411b96d1d112fce,,ECONNRESET,10.0.3.44:8443
2026-07-02 21:07:23.921,ERROR,worker,26003,upstream call failed request_id=71c7b0c7082500d8 err=ECONNRESET upstream=10.0.3.44:8443 (retries exhausted),,,71c7b0c7082500d8,,ECONNRESET,10.0.3.44:8443
2026-07-02 21:07:38.225,ERROR,worker,26012,upstream call failed request_id=b7a1762fddef11ac err=ECONNRESET upstream=10.0.3.44:8443 (retries exhausted),,,b7a1762fddef11ac,,ECONNRESET,10.0.3.44:8443
2026-07-02 21:08:09.126,ERROR,worker,26027,upstream call failed request_id=e19f4a250cfe57cc err=ECONNRESET upstream=10.0.3.44:8443 (retries exhausted),,,e19f4a250cfe57cc,,ECONNRESET,10.0.3.44:8443
2026-07-02 21:08:18.334,ERROR,worker,26028,upstream call failed request_id=6caba06a9af8e1a6 err=ECONNRESET upstream=10.0.3.44:8443 (retries exhausted),,,6caba06a9af8e1a6,,ECONNRESET,10.0.3.44:8443
2026-07-02 21:08:53.375,ERROR,worker,26041,upstream call failed request_id=f780c81c5ea11f21 err=ECONNRESET upstream=10.0.3.44:8443 (retries exhausted),,,f780c81c5ea11f21,,ECONNRESET,10.0.3.44:8443
2026-07-02 21:08:59.000,ERROR,metrics-worker,26043,AnalyticsUploadTimeout: failed to push metrics batch to analytics.internal:9092 (attempt 1/3),,AnalyticsUploadTimeout,,,,
2026-07-02 21:09:04.357,ERROR,worker,26047,upstream call failed request_id=5363d2f12f3241bb err=ECONNRESET upstream=10.0.3.44:8443 (retries exhausted),,,5363d2f12f3241bb,,ECONNRESET,10.0.3.44:8443
2026-07-02 21:09:04.753,ERROR,worker,26048,upstream call failed request_id=ad5a0980f35b249b err=ECONNRESET upstream=10.0.3.44:8443 (retries exhausted),,,ad5a0980f35b249b,,ECONNRESET,10.0.3.44:8443
2026-07-02 21:09:10.622,ERROR,worker,26055,upstream call failed request_id=b835a418423e9b64 err=ECONNRESET upstream=10.0.3.44:8443 (retries exhausted),,,b835a418423e9b64,,ECONNRESET,10.0.3.44:8443
2026-07-02 21:09:31.984,ERROR,worker,26064,upstream call failed request_id=8822d230536453c0 err=ECONNRESET upstream=10.0.3.44:8443 (retries exhausted),,,8822d230536453c0,,ECONNRESET,10.0.3.44:8443
2026-07-02 21:09:43.805,ERROR,worker,26070,upstream call failed request_id=b83d9c8174d1a134 err=ECONNRESET upstream=10.0.3.44:8443 (retries exhausted),,,b83d9c8174d1a134,,ECONNRESET,10.0.3.44:8443
2026-07-02 21:09:46.416,ERROR,worker,26072,upstream call failed request_id=b6848ef27c3abb98 err=ECONNRESET upstream=10.0.3.44:8443 (retries exhausted),,,b6848ef27c3abb98,,ECONNRESET,10.0.3.44:8443
2026-07-02 21:10:14.000,ERROR,metrics-worker,26083,AnalyticsUploadTimeout: failed to push metrics batch to analytics.internal:9092 (attempt 1/3),,AnalyticsUploadTimeout,,,,
2026-07-02 21:10:14.905,ERROR,worker,26084,upstream call failed request_id=fe0fe1c82ce43cd8 err=ECONNRESET upstream=10.0.3.44:8443 (retries exhausted),,,fe0fe1c82ce43cd8,,ECONNRESET,10.0.3.44:8443
2026-07-02 21:10:32.463,ERROR,worker,26091,upstream call failed request_id=2593d6d41987d008 err=ECONNRESET upstream=10.0.3.44:8443 (retries exhausted),,,2593d6d41987d008,,ECONNRESET,10.0.3.44:8443
2026-07-02 21:10:34.488,ERROR,worker,26093,upstream call failed request_id=44cd7820a9c165c2 err=ECONNRESET upstream=10.0.3.44:8443 (retries exhausted),,,44cd7820a9c165c2,,ECONNRESET,10.0.3.44:8443
2026-07-02 21:10:34.942,ERROR,worker,26094,upstream call failed request_id=de91459b119b9d01 err=ECONNRESET upstream=10.0.3.44:8443 (retries exhausted),,,de91459b119b9d01,,ECONNRESET,10.0.3.44:8443
2026-07-02 21:11:03.659,ERROR,worker,26102,upstream call failed request_id=247411eb41224f75 err=ECONNRESET upstream=10.0.3.44:8443 (retries exhausted),,,247411eb41224f75,,ECONNRESET,10.0.3.44:8443
2026-07-02 21:11:50.000,ERROR,metrics-worker,26115,AnalyticsUploadTimeout: failed to push metrics batch to analytics.internal:9092 (attempt 1/3),,AnalyticsUploadTimeout,,,,
2026-07-02 21:12:24.774,ERROR,worker,26127,upstream call failed request_id=e9a195cdd36a3290 err=ECONNRESET upstream=10.0.3.44:8443 (retries exhausted),,,e9a195cdd36a3290,,ECONNRESET,10.0.3.44:8443
2026-07-02 21:12:37.173,ERROR,worker,26130,upstream call failed request_id=d332070143ffa571 err=ECONNRESET upstream=10.0.3.44:8443 (retries exhausted),,,d332070143ffa571,,ECONNRESET,10.0.3.44:8443
2026-07-02 21:12:46.167,ERROR,worker,26138,upstream call failed request_id=c93b9c1a1ebda8dc err=ECONNRESET upstream=10.0.3.44:8443 (retries exhausted),,,c93b9c1a1ebda8dc,,ECONNRESET,10.0.3.44:8443
2026-07-02 21:12:49.192,ERROR,worker,26141,upstream call failed request_id=8730b93c11dd7885 err=ECONNRESET upstream=10.0.3.44:8443 (retries exhausted),,,8730b93c11dd7885,,ECONNRESET,10.0.3.44:8443
2026-07-02 21:13:04.307,ERROR,worker,26145,upstream call failed request_id=381646abafac3611 err=ECONNRESET upstream=10.0.3.44:8443 (retries exhausted),,,381646abafac3611,,ECONNRESET,10.0.3.44:8443
2026-07-02 21:13:17.232,ERROR,worker,26153,upstream call failed request_id=33ad1696e0ed82ed err=ECONNRESET upstream=10.0.3.44:8443 (retries exhausted),,,33ad1696e0ed82ed,,ECONNRESET,10.0.3.44:8443
2026-07-02 21:13:19.382,ERROR,worker,26156,upstream call failed request_id=7d5594def89b83ba err=ECONNRESET upstream=10.0.3.44:8443 (retries exhausted),,,7d5594def89b83ba,,ECONNRESET,10.0.3.44:8443
2026-07-02 21:13:23.000,ERROR,metrics-worker,26158,AnalyticsUploadTimeout: failed to push metrics batch to analytics.internal:9092 (attempt 1/3),,AnalyticsUploadTimeout,,,,
2026-07-02 21:14:05.364,ERROR,worker,26167,upstream call failed request_id=e9df5f405e6bdb56 err=ECONNRESET upstream=10.0.3.44:8443 (retries exhausted),,,e9df5f405e6bdb56,,ECONNRESET,10.0.3.44:8443
2026-07-02 21:14:16.695,ERROR,worker,26171,upstream call failed request_id=feb45921fd0cb8e4 err=ECONNRESET upstream=10.0.3.44:8443 (retries exhausted),,,feb45921fd0cb8e4,,ECONNRESET,10.0.3.44:8443
2026-07-02 21:14:28.056,ERROR,worker,26177,upstream call failed request_id=75d6c22340536b70 err=ECONNRESET upstream=10.0.3.44:8443 (retries exhausted),,,75d6c22340536b70,,ECONNRESET,10.0.3.44:8443
2026-07-02 21:14:44.000,ERROR,metrics-worker,26187,AnalyticsUploadTimeout: failed to push metrics batch to analytics.internal:9092 (attempt 3/3),,AnalyticsUploadTimeout,,,,
2026-07-02 21:14:44.682,ERROR,worker,26188,upstream call failed request_id=d7805ff95f9537f1 err=ECONNRESET upstream=10.0.3.44:8443 (retries exhausted),,,d7805ff95f9537f1,,ECONNRESET,10.0.3.44:8443
2026-07-02 21:14:45.703,ERROR,worker,26191,upstream call failed request_id=744d0d9f438a0b9f err=ECONNRESET upstream=10.0.3.44:8443 (retries exhausted),,,744d0d9f438a0b9f,,ECONNRESET,10.0.3.44:8443
2026-07-02 21:15:39.352,ERROR,worker,26212,upstream call failed request_id=aa9c8c86283a1950 err=ECONNRESET upstream=10.0.3.44:8443 (retries exhausted),,,aa9c8c86283a1950,,ECONNRESET,10.0.3.44:8443
2026-07-02 21:15:42.689,ERROR,worker,26215,upstream call failed request_id=dadcbb2cfff0dc7e err=ECONNRESET upstream=10.0.3.44:8443 (retries exhausted),,,dadcbb2cfff0dc7e,,ECONNRESET,10.0.3.44:8443
2026-07-02 21:16:15.125,ERROR,worker,26224,upstream call failed request_id=849564412157ee59 err=ECONNRESET upstream=10.0.3.44:8443 (retries exhausted),,,849564412157ee59,,ECONNRESET,10.0.3.44:8443
2026-07-02 21:16:23.042,ERROR,worker,26225,upstream call failed request_id=8f7f8367d419e734 err=ECONNRESET upstream=10.0.3.44:8443 (retries exhausted),,,8f7f8367d419e734,,ECONNRESET,10.0.3.44:8443
2026-07-02 21:16:29.000,ERROR,metrics-worker,26227,AnalyticsUploadTimeout: failed to push metrics batch to analytics.internal:9092 (attempt 3/3),,AnalyticsUploadTimeout,,,,
2026-07-02 21:16:34.104,ERROR,worker,26230,upstream call failed request_id=91eb1511116991e3 err=ECONNRESET upstream=10.0.3.44:8443 (retries exhausted),,,91eb1511116991e3,,ECONNRESET,10.0.3.44:8443
2026-07-02 21:16:43.771,ERROR,worker,26235,upstream call failed request_id=58f9e23fceac811f err=ECONNRESET upstream=10.0.3.44:8443 (retries exhausted),,,58f9e23fceac811f,,ECONNRESET,10.0.3.44:8443
2026-07-02 21:16:49.402,ERROR,worker,26240,upstream call failed request_id=1093a95a3f3d7c21 err=ECONNRESET upstream=10.0.3.44:8443 (retries exhausted),,,1093a95a3f3d7c21,,ECONNRESET,10.0.3.44:8443
2026-07-02 21:16:59.447,ERROR,worker,26241,upstream call failed request_id=bab6c324f68c807b err=ECONNRESET upstream=10.0.3.44:8443 (retries exhausted),,,bab6c324f68c807b,,ECONNRESET,10.0.3.44:8443
2026-07-02 21:17:07.918,ERROR,worker,26244,upstream call failed request_id=61111ed80aace998 err=ECONNRESET upstream=10.0.3.44:8443 (retries exhausted),,,61111ed80aace998,,ECONNRESET,10.0.3.44:8443
2026-07-02 21:18:09.236,ERROR,worker,26268,upstream call failed request_id=6cd6a8e555afac73 err=ECONNRESET upstream=10.0.3.44:8443 (retries exhausted),,,6cd6a8e555afac73,,ECONNRESET,10.0.3.44:8443
2026-07-02 21:18:13.000,ERROR,metrics-worker,26271,AnalyticsUploadTimeout: failed to push metrics batch to analytics.internal:9092 (attempt 1/3),,AnalyticsUploadTimeout,,,,
2026-07-02 21:18:41.747,ERROR,worker,26284,upstream call failed request_id=9da3d4904dac02be err=ECONNRESET upstream=10.0.3.44:8443 (retries exhausted),,,9da3d4904dac02be,,ECONNRESET,10.0.3.44:8443
2026-07-02 21:19:01.376,ERROR,worker,26294,upstream call failed request_id=826c2d15ff342f24 err=ECONNRESET upstream=10.0.3.44:8443 (retries exhausted),,,826c2d15ff342f24,,ECONNRESET,10.0.3.44:8443
2026-07-02 21:19:18.504,ERROR,worker,26298,upstream call failed request_id=fec3c00568b1cdec err=ECONNRESET upstream=10.0.3.44:8443 (retries exhausted),,,fec3c00568b1cdec,,ECONNRESET,10.0.3.44:8443
2026-07-02 21:19:24.715,ERROR,worker,26300,upstream call failed request_id=2abcaf2a51b95968 err=ECONNRESET upstream=10.0.3.44:8443 (retries exhausted),,,2abcaf2a51b95968,,ECONNRESET,10.0.3.44:8443
2026-07-02 21:19:28.000,ERROR,metrics-worker,26302,AnalyticsUploadTimeout: failed to push metrics batch to analytics.internal:9092 (attempt 1/3),,AnalyticsUploadTimeout,,,,
2026-07-02 21:19:48.917,ERROR,worker,26306,upstream call failed request_id=919080993ed96fb0 err=ECONNRESET upstream=10.0.3.44:8443 (retries exhausted),,,919080993ed96fb0,,ECONNRESET,10.0.3.44:8443
2026-07-02 21:20:00.532,ERROR,worker,26310,upstream call failed request_id=38ee7caba80f1203 err=ECONNRESET upstream=10.0.3.44:8443 (retries exhausted),,,38ee7caba80f1203,,ECONNRESET,10.0.3.44:8443
2026-07-02 21:20:04.209,ERROR,worker,26311,upstream call failed request_id=856bae7b56b303ff err=ECONNRESET upstream=10.0.3.44:8443 (retries exhausted),,,856bae7b56b303ff,,ECONNRESET,10.0.3.44:8443
2026-07-02 21:20:09.392,ERROR,worker,26312,upstream call failed request_id=a71f995339629c5b err=ECONNRESET upstream=10.0.3.44:8443 (retries exhausted),,,a71f995339629c5b,,ECONNRESET,10.0.3.44:8443
2026-07-02 21:20:49.131,ERROR,worker,26324,upstream call failed request_id=e9c24a5fae85cea4 err=ECONNRESET upstream=10.0.3.44:8443 (retries exhausted),,,e9c24a5fae85cea4,,ECONNRESET,10.0.3.44:8443
2026-07-02 21:20:51.000,ERROR,metrics-worker,26325,AnalyticsUploadTimeout: failed to push metrics batch to analytics.internal:9092 (attempt 2/3),,AnalyticsUploadTimeout,,,,
2026-07-02 21:20:51.672,ERROR,worker,26326,upstream call failed request_id=f28e7053873cde1c err=ECONNRESET upstream=10.0.3.44:8443 (retries exhausted),,,f28e7053873cde1c,,ECONNRESET,10.0.3.44:8443
2026-07-02 21:20:58.650,ERROR,worker,26328,upstream call failed request_id=5f8e8229c5dea33f err=ECONNRESET upstream=10.0.3.44:8443 (retries exhausted),,,5f8e8229c5dea33f,,ECONNRESET,10.0.3.44:8443
2026-07-02 21:21:02.283,ERROR,worker,26330,upstream call failed request_id=3cbfc0d22df28a44 err=ECONNRESET upstream=10.0.3.44:8443 (retries exhausted),,,3cbfc0d22df28a44,,ECONNRESET,10.0.3.44:8443
2026-07-02 21:21:08.091,ERROR,worker,26332,upstream call failed request_id=c727d65969a5ea03 err=ECONNRESET upstream=10.0.3.44:8443 (retries exhausted),,,c727d65969a5ea03,,ECONNRESET,10.0.3.44:8443
2026-07-02 21:21:10.979,ERROR,worker,26335,upstream call failed request_id=1d5bd5fa33d40be9 err=ECONNRESET upstream=10.0.3.44:8443 (retries exhausted),,,1d5bd5fa33d40be9,,ECONNRESET,10.0.3.44:8443
2026-07-02 21:21:15.599,ERROR,worker,26337,upstream call failed request_id=874af7cf9c015a03 err=ECONNRESET upstream=10.0.3.44:8443 (retries exhausted),,,874af7cf9c015a03,,ECONNRESET,10.0.3.44:8443
2026-07-02 21:21:27.402,ERROR,worker,26341,upstream call failed request_id=df3b130337b1fa60 err=ECONNRESET upstream=10.0.3.44:8443 (retries exhausted),,,df3b130337b1fa60,,ECONNRESET,10.0.3.44:8443
2026-07-02 21:22:02.792,ERROR,worker,26353,upstream call failed request_id=6c929445365fdfdd err=ECONNRESET upstream=10.0.3.44:8443 (retries exhausted),,,6c929445365fdfdd,,ECONNRESET,10.0.3.44:8443
2026-07-02 21:22:07.000,ERROR,metrics-worker,26354,AnalyticsUploadTimeout: failed to push metrics batch to analytics.internal:9092 (attempt 2/3),,AnalyticsUploadTimeout,,,,
2026-07-02 21:22:31.163,ERROR,worker,26359,upstream call failed request_id=f1862f9a144cd0ba err=ECONNRESET upstream=10.0.3.44:8443 (retries exhausted),,,f1862f9a144cd0ba,,ECONNRESET,10.0.3.44:8443
2026-07-02 21:22:52.814,ERROR,worker,26363,upstream call failed request_id=2b89af088c70ccf0 err=ECONNRESET upstream=10.0.3.44:8443 (retries exhausted),,,2b89af088c70ccf0,,ECONNRESET,10.0.3.44:8443
2026-07-02 21:23:20.847,ERROR,worker,26374,upstream call failed request_id=367703e4c09fc479 err=ECONNRESET upstream=10.0.3.44:8443 (retries exhausted),,,367703e4c09fc479,,ECONNRESET,10.0.3.44:8443
2026-07-02 21:23:39.525,ERROR,worker,26378,upstream call failed request_id=83c9de93e9dd1e0a err=ECONNRESET upstream=10.0.3.44:8443 (retries exhausted),,,83c9de93e9dd1e0a,,ECONNRESET,10.0.3.44:8443
2026-07-02 21:23:41.000,ERROR,metrics-worker,26379,AnalyticsUploadTimeout: failed to push metrics batch to analytics.internal:9092 (attempt 2/3),,AnalyticsUploadTimeout,,,,
2026-07-02 21:24:15.055,ERROR,worker,26392,upstream call failed request_id=42cbf66c9e0ce5db err=ECONNRESET upstream=10.0.3.44:8443 (retries exhausted),,,42cbf66c9e0ce5db,,ECONNRESET,10.0.3.44:8443
2026-07-02 21:24:35.757,ERROR,worker,26398,upstream call failed request_id=c02f6e8d81378bf9 err=ECONNRESET upstream=10.0.3.44:8443 (retries exhausted),,,c02f6e8d81378bf9,,ECONNRESET,10.0.3.44:8443
2026-07-02 21:25:05.679,ERROR,worker,26406,upstream call failed request_id=d4f97f41c487d856 err=ECONNRESET upstream=10.0.3.44:8443 (retries exhausted),,,d4f97f41c487d856,,ECONNRESET,10.0.3.44:8443
2026-07-02 21:25:36.862,ERROR,worker,26422,upstream call failed request_id=7be6e01eb1235076 err=ECONNRESET upstream=10.0.3.44:8443 (retries exhausted),,,7be6e01eb1235076,,ECONNRESET,10.0.3.44:8443
2026-07-02 21:25:52.557,ERROR,worker,26432,upstream call failed request_id=8e1d889d3522f1f0 err=ECONNRESET upstream=10.0.3.44:8443 (retries exhausted),,,8e1d889d3522f1f0,,ECONNRESET,10.0.3.44:8443
2026-07-02 21:25:54.575,ERROR,worker,26433,upstream call failed request_id=1c3a9da19056bd1e err=ECONNRESET upstream=10.0.3.44:8443 (retries exhausted),,,1c3a9da19056bd1e,,ECONNRESET,10.0.3.44:8443
2026-07-02 21:25:56.000,ERROR,metrics-worker,26434,AnalyticsUploadTimeout: failed to push metrics batch to analytics.internal:9092 (attempt 1/3),,AnalyticsUploadTimeout,,,,
2026-07-02 21:26:06.498,ERROR,worker,26435,upstream call failed request_id=09b44854f297adc4 err=ECONNRESET upstream=10.0.3.44:8443 (retries exhausted),,,09b44854f297adc4,,ECONNRESET,10.0.3.44:8443
2026-07-02 21:26:47.153,ERROR,worker,26447,upstream call failed request_id=bfdf42410b3f7183 err=ECONNRESET upstream=10.0.3.44:8443 (retries exhausted),,,bfdf42410b3f7183,,ECONNRESET,10.0.3.44:8443
2026-07-02 21:26:50.737,ERROR,worker,26448,upstream call failed request_id=d01ab29f03e2f85a err=ECONNRESET upstream=10.0.3.44:8443 (retries exhausted),,,d01ab29f03e2f85a,,ECONNRESET,10.0.3.44:8443
2026-07-02 21:27:15.000,ERROR,metrics-worker,26455,AnalyticsUploadTimeout: failed to push metrics batch to analytics.internal:9092 (attempt 1/3),,AnalyticsUploadTimeout,,,,
2026-07-02 21:27:35.881,ERROR,worker,26459,upstream call failed request_id=55f94b3665ba0a59 err=ECONNRESET upstream=10.0.3.44:8443 (retries exhausted),,,55f94b3665ba0a59,,ECONNRESET,10.0.3.44:8443
2026-07-02 21:27:46.166,ERROR,worker,26464,upstream call failed request_id=6c7b6dc39acdb5a4 err=ECONNRESET upstream=10.0.3.44:8443 (retries exhausted),,,6c7b6dc39acdb5a4,,ECONNRESET,10.0.3.44:8443
2026-07-02 21:27:57.922,ERROR,worker,26468,upstream call failed request_id=1e61cc650645f783 err=ECONNRESET upstream=10.0.3.44:8443 (retries exhausted),,,1e61cc650645f783,,ECONNRESET,10.0.3.44:8443
2026-07-02 21:28:17.063,ERROR,worker,26474,upstream call failed request_id=cca40ac31754c68d err=ECONNRESET upstream=10.0.3.44:8443 (retries exhausted),,,cca40ac31754c68d,,ECONNRESET,10.0.3.44:8443
2026-07-02 21:28:17.753,ERROR,worker,26475,upstream call failed request_id=ab838ad935e79d15 err=ECONNRESET upstream=10.0.3.44:8443 (retries exhausted),,,ab838ad935e79d15,,ECONNRESET,10.0.3.44:8443
2026-07-02 21:28:31.879,ERROR,worker,26483,upstream call failed request_id=2c57cc44bcff7dd3 err=ECONNRESET upstream=10.0.3.44:8443 (retries exhausted),,,2c57cc44bcff7dd3,,ECONNRESET,10.0.3.44:8443
2026-07-02 21:28:42.000,ERROR,metrics-worker,26485,AnalyticsUploadTimeout: failed to push metrics batch to analytics.internal:9092 (attempt 3/3),,AnalyticsUploadTimeout,,,,
2026-07-02 21:30:12.000,ERROR,metrics-worker,26512,AnalyticsUploadTimeout: failed to push metrics batch to analytics.internal:9092 (attempt 2/3),,AnalyticsUploadTimeout,,,,
2026-07-02 21:31:04.859,ERROR,worker,26534,upstream call failed request_id=708dc675650958dd err=ECONNRESET upstream=10.0.3.44:8443 (retries exhausted),,,708dc675650958dd,,ECONNRESET,10.0.3.44:8443
2026-07-02 21:32:04.970,ERROR,worker,26555,upstream call failed request_id=bbde2af25b05f4bc err=ECONNRESET upstream=10.0.3.44:8443 (retries exhausted),,,bbde2af25b05f4bc,,ECONNRESET,10.0.3.44:8443
2026-07-02 21:32:23.214,ERROR,worker,26559,upstream call failed request_id=3ab69deb79e6ca5f err=ECONNRESET upstream=10.0.3.44:8443 (retries exhausted),,,3ab69deb79e6ca5f,,ECONNRESET,10.0.3.44:8443
2026-07-02 21:32:34.000,ERROR,metrics-worker,26562,AnalyticsUploadTimeout: failed to push metrics batch to analytics.internal:9092 (attempt 3/3),,AnalyticsUploadTimeout,,,,
2026-07-02 21:32:48.815,ERROR,worker,26567,upstream call failed request_id=e08510af5e9c4fbc err=ECONNRESET upstream=10.0.3.44:8443 (retries exhausted),,,e08510af5e9c4fbc,,ECONNRESET,10.0.3.44:8443
2026-07-02 21:33:10.600,ERROR,worker,26576,upstream call failed request_id=c7f0bb18852fbf88 err=ECONNRESET upstream=10.0.3.44:8443 (retries exhausted),,,c7f0bb18852fbf88,,ECONNRESET,10.0.3.44:8443
2026-07-02 21:33:12.544,ERROR,worker,26577,upstream call failed request_id=a01682309513194d err=ECONNRESET upstream=10.0.3.44:8443 (retries exhausted),,,a01682309513194d,,ECONNRESET,10.0.3.44:8443
2026-07-02 21:33:18.589,ERROR,worker,26581,upstream call failed request_id=ca8130d8b6419451 err=ECONNRESET upstream=10.0.3.44:8443 (retries exhausted),,,ca8130d8b6419451,,ECONNRESET,10.0.3.44:8443
2026-07-02 21:33:18.742,ERROR,worker,26582,upstream call failed request_id=28b923d607cd72b1 err=ECONNRESET upstream=10.0.3.44:8443 (retries exhausted),,,28b923d607cd72b1,,ECONNRESET,10.0.3.44:8443
2026-07-02 21:34:01.000,ERROR,metrics-worker,26593,AnalyticsUploadTimeout: failed to push metrics batch to analytics.internal:9092 (attempt 3/3),,AnalyticsUploadTimeout,,,,
2026-07-02 21:34:06.399,ERROR,worker,26597,upstream call failed request_id=2881ed6f705ef0f4 err=ECONNRESET upstream=10.0.3.44:8443 (retries exhausted),,,2881ed6f705ef0f4,,ECONNRESET,10.0.3.44:8443
2026-07-02 21:35:23.770,ERROR,worker,26623,upstream call failed request_id=2b6d662234e9c6c9 err=ECONNRESET upstream=10.0.3.44:8443 (retries exhausted),,,2b6d662234e9c6c9,,ECONNRESET,10.0.3.44:8443
2026-07-02 21:36:02.515,ERROR,worker,26636,upstream call failed request_id=b9810d8df239fe55 err=ECONNRESET upstream=10.0.3.44:8443 (retries exhausted),,,b9810d8df239fe55,,ECONNRESET,10.0.3.44:8443
2026-07-02 21:36:08.046,ERROR,worker,26638,upstream call failed request_id=9f8f64fb974e8cdf err=ECONNRESET upstream=10.0.3.44:8443 (retries exhausted),,,9f8f64fb974e8cdf,,ECONNRESET,10.0.3.44:8443
2026-07-02 21:36:16.000,ERROR,metrics-worker,26643,AnalyticsUploadTimeout: failed to push metrics batch to analytics.internal:9092 (attempt 3/3),,AnalyticsUploadTimeout,,,,
2026-07-02 21:36:33.699,ERROR,worker,26647,upstream call failed request_id=802d8d7b1a69dd02 err=ECONNRESET upstream=10.0.3.44:8443 (retries exhausted),,,802d8d7b1a69dd02,,ECONNRESET,10.0.3.44:8443
2026-07-02 21:36:52.105,ERROR,worker,26655,upstream call failed request_id=87b09a11c41a38c6 err=ECONNRESET upstream=10.0.3.44:8443 (retries exhausted),,,87b09a11c41a38c6,,ECONNRESET,10.0.3.44:8443
2026-07-02 21:36:52.574,ERROR,worker,26656,upstream call failed request_id=d33f5c28995c538a err=ECONNRESET upstream=10.0.3.44:8443 (retries exhausted),,,d33f5c28995c538a,,ECONNRESET,10.0.3.44:8443
2026-07-02 21:36:53.939,ERROR,worker,26657,upstream call failed request_id=ea50960ba4cc2199 err=ECONNRESET upstream=10.0.3.44:8443 (retries exhausted),,,ea50960ba4cc2199,,ECONNRESET,10.0.3.44:8443
2026-07-02 21:37:05.518,ERROR,worker,26662,upstream call failed request_id=8e9200d74ba381ec err=ECONNRESET upstream=10.0.3.44:8443 (retries exhausted),,,8e9200d74ba381ec,,ECONNRESET,10.0.3.44:8443
2026-07-02 21:37:08.300,ERROR,worker,26663,upstream call failed request_id=80ca2c8cf89e3c10 err=ECONNRESET upstream=10.0.3.44:8443 (retries exhausted),,,80ca2c8cf89e3c10,,ECONNRESET,10.0.3.44:8443
2026-07-02 21:37:11.948,ERROR,worker,26665,upstream call failed request_id=5ce6bea94a96b1bd err=ECONNRESET upstream=10.0.3.44:8443 (retries exhausted),,,5ce6bea94a96b1bd,,ECONNRESET,10.0.3.44:8443
2026-07-02 21:37:17.596,ERROR,worker,26668,upstream call failed request_id=5e582f9cc9fee82e err=ECONNRESET upstream=10.0.3.44:8443 (retries exhausted),,,5e582f9cc9fee82e,,ECONNRESET,10.0.3.44:8443
2026-07-02 21:37:47.233,ERROR,worker,26678,upstream call failed request_id=cdd899a694fc16f8 err=ECONNRESET upstream=10.0.3.44:8443 (retries exhausted),,,cdd899a694fc16f8,,ECONNRESET,10.0.3.44:8443
2026-07-02 21:37:55.873,ERROR,worker,26681,upstream call failed request_id=5d81fd0a61241770 err=ECONNRESET upstream=10.0.3.44:8443 (retries exhausted),,,5d81fd0a61241770,,ECONNRESET,10.0.3.44:8443
2026-07-02 21:37:57.890,ERROR,worker,26682,upstream call failed request_id=3d3cf3ecc979dbf9 err=ECONNRESET upstream=10.0.3.44:8443 (retries exhausted),,,3d3cf3ecc979dbf9,,ECONNRESET,10.0.3.44:8443
2026-07-02 21:38:23.796,ERROR,worker,26689,upstream call failed request_id=f5425e067d2d5230 err=ECONNRESET upstream=10.0.3.44:8443 (retries exhausted),,,f5425e067d2d5230,,ECONNRESET,10.0.3.44:8443
2026-07-02 21:38:37.000,ERROR,metrics-worker,26695,AnalyticsUploadTimeout: failed to push metrics batch to analytics.internal:9092 (attempt 2/3),,AnalyticsUploadTimeout,,,,
2026-07-02 21:39:16.085,ERROR,worker,26705,upstream call failed request_id=9c1f2e48024244b3 err=ECONNRESET upstream=10.0.3.44:8443 (retries exhausted),,,9c1f2e48024244b3,,ECONNRESET,10.0.3.44:8443
2026-07-02 21:39:30.659,ERROR,worker,26710,upstream call failed request_id=61d8e2a154763109 err=ECONNRESET upstream=10.0.3.44:8443 (retries exhausted),,,61d8e2a154763109,,ECONNRESET,10.0.3.44:8443
2026-07-02 21:39:48.690,ERROR,worker,26714,upstream call failed request_id=e4c1b8114504d47d err=ECONNRESET upstream=10.0.3.44:8443 (retries exhausted),,,e4c1b8114504d47d,,ECONNRESET,10.0.3.44:8443
2026-07-02 21:39:51.445,ERROR,worker,26716,upstream call failed request_id=16534eb09ffa8b77 err=ECONNRESET upstream=10.0.3.44:8443 (retries exhausted),,,16534eb09ffa8b77,,ECONNRESET,10.0.3.44:8443
2026-07-02 21:40:07.000,ERROR,metrics-worker,26725,AnalyticsUploadTimeout: failed to push metrics batch to analytics.internal:9092 (attempt 2/3),,AnalyticsUploadTimeout,,,,
2026-07-02 21:40:09.543,ERROR,worker,26726,upstream call failed request_id=8a15ea58a6ec748f err=ECONNRESET upstream=10.0.3.44:8443 (retries exhausted),,,8a15ea58a6ec748f,,ECONNRESET,10.0.3.44:8443
2026-07-02 21:40:10.582,ERROR,worker,26727,upstream call failed request_id=1e20518af868f269 err=ECONNRESET upstream=10.0.3.44:8443 (retries exhausted),,,1e20518af868f269,,ECONNRESET,10.0.3.44:8443
2026-07-02 21:41:00.793,ERROR,worker,26745,upstream call failed request_id=b818eb02d25425b8 err=ECONNRESET upstream=10.0.3.44:8443 (retries exhausted),,,b818eb02d25425b8,,ECONNRESET,10.0.3.44:8443
2026-07-02 21:41:49.000,ERROR,metrics-worker,26761,AnalyticsUploadTimeout: failed to push metrics batch to analytics.internal:9092 (attempt 1/3),,AnalyticsUploadTimeout,,,,
2026-07-02 21:41:52.721,ERROR,worker,26763,upstream call failed request_id=653905d14c30f907 err=ECONNRESET upstream=10.0.3.44:8443 (retries exhausted),,,653905d14c30f907,,ECONNRESET,10.0.3.44:8443
2026-07-02 21:42:22.941,ERROR,worker,26779,upstream call failed request_id=7f625e1869e99052 err=ECONNRESET upstream=10.0.3.44:8443 (retries exhausted),,,7f625e1869e99052,,ECONNRESET,10.0.3.44:8443
2026-07-02 21:42:23.997,ERROR,worker,26781,upstream call failed request_id=23d779a58507903f err=ECONNRESET upstream=10.0.3.44:8443 (retries exhausted),,,23d779a58507903f,,ECONNRESET,10.0.3.44:8443
2026-07-02 21:43:01.377,ERROR,worker,26796,upstream call failed request_id=4bff10f02e0ca809 err=ECONNRESET upstream=10.0.3.44:8443 (retries exhausted),,,4bff10f02e0ca809,,ECONNRESET,10.0.3.44:8443
2026-07-02 21:43:04.000,ERROR,metrics-worker,26800,AnalyticsUploadTimeout: failed to push metrics batch to analytics.internal:9092 (attempt 2/3),,AnalyticsUploadTimeout,,,,
2026-07-02 21:43:24.947,ERROR,worker,26802,upstream call failed request_id=5be145cba1222fe2 err=ECONNRESET upstream=10.0.3.44:8443 (retries exhausted),,,5be145cba1222fe2,,ECONNRESET,10.0.3.44:8443
2026-07-02 21:43:30.785,ERROR,worker,26804,upstream call failed request_id=8c77e233c505d775 err=ECONNRESET upstream=10.0.3.44:8443 (retries exhausted),,,8c77e233c505d775,,ECONNRESET,10.0.3.44:8443
2026-07-02 21:44:00.143,ERROR,worker,26818,upstream call failed request_id=2aaff68b15f099c7 err=ECONNRESET upstream=10.0.3.44:8443 (retries exhausted),,,2aaff68b15f099c7,,ECONNRESET,10.0.3.44:8443
2026-07-02 21:44:09.384,ERROR,worker,26822,upstream call failed request_id=47b71b6af3901c9f err=ECONNRESET upstream=10.0.3.44:8443 (retries exhausted),,,47b71b6af3901c9f,,ECONNRESET,10.0.3.44:8443
2026-07-02 21:44:30.968,ERROR,worker,26831,upstream call failed request_id=1211bb47b3d6a4c2 err=ECONNRESET upstream=10.0.3.44:8443 (retries exhausted),,,1211bb47b3d6a4c2,,ECONNRESET,10.0.3.44:8443
2026-07-02 21:44:32.671,ERROR,worker,26832,upstream call failed request_id=fe0625593a6a81d7 err=ECONNRESET upstream=10.0.3.44:8443 (retries exhausted),,,fe0625593a6a81d7,,ECONNRESET,10.0.3.44:8443
2026-07-02 21:44:33.370,ERROR,worker,26833,upstream call failed request_id=140b8e42061d2d2b err=ECONNRESET upstream=10.0.3.44:8443 (retries exhausted),,,140b8e42061d2d2b,,ECONNRESET,10.0.3.44:8443
2026-07-02 21:44:48.758,ERROR,worker,26838,upstream call failed request_id=8103c0bd47fa619a err=ECONNRESET upstream=10.0.3.44:8443 (retries exhausted),,,8103c0bd47fa619a,,ECONNRESET,10.0.3.44:8443
2026-07-02 21:44:55.269,ERROR,worker,26840,upstream call failed request_id=bc39bbcb01d3c287 err=ECONNRESET upstream=10.0.3.44:8443 (retries exhausted),,,bc39bbcb01d3c287,,ECONNRESET,10.0.3.44:8443
2026-07-02 21:45:24.116,ERROR,worker,26852,upstream call failed request_id=dd8796473798d1d9 err=ECONNRESET upstream=10.0.3.44:8443 (retries exhausted),,,dd8796473798d1d9,,ECONNRESET,10.0.3.44:8443
2026-07-02 21:45:28.000,ERROR,metrics-worker,26853,AnalyticsUploadTimeout: failed to push metrics batch to analytics.internal:9092 (attempt 2/3),,AnalyticsUploadTimeout,,,,
2026-07-02 21:45:58.439,ERROR,worker,26861,upstream call failed request_id=6e6886954ca26e99 err=ECONNRESET upstream=10.0.3.44:8443 (retries exhausted),,,6e6886954ca26e99,,ECONNRESET,10.0.3.44:8443
2026-07-02 21:46:08.694,ERROR,worker,26865,upstream call failed request_id=37af6528ff7a06c3 err=ECONNRESET upstream=10.0.3.44:8443 (retries exhausted),,,37af6528ff7a06c3,,ECONNRESET,10.0.3.44:8443
2026-07-02 21:46:16.708,ERROR,worker,26867,upstream call failed request_id=ef08fe94741c41d7 err=ECONNRESET upstream=10.0.3.44:8443 (retries exhausted),,,ef08fe94741c41d7,,ECONNRESET,10.0.3.44:8443
2026-07-02 21:46:47.000,ERROR,metrics-worker,26879,AnalyticsUploadTimeout: failed to push metrics batch to analytics.internal:9092 (attempt 1/3),,AnalyticsUploadTimeout,,,,
2026-07-02 21:46:54.144,ERROR,worker,26885,upstream call failed request_id=629df30f5d85aaa2 err=ECONNRESET upstream=10.0.3.44:8443 (retries exhausted),,,629df30f5d85aaa2,,ECONNRESET,10.0.3.44:8443
2026-07-02 21:47:16.184,ERROR,worker,26890,upstream call failed request_id=eefbab70d60ec74c err=ECONNRESET upstream=10.0.3.44:8443 (retries exhausted),,,eefbab70d60ec74c,,ECONNRESET,10.0.3.44:8443
2026-07-02 21:48:11.000,ERROR,metrics-worker,26908,AnalyticsUploadTimeout: failed to push metrics batch to analytics.internal:9092 (attempt 1/3),,AnalyticsUploadTimeout,,,,
2026-07-02 21:48:48.911,ERROR,worker,26923,upstream call failed request_id=b174ed4a5d8b9502 err=ECONNRESET upstream=10.0.3.44:8443 (retries exhausted),,,b174ed4a5d8b9502,,ECONNRESET,10.0.3.44:8443
2026-07-02 21:49:09.335,ERROR,worker,26933,upstream call failed request_id=0a64a106efcbe491 err=ECONNRESET upstream=10.0.3.44:8443 (retries exhausted),,,0a64a106efcbe491,,ECONNRESET,10.0.3.44:8443
2026-07-02 21:49:10.486,ERROR,worker,26934,upstream call failed request_id=294836ec7e6779b0 err=ECONNRESET upstream=10.0.3.44:8443 (retries exhausted),,,294836ec7e6779b0,,ECONNRESET,10.0.3.44:8443
2026-07-02 21:49:13.895,ERROR,worker,26936,upstream call failed request_id=077ea52b7d3f9975 err=ECONNRESET upstream=10.0.3.44:8443 (retries exhausted),,,077ea52b7d3f9975,,ECONNRESET,10.0.3.44:8443
2026-07-02 21:49:29.352,ERROR,worker,26942,upstream call failed request_id=fb70483a97d5302e err=ECONNRESET upstream=10.0.3.44:8443 (retries exhausted),,,fb70483a97d5302e,,ECONNRESET,10.0.3.44:8443
2026-07-02 21:49:42.226,ERROR,worker,26948,upstream call failed request_id=5764c27bd0161f1f err=ECONNRESET upstream=10.0.3.44:8443 (retries exhausted),,,5764c27bd0161f1f,,ECONNRESET,10.0.3.44:8443
2026-07-02 21:49:45.605,ERROR,worker,26950,upstream call failed request_id=bf11e8625405d2fa err=ECONNRESET upstream=10.0.3.44:8443 (retries exhausted),,,bf11e8625405d2fa,,ECONNRESET,10.0.3.44:8443
2026-07-02 21:49:50.906,ERROR,worker,26952,upstream call failed request_id=7b206ed58e6d541b err=ECONNRESET upstream=10.0.3.44:8443 (retries exhausted),,,7b206ed58e6d541b,,ECONNRESET,10.0.3.44:8443
2026-07-02 21:49:58.000,ERROR,metrics-worker,26956,AnalyticsUploadTimeout: failed to push metrics batch to analytics.internal:9092 (attempt 2/3),,AnalyticsUploadTimeout,,,,
2026-07-02 21:50:02.281,ERROR,worker,26958,upstream call failed request_id=afe94b38196a0adf err=ECONNRESET upstream=10.0.3.44:8443 (retries exhausted),,,afe94b38196a0adf,,ECONNRESET,10.0.3.44:8443
2026-07-02 21:50:07.634,ERROR,worker,26961,upstream call failed request_id=af0bc89dbe0afe07 err=ECONNRESET upstream=10.0.3.44:8443 (retries exhausted),,,af0bc89dbe0afe07,,ECONNRESET,10.0.3.44:8443
2026-07-02 21:50:15.693,ERROR,worker,26966,upstream call failed request_id=79876c373cb577a9 err=ECONNRESET upstream=10.0.3.44:8443 (retries exhausted),,,79876c373cb577a9,,ECONNRESET,10.0.3.44:8443
2026-07-02 21:50:27.822,ERROR,worker,26969,upstream call failed request_id=28e5aacf290bb1e8 err=ECONNRESET upstream=10.0.3.44:8443 (retries exhausted),,,28e5aacf290bb1e8,,ECONNRESET,10.0.3.44:8443
2026-07-02 21:50:33.180,ERROR,worker,26972,upstream call failed request_id=af5be62970cb677a err=ECONNRESET upstream=10.0.3.44:8443 (retries exhausted),,,af5be62970cb677a,,ECONNRESET,10.0.3.44:8443
2026-07-02 21:50:40.673,ERROR,worker,26974,upstream call failed request_id=bec99763f0876bcd err=ECONNRESET upstream=10.0.3.44:8443 (retries exhausted),,,bec99763f0876bcd,,ECONNRESET,10.0.3.44:8443
2026-07-02 21:51:14.424,ERROR,worker,26985,upstream call failed request_id=63a912cbb2ea33e9 err=ECONNRESET upstream=10.0.3.44:8443 (retries exhausted),,,63a912cbb2ea33e9,,ECONNRESET,10.0.3.44:8443
2026-07-02 21:51:15.056,ERROR,worker,26986,upstream call failed request_id=3064fccd940075ca err=ECONNRESET upstream=10.0.3.44:8443 (retries exhausted),,,3064fccd940075ca,,ECONNRESET,10.0.3.44:8443
2026-07-02 21:51:42.336,ERROR,worker,27000,upstream call failed request_id=bc9bafcc2d219c49 err=ECONNRESET upstream=10.0.3.44:8443 (retries exhausted),,,bc9bafcc2d219c49,,ECONNRESET,10.0.3.44:8443
2026-07-02 21:51:50.000,ERROR,metrics-worker,27006,AnalyticsUploadTimeout: failed to push metrics batch to analytics.internal:9092 (attempt 2/3),,AnalyticsUploadTimeout,,,,
2026-07-02 21:52:08.024,ERROR,worker,27017,upstream call failed request_id=bc3105feb531f9ef err=ECONNRESET upstream=10.0.3.44:8443 (retries exhausted),,,bc3105feb531f9ef,,ECONNRESET,10.0.3.44:8443
2026-07-02 21:52:39.108,ERROR,worker,27029,upstream call failed request_id=f8bb09f792a176c7 err=ECONNRESET upstream=10.0.3.44:8443 (retries exhausted),,,f8bb09f792a176c7,,ECONNRESET,10.0.3.44:8443
2026-07-02 21:52:50.196,ERROR,worker,27035,upstream call failed request_id=59bedaa1714722fd err=ECONNRESET upstream=10.0.3.44:8443 (retries exhausted),,,59bedaa1714722fd,,ECONNRESET,10.0.3.44:8443
2026-07-02 21:53:01.000,ERROR,metrics-worker,27045,AnalyticsUploadTimeout: failed to push metrics batch to analytics.internal:9092 (attempt 1/3),,AnalyticsUploadTimeout,,,,
2026-07-02 21:53:15.444,ERROR,worker,27050,upstream call failed request_id=941a938f6f9c1a46 err=ECONNRESET upstream=10.0.3.44:8443 (retries exhausted),,,941a938f6f9c1a46,,ECONNRESET,10.0.3.44:8443
2026-07-02 21:53:16.331,ERROR,worker,27051,upstream call failed request_id=94ed1883dbc700f9 err=ECONNRESET upstream=10.0.3.44:8443 (retries exhausted),,,94ed1883dbc700f9,,ECONNRESET,10.0.3.44:8443
2026-07-02 21:53:23.276,ERROR,worker,27053,upstream call failed request_id=0bb5365567c076ac err=ECONNRESET upstream=10.0.3.44:8443 (retries exhausted),,,0bb5365567c076ac,,ECONNRESET,10.0.3.44:8443
2026-07-02 21:53:42.734,ERROR,worker,27063,upstream call failed request_id=859669b559100360 err=ECONNRESET upstream=10.0.3.44:8443 (retries exhausted),,,859669b559100360,,ECONNRESET,10.0.3.44:8443
2026-07-02 21:54:21.370,ERROR,worker,27069,upstream call failed request_id=63288d7bf76d66c4 err=ECONNRESET upstream=10.0.3.44:8443 (retries exhausted),,,63288d7bf76d66c4,,ECONNRESET,10.0.3.44:8443
2026-07-02 21:54:24.101,ERROR,worker,27072,upstream call failed request_id=6740b361e0bd5bb9 err=ECONNRESET upstream=10.0.3.44:8443 (retries exhausted),,,6740b361e0bd5bb9,,ECONNRESET,10.0.3.44:8443
2026-07-02 21:54:24.733,ERROR,worker,27073,upstream call failed request_id=d1e075d7e635dbe9 err=ECONNRESET upstream=10.0.3.44:8443 (retries exhausted),,,d1e075d7e635dbe9,,ECONNRESET,10.0.3.44:8443
2026-07-02 21:54:28.277,ERROR,worker,27074,upstream call failed request_id=b6b95da894fc3fc4 err=ECONNRESET upstream=10.0.3.44:8443 (retries exhausted),,,b6b95da894fc3fc4,,ECONNRESET,10.0.3.44:8443
2026-07-02 21:54:37.898,ERROR,worker,27079,upstream call failed request_id=6fbcc60a8a84fa84 err=ECONNRESET upstream=10.0.3.44:8443 (retries exhausted),,,6fbcc60a8a84fa84,,ECONNRESET,10.0.3.44:8443
2026-07-02 21:54:39.619,ERROR,worker,27080,upstream call failed request_id=19d01489c49c28a6 err=ECONNRESET upstream=10.0.3.44:8443 (retries exhausted),,,19d01489c49c28a6,,ECONNRESET,10.0.3.44:8443
2026-07-02 21:54:50.706,ERROR,worker,27084,upstream call failed request_id=170cf6c5acef8fb2 err=ECONNRESET upstream=10.0.3.44:8443 (retries exhausted),,,170cf6c5acef8fb2,,ECONNRESET,10.0.3.44:8443
2026-07-02 21:55:22.000,ERROR,metrics-worker,27097,AnalyticsUploadTimeout: failed to push metrics batch to analytics.internal:9092 (attempt 2/3),,AnalyticsUploadTimeout,,,,
2026-07-02 21:55:26.421,ERROR,worker,27098,upstream call failed request_id=3c6ef8bd78ce150a err=ECONNRESET upstream=10.0.3.44:8443 (retries exhausted),,,3c6ef8bd78ce150a,,ECONNRESET,10.0.3.44:8443
2026-07-02 21:55:34.583,ERROR,worker,27101,upstream call failed request_id=b32693a5a1812bb9 err=ECONNRESET upstream=10.0.3.44:8443 (retries exhausted),,,b32693a5a1812bb9,,ECONNRESET,10.0.3.44:8443
2026-07-02 21:55:59.753,ERROR,worker,27114,upstream call failed request_id=1848c2f5cc15cec7 err=ECONNRESET upstream=10.0.3.44:8443 (retries exhausted),,,1848c2f5cc15cec7,,ECONNRESET,10.0.3.44:8443
2026-07-02 21:56:28.085,ERROR,worker,27123,upstream call failed request_id=8a20e35210263f23 err=ECONNRESET upstream=10.0.3.44:8443 (retries exhausted),,,8a20e35210263f23,,ECONNRESET,10.0.3.44:8443
2026-07-02 21:56:39.253,ERROR,worker,27126,upstream call failed request_id=b6ff03768398137f err=ECONNRESET upstream=10.0.3.44:8443 (retries exhausted),,,b6ff03768398137f,,ECONNRESET,10.0.3.44:8443
2026-07-02 21:56:39.463,ERROR,worker,27127,upstream call failed request_id=e3f5e99bf90ac929 err=ECONNRESET upstream=10.0.3.44:8443 (retries exhausted),,,e3f5e99bf90ac929,,ECONNRESET,10.0.3.44:8443
2026-07-02 21:56:43.521,ERROR,worker,27131,upstream call failed request_id=4c513f1b181651bc err=ECONNRESET upstream=10.0.3.44:8443 (retries exhausted),,,4c513f1b181651bc,,ECONNRESET,10.0.3.44:8443
2026-07-02 21:56:48.825,ERROR,worker,27133,upstream call failed request_id=8aa19156dc6adb43 err=ECONNRESET upstream=10.0.3.44:8443 (retries exhausted),,,8aa19156dc6adb43,,ECONNRESET,10.0.3.44:8443
2026-07-02 21:57:13.000,ERROR,metrics-worker,27140,AnalyticsUploadTimeout: failed to push metrics batch to analytics.internal:9092 (attempt 3/3),,AnalyticsUploadTimeout,,,,
2026-07-02 21:57:16.182,ERROR,worker,27143,upstream call failed request_id=166a3106b7ca4404 err=ECONNRESET upstream=10.0.3.44:8443 (retries exhausted),,,166a3106b7ca4404,,ECONNRESET,10.0.3.44:8443
2026-07-02 21:57:23.496,ERROR,worker,27147,upstream call failed request_id=49f3e06d1fb8a232 err=ECONNRESET upstream=10.0.3.44:8443 (retries exhausted),,,49f3e06d1fb8a232,,ECONNRESET,10.0.3.44:8443
2026-07-02 21:57:29.785,ERROR,worker,27149,upstream call failed request_id=5f1846630c12f11b err=ECONNRESET upstream=10.0.3.44:8443 (retries exhausted),,,5f1846630c12f11b,,ECONNRESET,10.0.3.44:8443
2026-07-02 21:57:42.306,ERROR,worker,27158,upstream call failed request_id=4aa8ab82ee02fd09 err=ECONNRESET upstream=10.0.3.44:8443 (retries exhausted),,,4aa8ab82ee02fd09,,ECONNRESET,10.0.3.44:8443
2026-07-02 21:58:35.000,ERROR,metrics-worker,27173,AnalyticsUploadTimeout: failed to push metrics batch to analytics.internal:9092 (attempt 1/3),,AnalyticsUploadTimeout,,,,
2026-07-02 21:58:36.422,ERROR,worker,27174,upstream call failed request_id=39d9da896fe812d6 err=ECONNRESET upstream=10.0.3.44:8443 (retries exhausted),,,39d9da896fe812d6,,ECONNRESET,10.0.3.44:8443
2026-07-02 21:58:54.102,ERROR,worker,27180,upstream call failed request_id=733d5484d5b70b3e err=ECONNRESET upstream=10.0.3.44:8443 (retries exhausted),,,733d5484d5b70b3e,,ECONNRESET,10.0.3.44:8443
2026-07-02 21:59:32.592,ERROR,worker,27202,upstream call failed request_id=4f555fad1fef6a0c err=ECONNRESET upstream=10.0.3.44:8443 (retries exhausted),,,4f555fad1fef6a0c,,ECONNRESET,10.0.3.44:8443
2026-07-02 21:59:38.999,ERROR,worker,27205,upstream call failed request_id=da630b3c1a65912e err=ECONNRESET upstream=10.0.3.44:8443 (retries exhausted),,,da630b3c1a65912e,,ECONNRESET,10.0.3.44:8443
2026-07-02 21:59:39.659,ERROR,worker,27209,upstream call failed request_id=04373351a2ae023b err=ECONNRESET upstream=10.0.3.44:8443 (retries exhausted),,,04373351a2ae023b,,ECONNRESET,10.0.3.44:8443
2026-07-02 21:59:52.000,ERROR,metrics-worker,27213,AnalyticsUploadTimeout: failed to push metrics batch to analytics.internal:9092 (attempt 2/3),,AnalyticsUploadTimeout,,,,
2026-07-02 21:59:52.082,ERROR,worker,27214,upstream call failed request_id=b6d0d724c3c0fb39 err=ECONNRESET upstream=10.0.3.44:8443 (retries exhausted),,,b6d0d724c3c0fb39,,ECONNRESET,10.0.3.44:8443
2026-07-02 22:00:01.824,ERROR,worker,27218,upstream call failed request_id=0b23e6c83bc58146 err=ECONNRESET upstream=10.0.3.44:8443 (retries exhausted),,,0b23e6c83bc58146,,ECONNRESET,10.0.3.44:8443
2026-07-02 22:01:02.000,ERROR,metrics-worker,27228,AnalyticsUploadTimeout: failed to push metrics batch to analytics.internal:9092 (attempt 3/3),,AnalyticsUploadTimeout,,,,
2026-07-02 22:01:13.193,ERROR,worker,27234,upstream call failed request_id=98653154c0a23501 err=ECONNRESET upstream=10.0.3.44:8443 (retries exhausted),,,98653154c0a23501,,ECONNRESET,10.0.3.44:8443
2026-07-02 22:01:35.684,ERROR,worker,27239,upstream call failed request_id=8c0556c89a46593b err=ECONNRESET upstream=10.0.3.44:8443 (retries exhausted),,,8c0556c89a46593b,,ECONNRESET,10.0.3.44:8443
2026-07-02 22:01:48.841,ERROR,worker,27242,upstream call failed request_id=91ca7ba88a816e18 err=ECONNRESET upstream=10.0.3.44:8443 (retries exhausted),,,91ca7ba88a816e18,,ECONNRESET,10.0.3.44:8443
2026-07-02 22:02:20.285,ERROR,worker,27252,upstream call failed request_id=dd88c2bfc8ac5616 err=ECONNRESET upstream=10.0.3.44:8443 (retries exhausted),,,dd88c2bfc8ac5616,,ECONNRESET,10.0.3.44:8443
2026-07-02 22:02:32.000,ERROR,metrics-worker,27257,AnalyticsUploadTimeout: failed to push metrics batch to analytics.internal:9092 (attempt 2/3),,AnalyticsUploadTimeout,,,,
2026-07-02 22:03:23.876,ERROR,worker,27265,upstream call failed request_id=e6753220c1226e60 err=ECONNRESET upstream=10.0.3.44:8443 (retries exhausted),,,e6753220c1226e60,,ECONNRESET,10.0.3.44:8443
2026-07-02 22:03:43.000,ERROR,metrics-worker,27271,AnalyticsUploadTimeout: failed to push metrics batch to analytics.internal:9092 (attempt 1/3),,AnalyticsUploadTimeout,,,,
2026-07-02 22:05:08.153,ERROR,worker,27301,upstream call failed request_id=99d089efd7cd7be2 err=ECONNRESET upstream=10.0.3.44:8443 (retries exhausted),,,99d089efd7cd7be2,,ECONNRESET,10.0.3.44:8443
2026-07-02 22:05:31.000,ERROR,metrics-worker,27307,AnalyticsUploadTimeout: failed to push metrics batch to analytics.internal:9092 (attempt 3/3),,AnalyticsUploadTimeout,,,,
2026-07-02 22:05:48.469,ERROR,worker,27312,upstream call failed request_id=1b45a3050c5f77b6 err=ECONNRESET upstream=10.0.3.44:8443 (retries exhausted),,,1b45a3050c5f77b6,,ECONNRESET,10.0.3.44:8443
2026-07-02 22:05:51.660,ERROR,worker,27314,upstream call failed request_id=740c5b783b8ab825 err=ECONNRESET upstream=10.0.3.44:8443 (retries exhausted),,,740c5b783b8ab825,,ECONNRESET,10.0.3.44:8443
2026-07-02 22:06:06.058,ERROR,worker,27318,upstream call failed request_id=4bee0f19d150b7d3 err=ECONNRESET upstream=10.0.3.44:8443 (retries exhausted),,,4bee0f19d150b7d3,,ECONNRESET,10.0.3.44:8443
2026-07-02 22:06:29.926,ERROR,worker,27327,upstream call failed request_id=aa593d63b8883ab5 err=ECONNRESET upstream=10.0.3.44:8443 (retries exhausted),,,aa593d63b8883ab5,,ECONNRESET,10.0.3.44:8443
2026-07-02 22:06:43.087,ERROR,worker,27330,upstream call failed request_id=eb47eabcdb1c84d3 err=ECONNRESET upstream=10.0.3.44:8443 (retries exhausted),,,eb47eabcdb1c84d3,,ECONNRESET,10.0.3.44:8443
2026-07-02 22:06:57.577,ERROR,worker,27334,upstream call failed request_id=c93d7d5385833ab5 err=ECONNRESET upstream=10.0.3.44:8443 (retries exhausted),,,c93d7d5385833ab5,,ECONNRESET,10.0.3.44:8443
2026-07-02 22:07:02.044,ERROR,worker,27337,upstream call failed request_id=6d3dac3c11b81c4a err=ECONNRESET upstream=10.0.3.44:8443 (retries exhausted),,,6d3dac3c11b81c4a,,ECONNRESET,10.0.3.44:8443
2026-07-02 22:07:09.000,ERROR,metrics-worker,27340,AnalyticsUploadTimeout: failed to push metrics batch to analytics.internal:9092 (attempt 1/3),,AnalyticsUploadTimeout,,,,
2026-07-02 22:07:17.722,ERROR,worker,27343,upstream call failed request_id=c6895fb623aa8eb3 err=ECONNRESET upstream=10.0.3.44:8443 (retries exhausted),,,c6895fb623aa8eb3,,ECONNRESET,10.0.3.44:8443
2026-07-02 22:07:34.038,ERROR,worker,27345,upstream call failed request_id=34adc5d89e354462 err=ECONNRESET upstream=10.0.3.44:8443 (retries exhausted),,,34adc5d89e354462,,ECONNRESET,10.0.3.44:8443
2026-07-02 22:07:55.958,ERROR,worker,27356,upstream call failed request_id=f253079f9cf89f46 err=ECONNRESET upstream=10.0.3.44:8443 (retries exhausted),,,f253079f9cf89f46,,ECONNRESET,10.0.3.44:8443
2026-07-02 22:08:04.748,ERROR,worker,27359,upstream call failed request_id=58026ba79743f863 err=ECONNRESET upstream=10.0.3.44:8443 (retries exhausted),,,58026ba79743f863,,ECONNRESET,10.0.3.44:8443
2026-07-02 22:08:14.999,ERROR,worker,27362,upstream call failed request_id=655f0cc864693a0d err=ECONNRESET upstream=10.0.3.44:8443 (retries exhausted),,,655f0cc864693a0d,,ECONNRESET,10.0.3.44:8443
2026-07-02 22:08:42.619,ERROR,worker,27368,upstream call failed request_id=a11339bb7b91f8f9 err=ECONNRESET upstream=10.0.3.44:8443 (retries exhausted),,,a11339bb7b91f8f9,,ECONNRESET,10.0.3.44:8443
2026-07-02 22:08:58.077,ERROR,worker,27371,upstream call failed request_id=d490c00bea9595a1 err=ECONNRESET upstream=10.0.3.44:8443 (retries exhausted),,,d490c00bea9595a1,,ECONNRESET,10.0.3.44:8443
2026-07-02 22:09:09.000,ERROR,metrics-worker,27373,AnalyticsUploadTimeout: failed to push metrics batch to analytics.internal:9092 (attempt 1/3),,AnalyticsUploadTimeout,,,,
2026-07-02 22:09:35.477,ERROR,worker,27379,upstream call failed request_id=00617a9e91f74cf8 err=ECONNRESET upstream=10.0.3.44:8443 (retries exhausted),,,00617a9e91f74cf8,,ECONNRESET,10.0.3.44:8443
2026-07-02 22:10:00.638,ERROR,worker,27384,upstream call failed request_id=b18efefae6f8c6eb err=ECONNRESET upstream=10.0.3.44:8443 (retries exhausted),,,b18efefae6f8c6eb,,ECONNRESET,10.0.3.44:8443
2026-07-02 22:10:48.350,ERROR,worker,27394,upstream call failed request_id=b3c5c738fdbe2a6c err=ECONNRESET upstream=10.0.3.44:8443 (retries exhausted),,,b3c5c738fdbe2a6c,,ECONNRESET,10.0.3.44:8443
2026-07-02 22:10:57.000,ERROR,metrics-worker,27400,AnalyticsUploadTimeout: failed to push metrics batch to analytics.internal:9092 (attempt 3/3),,AnalyticsUploadTimeout,,,,
2026-07-02 22:11:16.159,ERROR,worker,27404,upstream call failed request_id=a9ef364040c26407 err=ECONNRESET upstream=10.0.3.44:8443 (retries exhausted),,,a9ef364040c26407,,ECONNRESET,10.0.3.44:8443
2026-07-02 22:11:33.577,ERROR,worker,27409,upstream call failed request_id=4b8fd6460e3b62b8 err=ECONNRESET upstream=10.0.3.44:8443 (retries exhausted),,,4b8fd6460e3b62b8,,ECONNRESET,10.0.3.44:8443
2026-07-02 22:11:46.774,ERROR,worker,27414,upstream call failed request_id=99efdaff6061c26e err=ECONNRESET upstream=10.0.3.44:8443 (retries exhausted),,,99efdaff6061c26e,,ECONNRESET,10.0.3.44:8443
2026-07-02 22:12:27.296,ERROR,worker,27424,upstream call failed request_id=135204ff8aaacd5e err=ECONNRESET upstream=10.0.3.44:8443 (retries exhausted),,,135204ff8aaacd5e,,ECONNRESET,10.0.3.44:8443
2026-07-02 22:12:41.733,ERROR,worker,27428,upstream call failed request_id=b8fae25f051633f1 err=ECONNRESET upstream=10.0.3.44:8443 (retries exhausted),,,b8fae25f051633f1,,ECONNRESET,10.0.3.44:8443
2026-07-02 22:12:51.086,ERROR,worker,27434,upstream call failed request_id=a13ae576085fd429 err=ECONNRESET upstream=10.0.3.44:8443 (retries exhausted),,,a13ae576085fd429,,ECONNRESET,10.0.3.44:8443
2026-07-02 22:13:08.000,ERROR,metrics-worker,27437,AnalyticsUploadTimeout: failed to push metrics batch to analytics.internal:9092 (attempt 1/3),,AnalyticsUploadTimeout,,,,
2026-07-02 22:13:11.887,ERROR,worker,27438,upstream call failed request_id=19ecd674a34618d8 err=ECONNRESET upstream=10.0.3.44:8443 (retries exhausted),,,19ecd674a34618d8,,ECONNRESET,10.0.3.44:8443
2026-07-02 22:13:20.118,ERROR,worker,27444,upstream call failed request_id=72bfb42b29602730 err=ECONNRESET upstream=10.0.3.44:8443 (retries exhausted),,,72bfb42b29602730,,ECONNRESET,10.0.3.44:8443
2026-07-02 22:13:29.474,ERROR,worker,27447,upstream call failed request_id=cfbfcafd895c3e59 err=ECONNRESET upstream=10.0.3.44:8443 (retries exhausted),,,cfbfcafd895c3e59,,ECONNRESET,10.0.3.44:8443
2026-07-02 22:13:50.795,ERROR,worker,27452,upstream call failed request_id=bee2ab72f2fca67a err=ECONNRESET upstream=10.0.3.44:8443 (retries exhausted),,,bee2ab72f2fca67a,,ECONNRESET,10.0.3.44:8443
2026-07-02 22:14:03.011,ERROR,worker,27457,upstream call failed request_id=926057ff50a52466 err=ECONNRESET upstream=10.0.3.44:8443 (retries exhausted),,,926057ff50a52466,,ECONNRESET,10.0.3.44:8443
2026-07-02 22:14:16.881,ERROR,worker,27465,upstream call failed request_id=c8deeebeb0a8790d err=ECONNRESET upstream=10.0.3.44:8443 (retries exhausted),,,c8deeebeb0a8790d,,ECONNRESET,10.0.3.44:8443
2026-07-02 22:14:30.000,ERROR,metrics-worker,27467,AnalyticsUploadTimeout: failed to push metrics batch to analytics.internal:9092 (attempt 2/3),,AnalyticsUploadTimeout,,,,
2026-07-02 22:14:33.600,ERROR,worker,27468,upstream call failed request_id=26a12cf476f28bce err=ECONNRESET upstream=10.0.3.44:8443 (retries exhausted),,,26a12cf476f28bce,,ECONNRESET,10.0.3.44:8443
2026-07-02 22:14:45.850,ERROR,worker,27472,upstream call failed request_id=983a3073f98a633e err=ECONNRESET upstream=10.0.3.44:8443 (retries exhausted),,,983a3073f98a633e,,ECONNRESET,10.0.3.44:8443
2026-07-02 22:14:56.935,ERROR,worker,27475,upstream call failed request_id=e8909818842f39cf err=ECONNRESET upstream=10.0.3.44:8443 (retries exhausted),,,e8909818842f39cf,,ECONNRESET,10.0.3.44:8443
2026-07-02 22:15:25.058,ERROR,worker,27481,upstream call failed request_id=f97d86d444b736ee err=ECONNRESET upstream=10.0.3.44:8443 (retries exhausted),,,f97d86d444b736ee,,ECONNRESET,10.0.3.44:8443
2026-07-02 22:16:17.445,ERROR,worker,27493,upstream call failed request_id=75ccfd8bb7054e35 err=ECONNRESET upstream=10.0.3.44:8443 (retries exhausted),,,75ccfd8bb7054e35,,ECONNRESET,10.0.3.44:8443
2026-07-02 22:16:22.935,ERROR,worker,27496,upstream call failed request_id=bcf9590385b33070 err=ECONNRESET upstream=10.0.3.44:8443 (retries exhausted),,,bcf9590385b33070,,ECONNRESET,10.0.3.44:8443
2026-07-02 22:16:28.050,ERROR,worker,27499,upstream call failed request_id=ab0775f5b5575a2f err=ECONNRESET upstream=10.0.3.44:8443 (retries exhausted),,,ab0775f5b5575a2f,,ECONNRESET,10.0.3.44:8443
2026-07-02 22:16:30.137,ERROR,worker,27500,upstream call failed request_id=d0b8de590b9f8dd0 err=ECONNRESET upstream=10.0.3.44:8443 (retries exhausted),,,d0b8de590b9f8dd0,,ECONNRESET,10.0.3.44:8443
2026-07-02 22:16:39.000,ERROR,metrics-worker,27504,AnalyticsUploadTimeout: failed to push metrics batch to analytics.internal:9092 (attempt 3/3),,AnalyticsUploadTimeout,,,,
2026-07-02 22:17:07.414,ERROR,worker,27511,upstream call failed request_id=e5bfc8044e995f59 err=ECONNRESET upstream=10.0.3.44:8443 (retries exhausted),,,e5bfc8044e995f59,,ECONNRESET,10.0.3.44:8443
2026-07-02 22:17:50.937,ERROR,worker,27518,upstream call failed request_id=ef2397de809d9848 err=ECONNRESET upstream=10.0.3.44:8443 (retries exhausted),,,ef2397de809d9848,,ECONNRESET,10.0.3.44:8443
2026-07-02 22:18:05.594,ERROR,worker,27521,upstream call failed request_id=dd88af6e35f2a984 err=ECONNRESET upstream=10.0.3.44:8443 (retries exhausted),,,dd88af6e35f2a984,,ECONNRESET,10.0.3.44:8443
2026-07-02 22:18:14.398,ERROR,worker,27522,upstream call failed request_id=2a708f436b0727f9 err=ECONNRESET upstream=10.0.3.44:8443 (retries exhausted),,,2a708f436b0727f9,,ECONNRESET,10.0.3.44:8443
2026-07-02 22:18:23.758,ERROR,worker,27523,upstream call failed request_id=263aa4ff4c5d68e0 err=ECONNRESET upstream=10.0.3.44:8443 (retries exhausted),,,263aa4ff4c5d68e0,,ECONNRESET,10.0.3.44:8443
2026-07-02 22:18:28.000,ERROR,metrics-worker,27524,AnalyticsUploadTimeout: failed to push metrics batch to analytics.internal:9092 (attempt 1/3),,AnalyticsUploadTimeout,,,,
2026-07-02 22:18:45.609,ERROR,worker,27529,upstream call failed request_id=0e5bf8cc689b7f85 err=ECONNRESET upstream=10.0.3.44:8443 (retries exhausted),,,0e5bf8cc689b7f85,,ECONNRESET,10.0.3.44:8443
2026-07-02 22:19:03.581,ERROR,worker,27533,upstream call failed request_id=3037512e38f2eea2 err=ECONNRESET upstream=10.0.3.44:8443 (retries exhausted),,,3037512e38f2eea2,,ECONNRESET,10.0.3.44:8443
2026-07-02 22:19:06.186,ERROR,worker,27534,upstream call failed request_id=e6081c1900710873 err=ECONNRESET upstream=10.0.3.44:8443 (retries exhausted),,,e6081c1900710873,,ECONNRESET,10.0.3.44:8443
2026-07-02 22:19:34.056,ERROR,worker,27541,upstream call failed request_id=0e9800d701596640 err=ECONNRESET upstream=10.0.3.44:8443 (retries exhausted),,,0e9800d701596640,,ECONNRESET,10.0.3.44:8443
2026-07-02 22:19:47.619,ERROR,worker,27545,upstream call failed request_id=df7c4a61bd90c7d9 err=ECONNRESET upstream=10.0.3.44:8443 (retries exhausted),,,df7c4a61bd90c7d9,,ECONNRESET,10.0.3.44:8443
2026-07-02 22:19:49.519,ERROR,worker,27547,upstream call failed request_id=f32dc67e3bc0a628 err=ECONNRESET upstream=10.0.3.44:8443 (retries exhausted),,,f32dc67e3bc0a628,,ECONNRESET,10.0.3.44:8443
2026-07-02 22:20:11.816,ERROR,worker,27554,upstream call failed request_id=4df5c646971777a0 err=ECONNRESET upstream=10.0.3.44:8443 (retries exhausted),,,4df5c646971777a0,,ECONNRESET,10.0.3.44:8443
2026-07-02 22:20:30.000,ERROR,metrics-worker,27560,AnalyticsUploadTimeout: failed to push metrics batch to analytics.internal:9092 (attempt 1/3),,AnalyticsUploadTimeout,,,,
2026-07-02 22:20:40.701,ERROR,worker,27566,upstream call failed request_id=de85b685a1d44623 err=ECONNRESET upstream=10.0.3.44:8443 (retries exhausted),,,de85b685a1d44623,,ECONNRESET,10.0.3.44:8443
2026-07-02 22:20:55.859,ERROR,worker,27570,upstream call failed request_id=0f5dbe5a087d23c4 err=ECONNRESET upstream=10.0.3.44:8443 (retries exhausted),,,0f5dbe5a087d23c4,,ECONNRESET,10.0.3.44:8443
2026-07-02 22:21:04.407,ERROR,worker,27572,upstream call failed request_id=758ebce990f86a0b err=ECONNRESET upstream=10.0.3.44:8443 (retries exhausted),,,758ebce990f86a0b,,ECONNRESET,10.0.3.44:8443
2026-07-02 22:21:10.599,ERROR,worker,27573,upstream call failed request_id=0eaaf6e06c7867ed err=ECONNRESET upstream=10.0.3.44:8443 (retries exhausted),,,0eaaf6e06c7867ed,,ECONNRESET,10.0.3.44:8443
2026-07-02 22:21:26.378,ERROR,worker,27578,upstream call failed request_id=a147862edbb5c2b3 err=ECONNRESET upstream=10.0.3.44:8443 (retries exhausted),,,a147862edbb5c2b3,,ECONNRESET,10.0.3.44:8443
2026-07-02 22:21:47.475,ERROR,worker,27586,upstream call failed request_id=7858fb8a90aac8d7 err=ECONNRESET upstream=10.0.3.44:8443 (retries exhausted),,,7858fb8a90aac8d7,,ECONNRESET,10.0.3.44:8443
2026-07-02 22:21:57.916,ERROR,worker,27588,upstream call failed request_id=f0647602db3db363 err=ECONNRESET upstream=10.0.3.44:8443 (retries exhausted),,,f0647602db3db363,,ECONNRESET,10.0.3.44:8443
2026-07-02 22:21:58.586,ERROR,worker,27589,upstream call failed request_id=f48a0fbd76bbf405 err=ECONNRESET upstream=10.0.3.44:8443 (retries exhausted),,,f48a0fbd76bbf405,,ECONNRESET,10.0.3.44:8443
2026-07-02 22:22:24.000,ERROR,metrics-worker,27597,AnalyticsUploadTimeout: failed to push metrics batch to analytics.internal:9092 (attempt 1/3),,AnalyticsUploadTimeout,,,,
2026-07-02 22:23:14.585,ERROR,worker,27613,upstream call failed request_id=ca77ae2e0ffdc2df err=ECONNRESET upstream=10.0.3.44:8443 (retries exhausted),,,ca77ae2e0ffdc2df,,ECONNRESET,10.0.3.44:8443
2026-07-02 22:23:34.794,ERROR,worker,27620,upstream call failed request_id=9c844bd5c4af3ffe err=ECONNRESET upstream=10.0.3.44:8443 (retries exhausted),,,9c844bd5c4af3ffe,,ECONNRESET,10.0.3.44:8443
2026-07-02 22:23:37.101,ERROR,worker,27622,upstream call failed request_id=5175852970eb5f94 err=ECONNRESET upstream=10.0.3.44:8443 (retries exhausted),,,5175852970eb5f94,,ECONNRESET,10.0.3.44:8443
2026-07-02 22:23:44.291,ERROR,worker,27624,upstream call failed request_id=13380b63f7f614ad err=ECONNRESET upstream=10.0.3.44:8443 (retries exhausted),,,13380b63f7f614ad,,ECONNRESET,10.0.3.44:8443
2026-07-02 22:24:12.000,ERROR,metrics-worker,27631,AnalyticsUploadTimeout: failed to push metrics batch to analytics.internal:9092 (attempt 3/3),,AnalyticsUploadTimeout,,,,
2026-07-02 22:24:33.461,ERROR,worker,27638,upstream call failed request_id=d1c78d1c381c04dc err=ECONNRESET upstream=10.0.3.44:8443 (retries exhausted),,,d1c78d1c381c04dc,,ECONNRESET,10.0.3.44:8443
2026-07-02 22:24:39.115,ERROR,worker,27639,upstream call failed request_id=d096d5b0aa5ad5f5 err=ECONNRESET upstream=10.0.3.44:8443 (retries exhausted),,,d096d5b0aa5ad5f5,,ECONNRESET,10.0.3.44:8443
2026-07-02 22:24:58.853,ERROR,worker,27644,upstream call failed request_id=fc74b42a15bdf86e err=ECONNRESET upstream=10.0.3.44:8443 (retries exhausted),,,fc74b42a15bdf86e,,ECONNRESET,10.0.3.44:8443
2026-07-02 22:25:16.231,ERROR,worker,27648,upstream call failed request_id=f441dd3685dc6abf err=ECONNRESET upstream=10.0.3.44:8443 (retries exhausted),,,f441dd3685dc6abf,,ECONNRESET,10.0.3.44:8443
2026-07-02 22:26:06.125,ERROR,worker,27659,upstream call failed request_id=5697e61c813a6acc err=ECONNRESET upstream=10.0.3.44:8443 (retries exhausted),,,5697e61c813a6acc,,ECONNRESET,10.0.3.44:8443
2026-07-02 22:26:31.000,ERROR,metrics-worker,27664,AnalyticsUploadTimeout: failed to push metrics batch to analytics.internal:9092 (attempt 3/3),,AnalyticsUploadTimeout,,,,
2026-07-02 22:26:33.863,ERROR,worker,27666,upstream call failed request_id=77ae287ce7224f41 err=ECONNRESET upstream=10.0.3.44:8443 (retries exhausted),,,77ae287ce7224f41,,ECONNRESET,10.0.3.44:8443
2026-07-02 22:27:49.000,ERROR,metrics-worker,27682,AnalyticsUploadTimeout: failed to push metrics batch to analytics.internal:9092 (attempt 2/3),,AnalyticsUploadTimeout,,,,
2026-07-02 22:28:19.182,ERROR,worker,27687,upstream call failed request_id=523d99e5b85fa893 err=ECONNRESET upstream=10.0.3.44:8443 (retries exhausted),,,523d99e5b85fa893,,ECONNRESET,10.0.3.44:8443
2026-07-02 22:28:27.868,ERROR,worker,27688,upstream call failed request_id=13e198a2a6692a89 err=ECONNRESET upstream=10.0.3.44:8443 (retries exhausted),,,13e198a2a6692a89,,ECONNRESET,10.0.3.44:8443
2026-07-02 22:28:49.866,ERROR,worker,27694,upstream call failed request_id=603f2529e807d671 err=ECONNRESET upstream=10.0.3.44:8443 (retries exhausted),,,603f2529e807d671,,ECONNRESET,10.0.3.44:8443
2026-07-02 22:29:13.997,ERROR,worker,27700,upstream call failed request_id=cba91262839b7ac1 err=ECONNRESET upstream=10.0.3.44:8443 (retries exhausted),,,cba91262839b7ac1,,ECONNRESET,10.0.3.44:8443
2026-07-02 22:29:21.914,ERROR,worker,27701,upstream call failed request_id=89fb918d7b7faa7e err=ECONNRESET upstream=10.0.3.44:8443 (retries exhausted),,,89fb918d7b7faa7e,,ECONNRESET,10.0.3.44:8443
2026-07-02 22:29:34.984,ERROR,worker,27703,upstream call failed request_id=10dea1ffe8f74984 err=ECONNRESET upstream=10.0.3.44:8443 (retries exhausted),,,10dea1ffe8f74984,,ECONNRESET,10.0.3.44:8443
2026-07-02 22:29:38.215,ERROR,worker,27704,upstream call failed request_id=1f54d8dd565b301a err=ECONNRESET upstream=10.0.3.44:8443 (retries exhausted),,,1f54d8dd565b301a,,ECONNRESET,10.0.3.44:8443
2026-07-02 22:29:43.163,ERROR,worker,27707,upstream call failed request_id=04fd759cd60e9b0a err=ECONNRESET upstream=10.0.3.44:8443 (retries exhausted),,,04fd759cd60e9b0a,,ECONNRESET,10.0.3.44:8443
2026-07-02 22:29:48.235,ERROR,worker,27709,upstream call failed request_id=cc90083527a3b5b2 err=ECONNRESET upstream=10.0.3.44:8443 (retries exhausted),,,cc90083527a3b5b2,,ECONNRESET,10.0.3.44:8443
2026-07-02 22:30:03.000,ERROR,metrics-worker,27714,AnalyticsUploadTimeout: failed to push metrics batch to analytics.internal:9092 (attempt 3/3),,AnalyticsUploadTimeout,,,,
2026-07-02 22:30:14.129,ERROR,worker,27716,upstream call failed request_id=3c7e1a49bf08450f err=ECONNRESET upstream=10.0.3.44:8443 (retries exhausted),,,3c7e1a49bf08450f,,ECONNRESET,10.0.3.44:8443
2026-07-02 22:31:17.576,ERROR,worker,27726,upstream call failed request_id=ee65c3b1f86e889b err=ECONNRESET upstream=10.0.3.44:8443 (retries exhausted),,,ee65c3b1f86e889b,,ECONNRESET,10.0.3.44:8443
2026-07-02 22:31:31.519,ERROR,worker,27732,upstream call failed request_id=30cc67ed6f1ca1cb err=ECONNRESET upstream=10.0.3.44:8443 (retries exhausted),,,30cc67ed6f1ca1cb,,ECONNRESET,10.0.3.44:8443
2026-07-02 22:31:48.871,ERROR,worker,27737,upstream call failed request_id=447f1ddd74514df8 err=ECONNRESET upstream=10.0.3.44:8443 (retries exhausted),,,447f1ddd74514df8,,ECONNRESET,10.0.3.44:8443
2026-07-02 22:31:51.455,ERROR,worker,27738,upstream call failed request_id=645f48929fc8ea6b err=ECONNRESET upstream=10.0.3.44:8443 (retries exhausted),,,645f48929fc8ea6b,,ECONNRESET,10.0.3.44:8443
2026-07-02 22:31:58.000,ERROR,metrics-worker,27742,AnalyticsUploadTimeout: failed to push metrics batch to analytics.internal:9092 (attempt 2/3),,AnalyticsUploadTimeout,,,,
2026-07-02 22:32:10.174,ERROR,worker,27744,upstream call failed request_id=ffba8ae75e987378 err=ECONNRESET upstream=10.0.3.44:8443 (retries exhausted),,,ffba8ae75e987378,,ECONNRESET,10.0.3.44:8443
2026-07-02 22:32:23.105,ERROR,worker,27747,upstream call failed request_id=95db4a55507c4e1c err=ECONNRESET upstream=10.0.3.44:8443 (retries exhausted),,,95db4a55507c4e1c,,ECONNRESET,10.0.3.44:8443
2026-07-02 22:32:45.190,ERROR,worker,27756,upstream call failed request_id=c223d05a6718ceda err=ECONNRESET upstream=10.0.3.44:8443 (retries exhausted),,,c223d05a6718ceda,,ECONNRESET,10.0.3.44:8443
2026-07-02 22:33:03.607,ERROR,worker,27763,upstream call failed request_id=dac3a15dd030c386 err=ECONNRESET upstream=10.0.3.44:8443 (retries exhausted),,,dac3a15dd030c386,,ECONNRESET,10.0.3.44:8443
2026-07-02 22:33:13.000,ERROR,metrics-worker,27765,AnalyticsUploadTimeout: failed to push metrics batch to analytics.internal:9092 (attempt 1/3),,AnalyticsUploadTimeout,,,,
2026-07-02 22:33:18.834,ERROR,worker,27766,upstream call failed request_id=7e2048885f798c80 err=ECONNRESET upstream=10.0.3.44:8443 (retries exhausted),,,7e2048885f798c80,,ECONNRESET,10.0.3.44:8443
2026-07-02 22:33:48.459,ERROR,worker,27776,upstream call failed request_id=bcee0d650f4b7f3c err=ECONNRESET upstream=10.0.3.44:8443 (retries exhausted),,,bcee0d650f4b7f3c,,ECONNRESET,10.0.3.44:8443
2026-07-02 22:34:24.253,ERROR,worker,27787,upstream call failed request_id=51c60b3711d263e1 err=ECONNRESET upstream=10.0.3.44:8443 (retries exhausted),,,51c60b3711d263e1,,ECONNRESET,10.0.3.44:8443
2026-07-02 22:34:51.937,ERROR,worker,27794,upstream call failed request_id=890c3fa679db556d err=ECONNRESET upstream=10.0.3.44:8443 (retries exhausted),,,890c3fa679db556d,,ECONNRESET,10.0.3.44:8443
2026-07-02 22:34:52.789,ERROR,worker,27795,upstream call failed request_id=d136b2c5dddd8dd1 err=ECONNRESET upstream=10.0.3.44:8443 (retries exhausted),,,d136b2c5dddd8dd1,,ECONNRESET,10.0.3.44:8443
2026-07-02 22:35:10.000,ERROR,metrics-worker,27800,AnalyticsUploadTimeout: failed to push metrics batch to analytics.internal:9092 (attempt 2/3),,AnalyticsUploadTimeout,,,,
2026-07-02 22:35:32.994,ERROR,worker,27805,upstream call failed request_id=a2c64674861cad56 err=ECONNRESET upstream=10.0.3.44:8443 (retries exhausted),,,a2c64674861cad56,,ECONNRESET,10.0.3.44:8443
2026-07-02 22:35:37.719,ERROR,worker,27807,upstream call failed request_id=9a31641ba840416c err=ECONNRESET upstream=10.0.3.44:8443 (retries exhausted),,,9a31641ba840416c,,ECONNRESET,10.0.3.44:8443
2026-07-02 22:36:03.144,ERROR,worker,27814,upstream call failed request_id=394d2c947caffe1b err=ECONNRESET upstream=10.0.3.44:8443 (retries exhausted),,,394d2c947caffe1b,,ECONNRESET,10.0.3.44:8443
2026-07-02 22:36:45.263,ERROR,worker,27825,upstream call failed request_id=9b68833a6f6fdbaa err=ECONNRESET upstream=10.0.3.44:8443 (retries exhausted),,,9b68833a6f6fdbaa,,ECONNRESET,10.0.3.44:8443
2026-07-02 22:36:50.202,ERROR,worker,27826,upstream call failed request_id=ded712b859e47bac err=ECONNRESET upstream=10.0.3.44:8443 (retries exhausted),,,ded712b859e47bac,,ECONNRESET,10.0.3.44:8443
2026-07-02 22:37:06.550,ERROR,worker,27828,upstream call failed request_id=0596215b12a4660b err=ECONNRESET upstream=10.0.3.44:8443 (retries exhausted),,,0596215b12a4660b,,ECONNRESET,10.0.3.44:8443
2026-07-02 22:37:13.000,ERROR,metrics-worker,27830,AnalyticsUploadTimeout: failed to push metrics batch to analytics.internal:9092 (attempt 1/3),,AnalyticsUploadTimeout,,,,
2026-07-02 22:37:46.442,ERROR,worker,27835,upstream call failed request_id=68439bbc38639ed9 err=ECONNRESET upstream=10.0.3.44:8443 (retries exhausted),,,68439bbc38639ed9,,ECONNRESET,10.0.3.44:8443
2026-07-02 22:37:52.258,ERROR,worker,27837,upstream call failed request_id=ed1d1e8018acdbcd err=ECONNRESET upstream=10.0.3.44:8443 (retries exhausted),,,ed1d1e8018acdbcd,,ECONNRESET,10.0.3.44:8443
2026-07-02 22:38:09.038,ERROR,worker,27844,upstream call failed request_id=00d8d94c36607083 err=ECONNRESET upstream=10.0.3.44:8443 (retries exhausted),,,00d8d94c36607083,,ECONNRESET,10.0.3.44:8443
2026-07-02 22:38:19.222,ERROR,worker,27845,upstream call failed request_id=3154839a59f7a201 err=ECONNRESET upstream=10.0.3.44:8443 (retries exhausted),,,3154839a59f7a201,,ECONNRESET,10.0.3.44:8443
2026-07-02 22:38:22.126,ERROR,worker,27846,upstream call failed request_id=2521e6fea8c80d22 err=ECONNRESET upstream=10.0.3.44:8443 (retries exhausted),,,2521e6fea8c80d22,,ECONNRESET,10.0.3.44:8443
2026-07-02 22:38:42.398,ERROR,worker,27853,upstream call failed request_id=18f57a5fa5ba98ba err=ECONNRESET upstream=10.0.3.44:8443 (retries exhausted),,,18f57a5fa5ba98ba,,ECONNRESET,10.0.3.44:8443
2026-07-02 22:39:18.000,ERROR,metrics-worker,27862,AnalyticsUploadTimeout: failed to push metrics batch to analytics.internal:9092 (attempt 2/3),,AnalyticsUploadTimeout,,,,
2026-07-02 22:39:37.714,ERROR,worker,27868,upstream call failed request_id=3889b272258e34da err=ECONNRESET upstream=10.0.3.44:8443 (retries exhausted),,,3889b272258e34da,,ECONNRESET,10.0.3.44:8443
2026-07-02 22:39:54.220,ERROR,worker,27872,upstream call failed request_id=a03d8f91603ebcb8 err=ECONNRESET upstream=10.0.3.44:8443 (retries exhausted),,,a03d8f91603ebcb8,,ECONNRESET,10.0.3.44:8443
2026-07-02 22:40:54.000,ERROR,metrics-worker,27881,AnalyticsUploadTimeout: failed to push metrics batch to analytics.internal:9092 (attempt 3/3),,AnalyticsUploadTimeout,,,,
2026-07-02 22:41:09.952,ERROR,worker,27890,upstream call failed request_id=94e839e6bde8dadb err=ECONNRESET upstream=10.0.3.44:8443 (retries exhausted),,,94e839e6bde8dadb,,ECONNRESET,10.0.3.44:8443
2026-07-02 22:41:12.221,ERROR,worker,27891,upstream call failed request_id=190193c767fb4076 err=ECONNRESET upstream=10.0.3.44:8443 (retries exhausted),,,190193c767fb4076,,ECONNRESET,10.0.3.44:8443
2026-07-02 22:41:17.372,ERROR,worker,27894,upstream call failed request_id=36ca0952e28300f5 err=ECONNRESET upstream=10.0.3.44:8443 (retries exhausted),,,36ca0952e28300f5,,ECONNRESET,10.0.3.44:8443
2026-07-02 22:42:52.000,ERROR,metrics-worker,27918,AnalyticsUploadTimeout: failed to push metrics batch to analytics.internal:9092 (attempt 1/3),,AnalyticsUploadTimeout,,,,
2026-07-02 22:44:26.000,ERROR,metrics-worker,27936,AnalyticsUploadTimeout: failed to push metrics batch to analytics.internal:9092 (attempt 1/3),,AnalyticsUploadTimeout,,,,
2026-07-02 22:44:46.866,ERROR,worker,27943,upstream call failed request_id=a7d9af48cf463bb9 err=ECONNRESET upstream=10.0.3.44:8443 (retries exhausted),,,a7d9af48cf463bb9,,ECONNRESET,10.0.3.44:8443
2026-07-02 22:45:03.471,ERROR,worker,27947,upstream call failed request_id=c0d9d75549d91c73 err=ECONNRESET upstream=10.0.3.44:8443 (retries exhausted),,,c0d9d75549d91c73,,ECONNRESET,10.0.3.44:8443
2026-07-02 22:45:38.000,ERROR,metrics-worker,27959,AnalyticsUploadTimeout: failed to push metrics batch to analytics.internal:9092 (attempt 2/3),,AnalyticsUploadTimeout,,,,
2026-07-02 22:45:45.693,ERROR,worker,27961,upstream call failed request_id=847e93d601bdd6fd err=ECONNRESET upstream=10.0.3.44:8443 (retries exhausted),,,847e93d601bdd6fd,,ECONNRESET,10.0.3.44:8443
2026-07-02 22:46:06.309,ERROR,worker,27964,upstream call failed request_id=42ee10421293fbba err=ECONNRESET upstream=10.0.3.44:8443 (retries exhausted),,,42ee10421293fbba,,ECONNRESET,10.0.3.44:8443
2026-07-02 22:46:11.235,ERROR,worker,27967,upstream call failed request_id=08b3b1d9bb7e8a55 err=ECONNRESET upstream=10.0.3.44:8443 (retries exhausted),,,08b3b1d9bb7e8a55,,ECONNRESET,10.0.3.44:8443
2026-07-02 22:47:02.000,ERROR,metrics-worker,27976,AnalyticsUploadTimeout: failed to push metrics batch to analytics.internal:9092 (attempt 2/3),,AnalyticsUploadTimeout,,,,
2026-07-02 22:47:02.631,ERROR,worker,27977,upstream call failed request_id=621ca565dd41a0f0 err=ECONNRESET upstream=10.0.3.44:8443 (retries exhausted),,,621ca565dd41a0f0,,ECONNRESET,10.0.3.44:8443
2026-07-02 22:47:13.532,ERROR,worker,27982,upstream call failed request_id=5521dfb19308eabd err=ECONNRESET upstream=10.0.3.44:8443 (retries exhausted),,,5521dfb19308eabd,,ECONNRESET,10.0.3.44:8443
2026-07-02 22:47:36.503,ERROR,worker,27988,upstream call failed request_id=a362898469e2b450 err=ECONNRESET upstream=10.0.3.44:8443 (retries exhausted),,,a362898469e2b450,,ECONNRESET,10.0.3.44:8443
2026-07-02 22:48:03.323,ERROR,worker,27993,upstream call failed request_id=a6bd9b1ea2b26a66 err=ECONNRESET upstream=10.0.3.44:8443 (retries exhausted),,,a6bd9b1ea2b26a66,,ECONNRESET,10.0.3.44:8443
2026-07-02 22:48:08.587,ERROR,worker,27994,upstream call failed request_id=ec51708cecad7ffe err=ECONNRESET upstream=10.0.3.44:8443 (retries exhausted),,,ec51708cecad7ffe,,ECONNRESET,10.0.3.44:8443
2026-07-02 22:49:12.000,ERROR,metrics-worker,28005,AnalyticsUploadTimeout: failed to push metrics batch to analytics.internal:9092 (attempt 3/3),,AnalyticsUploadTimeout,,,,
2026-07-02 22:49:20.317,ERROR,worker,28006,upstream call failed request_id=8a7fe678ad3e1a64 err=ECONNRESET upstream=10.0.3.44:8443 (retries exhausted),,,8a7fe678ad3e1a64,,ECONNRESET,10.0.3.44:8443
2026-07-02 22:49:23.268,ERROR,worker,28008,upstream call failed request_id=b4751c0a953dd39b err=ECONNRESET upstream=10.0.3.44:8443 (retries exhausted),,,b4751c0a953dd39b,,ECONNRESET,10.0.3.44:8443
2026-07-02 22:49:56.183,ERROR,worker,28017,upstream call failed request_id=ca792b53301f9afa err=ECONNRESET upstream=10.0.3.44:8443 (retries exhausted),,,ca792b53301f9afa,,ECONNRESET,10.0.3.44:8443
2026-07-02 22:50:05.828,ERROR,worker,28019,upstream call failed request_id=df240258993e2b99 err=ECONNRESET upstream=10.0.3.44:8443 (retries exhausted),,,df240258993e2b99,,ECONNRESET,10.0.3.44:8443
2026-07-02 22:50:24.000,ERROR,metrics-worker,28023,AnalyticsUploadTimeout: failed to push metrics batch to analytics.internal:9092 (attempt 2/3),,AnalyticsUploadTimeout,,,,
2026-07-02 22:50:38.400,ERROR,worker,28026,upstream call failed request_id=c584aafe0290368e err=ECONNRESET upstream=10.0.3.44:8443 (retries exhausted),,,c584aafe0290368e,,ECONNRESET,10.0.3.44:8443
2026-07-02 22:50:39.141,ERROR,worker,28027,upstream call failed request_id=060bc40a739dc4a0 err=ECONNRESET upstream=10.0.3.44:8443 (retries exhausted),,,060bc40a739dc4a0,,ECONNRESET,10.0.3.44:8443
2026-07-02 22:52:11.409,ERROR,worker,28055,upstream call failed request_id=767d3ba2e375214e err=ECONNRESET upstream=10.0.3.44:8443 (retries exhausted),,,767d3ba2e375214e,,ECONNRESET,10.0.3.44:8443
2026-07-02 22:52:13.869,ERROR,worker,28056,upstream call failed request_id=6dcbe49fb73e7d71 err=ECONNRESET upstream=10.0.3.44:8443 (retries exhausted),,,6dcbe49fb73e7d71,,ECONNRESET,10.0.3.44:8443
2026-07-02 22:52:53.000,ERROR,metrics-worker,28064,AnalyticsUploadTimeout: failed to push metrics batch to analytics.internal:9092 (attempt 3/3),,AnalyticsUploadTimeout,,,,
2026-07-02 22:53:19.877,ERROR,worker,28076,upstream call failed request_id=7caa2bbef0142183 err=ECONNRESET upstream=10.0.3.44:8443 (retries exhausted),,,7caa2bbef0142183,,ECONNRESET,10.0.3.44:8443
2026-07-02 22:53:56.788,ERROR,worker,28083,upstream call failed request_id=1a67c5cbd7f64610 err=ECONNRESET upstream=10.0.3.44:8443 (retries exhausted),,,1a67c5cbd7f64610,,ECONNRESET,10.0.3.44:8443
2026-07-02 22:54:05.000,ERROR,metrics-worker,28085,AnalyticsUploadTimeout: failed to push metrics batch to analytics.internal:9092 (attempt 3/3),,AnalyticsUploadTimeout,,,,
2026-07-02 22:54:59.230,ERROR,worker,28094,upstream call failed request_id=718e75ebfbb220f5 err=ECONNRESET upstream=10.0.3.44:8443 (retries exhausted),,,718e75ebfbb220f5,,ECONNRESET,10.0.3.44:8443
2026-07-02 22:55:50.000,ERROR,metrics-worker,28105,AnalyticsUploadTimeout: failed to push metrics batch to analytics.internal:9092 (attempt 2/3),,AnalyticsUploadTimeout,,,,
2026-07-02 22:55:53.992,ERROR,worker,28106,upstream call failed request_id=b31decf5bcbc32b5 err=ECONNRESET upstream=10.0.3.44:8443 (retries exhausted),,,b31decf5bcbc32b5,,ECONNRESET,10.0.3.44:8443
2026-07-02 22:57:10.133,ERROR,worker,28124,upstream call failed request_id=202385f3333affcc err=ECONNRESET upstream=10.0.3.44:8443 (retries exhausted),,,202385f3333affcc,,ECONNRESET,10.0.3.44:8443
2026-07-02 22:57:11.304,ERROR,worker,28125,upstream call failed request_id=53e1e1e00ff31e76 err=ECONNRESET upstream=10.0.3.44:8443 (retries exhausted),,,53e1e1e00ff31e76,,ECONNRESET,10.0.3.44:8443
2026-07-02 22:57:19.000,ERROR,metrics-worker,28127,AnalyticsUploadTimeout: failed to push metrics batch to analytics.internal:9092 (attempt 1/3),,AnalyticsUploadTimeout,,,,
2026-07-02 22:57:40.450,ERROR,worker,28132,upstream call failed request_id=c2d339c174709f2a err=ECONNRESET upstream=10.0.3.44:8443 (retries exhausted),,,c2d339c174709f2a,,ECONNRESET,10.0.3.44:8443
2026-07-02 22:57:47.918,ERROR,worker,28136,upstream call failed request_id=eb02c4e80cb12b2b err=ECONNRESET upstream=10.0.3.44:8443 (retries exhausted),,,eb02c4e80cb12b2b,,ECONNRESET,10.0.3.44:8443
2026-07-02 22:58:36.778,ERROR,worker,28148,upstream call failed request_id=15f2f0d98bdab0c9 err=ECONNRESET upstream=10.0.3.44:8443 (retries exhausted),,,15f2f0d98bdab0c9,,ECONNRESET,10.0.3.44:8443
2026-07-02 22:58:53.000,ERROR,metrics-worker,28152,AnalyticsUploadTimeout: failed to push metrics batch to analytics.internal:9092 (attempt 2/3),,AnalyticsUploadTimeout,,,,
2026-07-02 22:59:05.516,ERROR,worker,28159,upstream call failed request_id=55e3ee140ed20865 err=ECONNRESET upstream=10.0.3.44:8443 (retries exhausted),,,55e3ee140ed20865,,ECONNRESET,10.0.3.44:8443
2026-07-02 22:59:21.593,ERROR,worker,28162,upstream call failed request_id=9b303985500f31c5 err=ECONNRESET upstream=10.0.3.44:8443 (retries exhausted),,,9b303985500f31c5,,ECONNRESET,10.0.3.44:8443
2026-07-02 22:59:25.245,ERROR,worker,28164,upstream call failed request_id=d21b043fd0319497 err=ECONNRESET upstream=10.0.3.44:8443 (retries exhausted),,,d21b043fd0319497,,ECONNRESET,10.0.3.44:8443
2026-07-02 22:59:48.435,ERROR,worker,28170,upstream call failed request_id=ea02f8d247b9e77e err=ECONNRESET upstream=10.0.3.44:8443 (retries exhausted),,,ea02f8d247b9e77e,,ECONNRESET,10.0.3.44:8443
2026-07-02 22:59:52.065,ERROR,worker,28171,upstream call failed request_id=029a9f6a54fc4a2c err=ECONNRESET upstream=10.0.3.44:8443 (retries exhausted),,,029a9f6a54fc4a2c,,ECONNRESET,10.0.3.44:8443
2026-07-02 23:00:23.000,ERROR,metrics-worker,28177,AnalyticsUploadTimeout: failed to push metrics batch to analytics.internal:9092 (attempt 3/3),,AnalyticsUploadTimeout,,,,
2026-07-02 23:00:24.847,ERROR,worker,28179,upstream call failed request_id=7ab00153473feb05 err=ECONNRESET upstream=10.0.3.44:8443 (retries exhausted),,,7ab00153473feb05,,ECONNRESET,10.0.3.44:8443
2026-07-02 23:02:43.000,ERROR,metrics-worker,28198,AnalyticsUploadTimeout: failed to push metrics batch to analytics.internal:9092 (attempt 3/3),,AnalyticsUploadTimeout,,,,
2026-07-02 23:03:18.234,ERROR,worker,28202,upstream call failed request_id=f49662f54cc5cbe1 err=ECONNRESET upstream=10.0.3.44:8443 (retries exhausted),,,f49662f54cc5cbe1,,ECONNRESET,10.0.3.44:8443
2026-07-02 23:03:19.316,ERROR,worker,28203,upstream call failed request_id=2534115d13ed71bf err=ECONNRESET upstream=10.0.3.44:8443 (retries exhausted),,,2534115d13ed71bf,,ECONNRESET,10.0.3.44:8443
2026-07-02 23:03:44.605,ERROR,worker,28205,upstream call failed request_id=901d2ae6c553b77c err=ECONNRESET upstream=10.0.3.44:8443 (retries exhausted),,,901d2ae6c553b77c,,ECONNRESET,10.0.3.44:8443
2026-07-02 23:04:09.054,ERROR,worker,28211,upstream call failed request_id=308bc2913b0dfba8 err=ECONNRESET upstream=10.0.3.44:8443 (retries exhausted),,,308bc2913b0dfba8,,ECONNRESET,10.0.3.44:8443
2026-07-02 23:04:39.000,ERROR,metrics-worker,28213,AnalyticsUploadTimeout: failed to push metrics batch to analytics.internal:9092 (attempt 1/3),,AnalyticsUploadTimeout,,,,
2026-07-02 23:05:35.194,ERROR,worker,28218,upstream call failed request_id=8932c0598beb8f01 err=ECONNRESET upstream=10.0.3.44:8443 (retries exhausted),,,8932c0598beb8f01,,ECONNRESET,10.0.3.44:8443
2026-07-02 23:06:05.197,ERROR,worker,28224,upstream call failed request_id=ec4a9a05f7d1eea3 err=ECONNRESET upstream=10.0.3.44:8443 (retries exhausted),,,ec4a9a05f7d1eea3,,ECONNRESET,10.0.3.44:8443
2026-07-02 23:06:20.000,ERROR,metrics-worker,28230,AnalyticsUploadTimeout: failed to push metrics batch to analytics.internal:9092 (attempt 3/3),,AnalyticsUploadTimeout,,,,
2026-07-02 23:07:29.088,ERROR,worker,28241,upstream call failed request_id=283d46a3a01338a0 err=ECONNRESET upstream=10.0.3.44:8443 (retries exhausted),,,283d46a3a01338a0,,ECONNRESET,10.0.3.44:8443
2026-07-02 23:07:34.376,ERROR,worker,28242,upstream call failed request_id=f19bdd34f2950c89 err=ECONNRESET upstream=10.0.3.44:8443 (retries exhausted),,,f19bdd34f2950c89,,ECONNRESET,10.0.3.44:8443
2026-07-02 23:08:46.000,ERROR,metrics-worker,28249,AnalyticsUploadTimeout: failed to push metrics batch to analytics.internal:9092 (attempt 2/3),,AnalyticsUploadTimeout,,,,
2026-07-02 23:09:56.000,ERROR,metrics-worker,28257,AnalyticsUploadTimeout: failed to push metrics batch to analytics.internal:9092 (attempt 1/3),,AnalyticsUploadTimeout,,,,
2026-07-02 23:10:11.090,ERROR,worker,28259,upstream call failed request_id=81918547197c4a4a err=ECONNRESET upstream=10.0.3.44:8443 (retries exhausted),,,81918547197c4a4a,,ECONNRESET,10.0.3.44:8443
2026-07-02 23:10:29.604,ERROR,worker,28262,upstream call failed request_id=9aa1ca728ab33a1c err=ECONNRESET upstream=10.0.3.44:8443 (retries exhausted),,,9aa1ca728ab33a1c,,ECONNRESET,10.0.3.44:8443
2026-07-02 23:11:42.213,ERROR,worker,28272,upstream call failed request_id=d67c89951709e0a9 err=ECONNRESET upstream=10.0.3.44:8443 (retries exhausted),,,d67c89951709e0a9,,ECONNRESET,10.0.3.44:8443
2026-07-02 23:11:54.000,ERROR,metrics-worker,28278,AnalyticsUploadTimeout: failed to push metrics batch to analytics.internal:9092 (attempt 2/3),,AnalyticsUploadTimeout,,,,
2026-07-02 23:12:02.380,ERROR,worker,28279,upstream call failed request_id=c5aa77e2850e6524 err=ECONNRESET upstream=10.0.3.44:8443 (retries exhausted),,,c5aa77e2850e6524,,ECONNRESET,10.0.3.44:8443
2026-07-02 23:12:12.114,ERROR,worker,28280,upstream call failed request_id=9db3f0db7ad9fd03 err=ECONNRESET upstream=10.0.3.44:8443 (retries exhausted),,,9db3f0db7ad9fd03,,ECONNRESET,10.0.3.44:8443
2026-07-02 23:13:30.000,ERROR,metrics-worker,28292,AnalyticsUploadTimeout: failed to push metrics batch to analytics.internal:9092 (attempt 1/3),,AnalyticsUploadTimeout,,,,
2026-07-02 23:13:35.657,ERROR,worker,28293,upstream call failed request_id=83c75edeb5420807 err=ECONNRESET upstream=10.0.3.44:8443 (retries exhausted),,,83c75edeb5420807,,ECONNRESET,10.0.3.44:8443
2026-07-02 23:14:25.357,ERROR,worker,28300,upstream call failed request_id=58ebd3554f56d706 err=ECONNRESET upstream=10.0.3.44:8443 (retries exhausted),,,58ebd3554f56d706,,ECONNRESET,10.0.3.44:8443
2026-07-02 23:15:02.238,ERROR,worker,28302,upstream call failed request_id=7886f45f1358529f err=ECONNRESET upstream=10.0.3.44:8443 (retries exhausted),,,7886f45f1358529f,,ECONNRESET,10.0.3.44:8443
2026-07-02 23:15:18.000,ERROR,metrics-worker,28304,AnalyticsUploadTimeout: failed to push metrics batch to analytics.internal:9092 (attempt 2/3),,AnalyticsUploadTimeout,,,,
2026-07-02 23:16:10.046,ERROR,worker,28308,upstream call failed request_id=c8feef8ba252cc43 err=ECONNRESET upstream=10.0.3.44:8443 (retries exhausted),,,c8feef8ba252cc43,,ECONNRESET,10.0.3.44:8443
2026-07-02 23:16:18.809,ERROR,worker,28312,upstream call failed request_id=7751c21dc368bf58 err=ECONNRESET upstream=10.0.3.44:8443 (retries exhausted),,,7751c21dc368bf58,,ECONNRESET,10.0.3.44:8443
2026-07-02 23:17:16.803,ERROR,worker,28324,upstream call failed request_id=abe6d81aff1b8f21 err=ECONNRESET upstream=10.0.3.44:8443 (retries exhausted),,,abe6d81aff1b8f21,,ECONNRESET,10.0.3.44:8443
2026-07-02 23:17:23.000,ERROR,metrics-worker,28326,AnalyticsUploadTimeout: failed to push metrics batch to analytics.internal:9092 (attempt 3/3),,AnalyticsUploadTimeout,,,,
2026-07-02 23:18:42.846,ERROR,worker,28335,upstream call failed request_id=a0e07cf1286d5fd3 err=ECONNRESET upstream=10.0.3.44:8443 (retries exhausted),,,a0e07cf1286d5fd3,,ECONNRESET,10.0.3.44:8443
2026-07-02 23:19:01.000,ERROR,metrics-worker,28338,AnalyticsUploadTimeout: failed to push metrics batch to analytics.internal:9092 (attempt 1/3),,AnalyticsUploadTimeout,,,,
2026-07-02 23:19:52.456,ERROR,worker,28346,upstream call failed request_id=52c1db730df1838e err=ECONNRESET upstream=10.0.3.44:8443 (retries exhausted),,,52c1db730df1838e,,ECONNRESET,10.0.3.44:8443
2026-07-02 23:20:22.000,ERROR,metrics-worker,28352,AnalyticsUploadTimeout: failed to push metrics batch to analytics.internal:9092 (attempt 3/3),,AnalyticsUploadTimeout,,,,
2026-07-02 23:21:28.780,ERROR,worker,28360,upstream call failed request_id=496b263b5aba41a3 err=ECONNRESET upstream=10.0.3.44:8443 (retries exhausted),,,496b263b5aba41a3,,ECONNRESET,10.0.3.44:8443
2026-07-02 23:21:50.102,ERROR,worker,28363,upstream call failed request_id=6342f4e35ac68e9e err=ECONNRESET upstream=10.0.3.44:8443 (retries exhausted),,,6342f4e35ac68e9e,,ECONNRESET,10.0.3.44:8443
2026-07-02 23:21:53.000,ERROR,metrics-worker,28365,AnalyticsUploadTimeout: failed to push metrics batch to analytics.internal:9092 (attempt 3/3),,AnalyticsUploadTimeout,,,,
2026-07-02 23:22:43.179,ERROR,worker,28371,upstream call failed request_id=32b8dbe7d1eef697 err=ECONNRESET upstream=10.0.3.44:8443 (retries exhausted),,,32b8dbe7d1eef697,,ECONNRESET,10.0.3.44:8443
2026-07-02 23:23:44.981,ERROR,worker,28382,upstream call failed request_id=650ab645177a9345 err=ECONNRESET upstream=10.0.3.44:8443 (retries exhausted),,,650ab645177a9345,,ECONNRESET,10.0.3.44:8443
2026-07-02 23:24:03.892,ERROR,worker,28385,upstream call failed request_id=e9929f6b27678c2c err=ECONNRESET upstream=10.0.3.44:8443 (retries exhausted),,,e9929f6b27678c2c,,ECONNRESET,10.0.3.44:8443
2026-07-02 23:24:12.000,ERROR,metrics-worker,28387,AnalyticsUploadTimeout: failed to push metrics batch to analytics.internal:9092 (attempt 3/3),,AnalyticsUploadTimeout,,,,
2026-07-02 23:24:13.536,ERROR,worker,28389,upstream call failed request_id=4efe8f8cf5ab4502 err=ECONNRESET upstream=10.0.3.44:8443 (retries exhausted),,,4efe8f8cf5ab4502,,ECONNRESET,10.0.3.44:8443
2026-07-02 23:24:14.394,ERROR,worker,28390,upstream call failed request_id=c69c1b5b4ab043b8 err=ECONNRESET upstream=10.0.3.44:8443 (retries exhausted),,,c69c1b5b4ab043b8,,ECONNRESET,10.0.3.44:8443
2026-07-02 23:24:19.259,ERROR,worker,28391,upstream call failed request_id=b2095b11e410d5a7 err=ECONNRESET upstream=10.0.3.44:8443 (retries exhausted),,,b2095b11e410d5a7,,ECONNRESET,10.0.3.44:8443
2026-07-02 23:26:30.457,ERROR,worker,28406,upstream call failed request_id=919833bdbfbca38a err=ECONNRESET upstream=10.0.3.44:8443 (retries exhausted),,,919833bdbfbca38a,,ECONNRESET,10.0.3.44:8443
2026-07-02 23:26:33.000,ERROR,metrics-worker,28407,AnalyticsUploadTimeout: failed to push metrics batch to analytics.internal:9092 (attempt 3/3),,AnalyticsUploadTimeout,,,,
2026-07-02 23:26:45.273,ERROR,worker,28409,upstream call failed request_id=4094fea9acd25a88 err=ECONNRESET upstream=10.0.3.44:8443 (retries exhausted),,,4094fea9acd25a88,,ECONNRESET,10.0.3.44:8443
2026-07-02 23:27:30.359,ERROR,worker,28419,upstream call failed request_id=b99a7dc74d79cba8 err=ECONNRESET upstream=10.0.3.44:8443 (retries exhausted),,,b99a7dc74d79cba8,,ECONNRESET,10.0.3.44:8443
2026-07-02 23:27:42.647,ERROR,worker,28423,upstream call failed request_id=106f4f44fc075056 err=ECONNRESET upstream=10.0.3.44:8443 (retries exhausted),,,106f4f44fc075056,,ECONNRESET,10.0.3.44:8443
2026-07-02 23:28:52.899,ERROR,worker,28428,upstream call failed request_id=8e0339ad53544c72 err=ECONNRESET upstream=10.0.3.44:8443 (retries exhausted),,,8e0339ad53544c72,,ECONNRESET,10.0.3.44:8443
2026-07-02 23:28:57.734,ERROR,worker,28429,upstream call failed request_id=dc2d8cad388f6e73 err=ECONNRESET upstream=10.0.3.44:8443 (retries exhausted),,,dc2d8cad388f6e73,,ECONNRESET,10.0.3.44:8443
2026-07-02 23:29:01.000,ERROR,metrics-worker,28431,AnalyticsUploadTimeout: failed to push metrics batch to analytics.internal:9092 (attempt 2/3),,AnalyticsUploadTimeout,,,,
2026-07-02 23:29:24.450,ERROR,worker,28433,upstream call failed request_id=4ebccf066d38be93 err=ECONNRESET upstream=10.0.3.44:8443 (retries exhausted),,,4ebccf066d38be93,,ECONNRESET,10.0.3.44:8443
2026-07-02 23:30:58.740,ERROR,worker,28446,upstream call failed request_id=01c5c9ff88d3568a err=ECONNRESET upstream=10.0.3.44:8443 (retries exhausted),,,01c5c9ff88d3568a,,ECONNRESET,10.0.3.44:8443
2026-07-02 23:31:01.808,ERROR,worker,28447,upstream call failed request_id=0d7ca8d0d891a351 err=ECONNRESET upstream=10.0.3.44:8443 (retries exhausted),,,0d7ca8d0d891a351,,ECONNRESET,10.0.3.44:8443
2026-07-02 23:31:30.000,ERROR,metrics-worker,28450,AnalyticsUploadTimeout: failed to push metrics batch to analytics.internal:9092 (attempt 2/3),,AnalyticsUploadTimeout,,,,
2026-07-02 23:31:50.474,ERROR,worker,28454,upstream call failed request_id=8f977c7891e15efa err=ECONNRESET upstream=10.0.3.44:8443 (retries exhausted),,,8f977c7891e15efa,,ECONNRESET,10.0.3.44:8443
2026-07-02 23:32:07.607,ERROR,worker,28457,upstream call failed request_id=164cf3eb24905c60 err=ECONNRESET upstream=10.0.3.44:8443 (retries exhausted),,,164cf3eb24905c60,,ECONNRESET,10.0.3.44:8443
2026-07-02 23:32:49.000,ERROR,metrics-worker,28464,AnalyticsUploadTimeout: failed to push metrics batch to analytics.internal:9092 (attempt 2/3),,AnalyticsUploadTimeout,,,,
2026-07-02 23:33:13.092,ERROR,worker,28468,upstream call failed request_id=c5079d01d54b22c2 err=ECONNRESET upstream=10.0.3.44:8443 (retries exhausted),,,c5079d01d54b22c2,,ECONNRESET,10.0.3.44:8443
2026-07-02 23:34:52.195,ERROR,worker,28484,upstream call failed request_id=9128883591e0484a err=ECONNRESET upstream=10.0.3.44:8443 (retries exhausted),,,9128883591e0484a,,ECONNRESET,10.0.3.44:8443
2026-07-02 23:35:13.000,ERROR,metrics-worker,28488,AnalyticsUploadTimeout: failed to push metrics batch to analytics.internal:9092 (attempt 3/3),,AnalyticsUploadTimeout,,,,
2026-07-02 23:37:04.000,ERROR,metrics-worker,28500,AnalyticsUploadTimeout: failed to push metrics batch to analytics.internal:9092 (attempt 2/3),,AnalyticsUploadTimeout,,,,
2026-07-02 23:39:01.363,ERROR,worker,28519,upstream call failed request_id=88227fe71dc2d3e7 err=ECONNRESET upstream=10.0.3.44:8443 (retries exhausted),,,88227fe71dc2d3e7,,ECONNRESET,10.0.3.44:8443
2026-07-02 23:39:27.000,ERROR,metrics-worker,28523,AnalyticsUploadTimeout: failed to push metrics batch to analytics.internal:9092 (attempt 2/3),,AnalyticsUploadTimeout,,,,
2026-07-02 23:40:37.755,ERROR,worker,28532,upstream call failed request_id=a4cba32ac23cd68f err=ECONNRESET upstream=10.0.3.44:8443 (retries exhausted),,,a4cba32ac23cd68f,,ECONNRESET,10.0.3.44:8443
2026-07-02 23:40:45.000,ERROR,metrics-worker,28533,AnalyticsUploadTimeout: failed to push metrics batch to analytics.internal:9092 (attempt 1/3),,AnalyticsUploadTimeout,,,,
2026-07-02 23:41:25.374,ERROR,worker,28537,upstream call failed request_id=e85d6b5cdeb2026e err=ECONNRESET upstream=10.0.3.44:8443 (retries exhausted),,,e85d6b5cdeb2026e,,ECONNRESET,10.0.3.44:8443
2026-07-02 23:41:46.308,ERROR,worker,28539,upstream call failed request_id=574de59dae9ec231 err=ECONNRESET upstream=10.0.3.44:8443 (retries exhausted),,,574de59dae9ec231,,ECONNRESET,10.0.3.44:8443
2026-07-02 23:42:03.000,ERROR,metrics-worker,28541,AnalyticsUploadTimeout: failed to push metrics batch to analytics.internal:9092 (attempt 3/3),,AnalyticsUploadTimeout,,,,
2026-07-02 23:43:41.034,ERROR,worker,28553,upstream call failed request_id=5d2d132d28f0fa8a err=ECONNRESET upstream=10.0.3.44:8443 (retries exhausted),,,5d2d132d28f0fa8a,,ECONNRESET,10.0.3.44:8443
2026-07-02 23:44:18.000,ERROR,metrics-worker,28559,AnalyticsUploadTimeout: failed to push metrics batch to analytics.internal:9092 (attempt 1/3),,AnalyticsUploadTimeout,,,,
2026-07-02 23:44:50.145,ERROR,worker,28562,upstream call failed request_id=ecae4a4f5202c2d5 err=ECONNRESET upstream=10.0.3.44:8443 (retries exhausted),,,ecae4a4f5202c2d5,,ECONNRESET,10.0.3.44:8443
2026-07-02 23:45:30.421,ERROR,worker,28570,upstream call failed request_id=453de5d96b799a5c err=ECONNRESET upstream=10.0.3.44:8443 (retries exhausted),,,453de5d96b799a5c,,ECONNRESET,10.0.3.44:8443
2026-07-02 23:45:37.000,ERROR,metrics-worker,28571,AnalyticsUploadTimeout: failed to push metrics batch to analytics.internal:9092 (attempt 2/3),,AnalyticsUploadTimeout,,,,
2026-07-02 23:46:23.162,ERROR,worker,28577,upstream call failed request_id=c8886dc77f2c0718 err=ECONNRESET upstream=10.0.3.44:8443 (retries exhausted),,,c8886dc77f2c0718,,ECONNRESET,10.0.3.44:8443
2026-07-02 23:47:23.437,ERROR,worker,28588,upstream call failed request_id=7a2269154964e52a err=ECONNRESET upstream=10.0.3.44:8443 (retries exhausted),,,7a2269154964e52a,,ECONNRESET,10.0.3.44:8443
2026-07-02 23:47:59.000,ERROR,metrics-worker,28593,AnalyticsUploadTimeout: failed to push metrics batch to analytics.internal:9092 (attempt 1/3),,AnalyticsUploadTimeout,,,,
2026-07-02 23:48:27.192,ERROR,worker,28597,upstream call failed request_id=f9671f43359b0e55 err=ECONNRESET upstream=10.0.3.44:8443 (retries exhausted),,,f9671f43359b0e55,,ECONNRESET,10.0.3.44:8443
2026-07-02 23:49:33.700,ERROR,worker,28603,upstream call failed request_id=bff3cc5325cd7e4e err=ECONNRESET upstream=10.0.3.44:8443 (retries exhausted),,,bff3cc5325cd7e4e,,ECONNRESET,10.0.3.44:8443
2026-07-02 23:50:02.000,ERROR,metrics-worker,28607,AnalyticsUploadTimeout: failed to push metrics batch to analytics.internal:9092 (attempt 3/3),,AnalyticsUploadTimeout,,,,
2026-07-02 23:51:07.002,ERROR,worker,28619,upstream call failed request_id=242f6ac9b3de9489 err=ECONNRESET upstream=10.0.3.44:8443 (retries exhausted),,,242f6ac9b3de9489,,ECONNRESET,10.0.3.44:8443
2026-07-02 23:52:19.000,ERROR,metrics-worker,28632,AnalyticsUploadTimeout: failed to push metrics batch to analytics.internal:9092 (attempt 2/3),,AnalyticsUploadTimeout,,,,
2026-07-02 23:52:52.374,ERROR,worker,28636,upstream call failed request_id=902d64af6f63bfbe err=ECONNRESET upstream=10.0.3.44:8443 (retries exhausted),,,902d64af6f63bfbe,,ECONNRESET,10.0.3.44:8443
2026-07-02 23:53:00.041,ERROR,worker,28638,upstream call failed request_id=7e50520e3da22d95 err=ECONNRESET upstream=10.0.3.44:8443 (retries exhausted),,,7e50520e3da22d95,,ECONNRESET,10.0.3.44:8443
2026-07-02 23:53:12.803,ERROR,worker,28641,upstream call failed request_id=dc457ba2f5b01e1b err=ECONNRESET upstream=10.0.3.44:8443 (retries exhausted),,,dc457ba2f5b01e1b,,ECONNRESET,10.0.3.44:8443
2026-07-02 23:53:57.000,ERROR,metrics-worker,28647,AnalyticsUploadTimeout: failed to push metrics batch to analytics.internal:9092 (attempt 2/3),,AnalyticsUploadTimeout,,,,
2026-07-02 23:54:38.384,ERROR,worker,28653,upstream call failed request_id=007022d44f47cf84 err=ECONNRESET upstream=10.0.3.44:8443 (retries exhausted),,,007022d44f47cf84,,ECONNRESET,10.0.3.44:8443
2026-07-02 23:55:04.601,ERROR,worker,28657,upstream call failed request_id=0d21b5c77223ee3a err=ECONNRESET upstream=10.0.3.44:8443 (retries exhausted),,,0d21b5c77223ee3a,,ECONNRESET,10.0.3.44:8443
2026-07-02 23:56:07.000,ERROR,metrics-worker,28668,AnalyticsUploadTimeout: failed to push metrics batch to analytics.internal:9092 (attempt 3/3),,AnalyticsUploadTimeout,,,,
2026-07-02 23:56:30.164,ERROR,worker,28674,upstream call failed request_id=17dbcf4f5bb0176c err=ECONNRESET upstream=10.0.3.44:8443 (retries exhausted),,,17dbcf4f5bb0176c,,ECONNRESET,10.0.3.44:8443
2026-07-02 23:57:00.422,ERROR,worker,28680,upstream call failed request_id=f9b7a236037fdaa4 err=ECONNRESET upstream=10.0.3.44:8443 (retries exhausted),,,f9b7a236037fdaa4,,ECONNRESET,10.0.3.44:8443
2026-07-02 23:57:37.000,ERROR,metrics-worker,28687,AnalyticsUploadTimeout: failed to push metrics batch to analytics.internal:9092 (attempt 1/3),,AnalyticsUploadTimeout,,,,
2026-07-02 23:57:42.418,ERROR,worker,28688,upstream call failed request_id=35ae78ca8251d82c err=ECONNRESET upstream=10.0.3.44:8443 (retries exhausted),,,35ae78ca8251d82c,,ECONNRESET,10.0.3.44:8443
2026-07-02 23:58:02.308,ERROR,worker,28691,upstream call failed request_id=7b996a6eac3dca52 err=ECONNRESET upstream=10.0.3.44:8443 (retries exhausted),,,7b996a6eac3dca52,,ECONNRESET,10.0.3.44:8443
2026-07-02 23:58:45.203,ERROR,worker,28698,upstream call failed request_id=82646d5b27a0ca30 err=ECONNRESET upstream=10.0.3.44:8443 (retries exhausted),,,82646d5b27a0ca30,,ECONNRESET,10.0.3.44:8443
2026-07-02 23:58:55.397,ERROR,worker,28700,upstream call failed request_id=cc4c2fd33747555a err=ECONNRESET upstream=10.0.3.44:8443 (retries exhausted),,,cc4c2fd33747555a,,ECONNRESET,10.0.3.44:8443
2026-07-02 23:59:12.946,ERROR,worker,28702,upstream call failed request_id=6265cc6aa7b11cc1 err=ECONNRESET upstream=10.0.3.44:8443 (retries exhausted),,,6265cc6aa7b11cc1,,ECONNRESET,10.0.3.44:8443
2026-07-02 23:59:26.163,ERROR,worker,28705,upstream call failed request_id=078394f9c1aeb9ba err=ECONNRESET upstream=10.0.3.44:8443 (retries exhausted),,,078394f9c1aeb9ba,,ECONNRESET,10.0.3.44:8443
2026-07-02 23:59:42.212,ERROR,worker,28707,upstream call failed request_id=27db1720324e628e err=ECONNRESET upstream=10.0.3.44:8443 (retries exhausted),,,27db1720324e628e,,ECONNRESET,10.0.3.44:8443
2026-07-02 23:59:54.084,ERROR,worker,28709,upstream call failed request_id=25e6a1ce0afeba6d err=ECONNRESET upstream=10.0.3.44:8443 (retries exhausted),,,25e6a1ce0afeba6d,,ECONNRESET,10.0.3.44:8443
2026-07-02 23:59:55.000,ERROR,metrics-worker,28710,AnalyticsUploadTimeout: failed to push metrics batch to analytics.internal:9092 (attempt 1/3),,AnalyticsUploadTimeout,,,,
